pair_index,c,d,shift,exposure_count,winner_count,winner_frequency_numerator,winner_frequency_denominator,winner_frequency_decimal,persistently_covered_class_count,classes_with_at_least_one_win,maximum_within_class_frequency_numerator,maximum_within_class_frequency_denominator,maximum_within_class_frequency_decimal
0,0,0,2,4671,994,994,4671,0.212802397773496039,0,84,17,56,0.303571428571428571
1,0,1,6,0,0,0,1,0.000000000000000000,84,0,0,1,0.000000000000000000
2,0,2,26,0,0,0,1,0.000000000000000000,84,0,0,1,0.000000000000000000
3,0,3,126,0,0,0,1,0.000000000000000000,84,0,0,1,0.000000000000000000
4,0,4,626,0,0,0,1,0.000000000000000000,84,0,0,1,0.000000000000000000
5,0,5,3126,4671,1238,1238,4671,0.265039606080068508,0,84,19,55,0.345454545454545455
6,0,6,15626,0,0,0,1,0.000000000000000000,84,0,0,1,0.000000000000000000
7,0,7,78126,4671,1209,403,1557,0.258831085420680796,0,84,5,14,0.357142857142857143
8,0,8,390626,0,0,0,1,0.000000000000000000,84,0,0,1,0.000000000000000000
9,0,9,1953126,0,0,0,1,0.000000000000000000,84,0,0,1,0.000000000000000000
10,0,10,9765626,0,0,0,1,0.000000000000000000,84,0,0,1,0.000000000000000000
11,0,11,48828126,0,0,0,1,0.000000000000000000,84,0,0,1,0.000000000000000000
12,0,12,244140626,4671,987,329,1557,0.211303789338471419,0,84,17,55,0.309090909090909091
13,0,13,1220703126,4671,1211,7,27,0.259259259259259259,0,84,3,8,0.375000000000000000
14,0,14,6103515626,0,0,0,1,0.000000000000000000,84,0,0,1,0.000000000000000000
15,0,15,30517578126,0,0,0,1,0.000000000000000000,84,0,0,1,0.000000000000000000
16,0,16,152587890626,0,0,0,1,0.000000000000000000,84,0,0,1,0.000000000000000000
17,1,0,4,4671,0,0,1,0.000000000000000000,0,0,0,1,0.000000000000000000
18,1,1,8,0,0,0,1,0.000000000000000000,84,0,0,1,0.000000000000000000
19,1,2,28,0,0,0,1,0.000000000000000000,84,0,0,1,0.000000000000000000
20,1,3,128,4671,1891,1891,4671,0.404838364375936630,0,84,15,28,0.535714285714285714
21,1,4,628,4671,0,0,1,0.000000000000000000,0,0,0,1,0.000000000000000000
22,1,5,3128,0,0,0,1,0.000000000000000000,84,0,0,1,0.000000000000000000
23,1,6,15628,4671,0,0,1,0.000000000000000000,0,0,0,1,0.000000000000000000
24,1,7,78128,0,0,0,1,0.000000000000000000,84,0,0,1,0.000000000000000000
25,1,8,390628,0,0,0,1,0.000000000000000000,84,0,0,1,0.000000000000000000
26,1,9,1953128,4671,1869,623,1557,0.400128452151573539,0,84,29,55,0.527272727272727273
27,1,10,9765628,4671,0,0,1,0.000000000000000000,0,0,0,1,0.000000000000000000
28,1,11,48828128,0,0,0,1,0.000000000000000000,84,0,0,1,0.000000000000000000
29,1,12,244140628,0,0,0,1,0.000000000000000000,84,0,0,1,0.000000000000000000
30,1,13,1220703128,0,0,0,1,0.000000000000000000,84,0,0,1,0.000000000000000000
31,1,14,6103515628,0,0,0,1,0.000000000000000000,84,0,0,1,0.000000000000000000
32,1,15,30517578128,4671,1880,1880,4671,0.402483408263755085,0,84,6,11,0.545454545454545455
33,1,16,152587890628,4671,0,0,1,0.000000000000000000,0,0,0,1,0.000000000000000000
34,2,0,10,4671,1242,46,173,0.265895953757225434,0,84,3,8,0.375000000000000000
35,2,1,14,0,0,0,1,0.000000000000000000,84,0,0,1,0.000000000000000000
36,2,2,34,4671,1319,1319,4671,0.282380646542496253,0,84,3,8,0.375000000000000000
37,2,3,134,0,0,0,1,0.000000000000000000,84,0,0,1,0.000000000000000000
38,2,4,634,4671,1306,1306,4671,0.279597516591736245,0,84,21,55,0.381818181818181818
39,2,5,3134,4671,984,328,1557,0.210661528580603725,0,84,19,56,0.339285714285714286
40,2,6,15634,0,0,0,1,0.000000000000000000,84,0,0,1,0.000000000000000000
41,2,7,78134,0,0,0,1,0.000000000000000000,84,0,0,1,0.000000000000000000
42,2,8,390634,4671,1295,1295,4671,0.277242560479554699,0,84,21,55,0.381818181818181818
43,2,9,1953134,0,0,0,1,0.000000000000000000,84,0,0,1,0.000000000000000000
44,2,10,9765634,4671,1317,439,1557,0.281952472703917791,0,84,11,28,0.392857142857142857
45,2,11,48828134,4671,998,998,4671,0.213658745450652965,0,84,17,56,0.303571428571428571
46,2,12,244140634,4671,1292,1292,4671,0.276600299721687005,0,84,4,11,0.363636363636363636
47,2,13,1220703134,0,0,0,1,0.000000000000000000,84,0,0,1,0.000000000000000000
48,2,14,6103515634,4671,1296,48,173,0.277456647398843931,0,84,11,28,0.392857142857142857
49,2,15,30517578134,0,0,0,1,0.000000000000000000,84,0,0,1,0.000000000000000000
50,2,16,152587890634,4671,1324,1324,4671,0.283451081138942411,0,84,4,11,0.363636363636363636
51,3,0,28,0,0,0,1,0.000000000000000000,84,0,0,1,0.000000000000000000
52,3,1,32,0,0,0,1,0.000000000000000000,84,0,0,1,0.000000000000000000
53,3,2,52,4671,0,0,1,0.000000000000000000,0,0,0,1,0.000000000000000000
54,3,3,152,0,0,0,1,0.000000000000000000,84,0,0,1,0.000000000000000000
55,3,4,652,4671,0,0,1,0.000000000000000000,0,0,0,1,0.000000000000000000
56,3,5,3152,0,0,0,1,0.000000000000000000,84,0,0,1,0.000000000000000000
57,3,6,15652,0,0,0,1,0.000000000000000000,84,0,0,1,0.000000000000000000
58,3,7,78152,0,0,0,1,0.000000000000000000,84,0,0,1,0.000000000000000000
59,3,8,390652,4671,0,0,1,0.000000000000000000,0,0,0,1,0.000000000000000000
60,3,9,1953152,0,0,0,1,0.000000000000000000,84,0,0,1,0.000000000000000000
61,3,10,9765652,0,0,0,1,0.000000000000000000,84,0,0,1,0.000000000000000000
62,3,11,48828152,4671,1911,637,1557,0.409120102761721259,0,84,28,55,0.509090909090909091
63,3,12,244140652,0,0,0,1,0.000000000000000000,84,0,0,1,0.000000000000000000
64,3,13,1220703152,0,0,0,1,0.000000000000000000,84,0,0,1,0.000000000000000000
65,3,14,6103515652,0,0,0,1,0.000000000000000000,84,0,0,1,0.000000000000000000
66,3,15,30517578152,0,0,0,1,0.000000000000000000,84,0,0,1,0.000000000000000000
67,3,16,152587890652,4671,0,0,1,0.000000000000000000,0,0,0,1,0.000000000000000000
68,4,0,82,4671,1243,1243,4671,0.266110040676514665,0,84,3,8,0.375000000000000000
69,4,1,86,0,0,0,1,0.000000000000000000,84,0,0,1,0.000000000000000000
70,4,2,106,4671,1225,1225,4671,0.262256476129308499,0,84,5,14,0.357142857142857143
71,4,3,206,0,0,0,1,0.000000000000000000,84,0,0,1,0.000000000000000000
72,4,4,706,4671,1218,406,1557,0.260757867694283879,0,84,19,55,0.345454545454545455
73,4,5,3206,0,0,0,1,0.000000000000000000,84,0,0,1,0.000000000000000000
74,4,6,15706,4671,1242,46,173,0.265895953757225434,0,84,11,28,0.392857142857142857
75,4,7,78206,0,0,0,1,0.000000000000000000,84,0,0,1,0.000000000000000000
76,4,8,390706,4671,1235,1235,4671,0.264397345322200814,0,84,3,8,0.375000000000000000
77,4,9,1953206,0,0,0,1,0.000000000000000000,84,0,0,1,0.000000000000000000
78,4,10,9765706,4671,1256,1256,4671,0.268893170627274674,0,84,4,11,0.363636363636363636
79,4,11,48828206,0,0,0,1,0.000000000000000000,84,0,0,1,0.000000000000000000
80,4,12,244140706,4671,1252,1252,4671,0.268036822950117748,0,84,21,55,0.381818181818181818
81,4,13,1220703206,0,0,0,1,0.000000000000000000,84,0,0,1,0.000000000000000000
82,4,14,6103515706,4671,1241,1241,4671,0.265681866837936202,0,84,23,55,0.418181818181818182
83,4,15,30517578206,0,0,0,1,0.000000000000000000,84,0,0,1,0.000000000000000000
84,4,16,152587890706,4671,1304,1304,4671,0.279169342753157782,0,84,3,8,0.375000000000000000
85,5,0,244,4671,0,0,1,0.000000000000000000,0,0,0,1,0.000000000000000000
86,5,1,248,0,0,0,1,0.000000000000000000,84,0,0,1,0.000000000000000000
87,5,2,268,4671,0,0,1,0.000000000000000000,0,0,0,1,0.000000000000000000
88,5,3,368,0,0,0,1,0.000000000000000000,84,0,0,1,0.000000000000000000
89,5,4,868,0,0,0,1,0.000000000000000000,84,0,0,1,0.000000000000000000
90,5,5,3368,4671,1857,619,1557,0.397559409120102762,0,84,29,56,0.517857142857142857
91,5,6,15868,0,0,0,1,0.000000000000000000,84,0,0,1,0.000000000000000000
92,5,7,78368,0,0,0,1,0.000000000000000000,84,0,0,1,0.000000000000000000
93,5,8,390868,4671,0,0,1,0.000000000000000000,0,0,0,1,0.000000000000000000
94,5,9,1953368,0,0,0,1,0.000000000000000000,84,0,0,1,0.000000000000000000
95,5,10,9765868,0,0,0,1,0.000000000000000000,84,0,0,1,0.000000000000000000
96,5,11,48828368,0,0,0,1,0.000000000000000000,84,0,0,1,0.000000000000000000
97,5,12,244140868,4671,0,0,1,0.000000000000000000,0,0,0,1,0.000000000000000000
98,5,13,1220703368,0,0,0,1,0.000000000000000000,84,0,0,1,0.000000000000000000
99,5,14,6103515868,4671,0,0,1,0.000000000000000000,0,0,0,1,0.000000000000000000
100,5,15,30517578368,0,0,0,1,0.000000000000000000,84,0,0,1,0.000000000000000000
101,5,16,152587890868,0,0,0,1,0.000000000000000000,84,0,0,1,0.000000000000000000
102,6,0,730,0,0,0,1,0.000000000000000000,84,0,0,1,0.000000000000000000
103,6,1,734,0,0,0,1,0.000000000000000000,84,0,0,1,0.000000000000000000
104,6,2,754,0,0,0,1,0.000000000000000000,84,0,0,1,0.000000000000000000
105,6,3,854,0,0,0,1,0.000000000000000000,84,0,0,1,0.000000000000000000
106,6,4,1354,4671,1278,142,519,0.273603082851637765,0,84,4,11,0.363636363636363636
107,6,5,3854,4671,994,994,4671,0.212802397773496039,0,84,18,55,0.327272727272727273
108,6,6,16354,4671,1314,146,519,0.281310211946050096,0,84,3,8,0.375000000000000000
109,6,7,78854,0,0,0,1,0.000000000000000000,84,0,0,1,0.000000000000000000
110,6,8,391354,4671,1323,49,173,0.283236994219653179,0,84,11,28,0.392857142857142857
111,6,9,1953854,0,0,0,1,0.000000000000000000,84,0,0,1,0.000000000000000000
112,6,10,9766354,4671,1276,1276,4671,0.273174909013059302,0,84,3,8,0.375000000000000000
113,6,11,48828854,4671,1008,112,519,0.215799614643545279,0,84,17,55,0.309090909090909091
114,6,12,244141354,0,0,0,1,0.000000000000000000,84,0,0,1,0.000000000000000000
115,6,13,1220703854,0,0,0,1,0.000000000000000000,84,0,0,1,0.000000000000000000
116,6,14,6103516354,4671,1319,1319,4671,0.282380646542496253,0,84,5,14,0.357142857142857143
117,6,15,30517578854,0,0,0,1,0.000000000000000000,84,0,0,1,0.000000000000000000
118,6,16,152587891354,4671,1343,1343,4671,0.287518732605437808,0,84,21,55,0.381818181818181818
119,7,0,2188,4671,0,0,1,0.000000000000000000,0,0,0,1,0.000000000000000000
120,7,1,2192,0,0,0,1,0.000000000000000000,84,0,0,1,0.000000000000000000
121,7,2,2212,4671,0,0,1,0.000000000000000000,0,0,0,1,0.000000000000000000
122,7,3,2312,0,0,0,1,0.000000000000000000,84,0,0,1,0.000000000000000000
123,7,4,2812,4671,0,0,1,0.000000000000000000,0,0,0,1,0.000000000000000000
124,7,5,5312,4671,1872,208,519,0.400770712909441233,0,84,29,56,0.517857142857142857
125,7,6,17812,4671,0,0,1,0.000000000000000000,0,0,0,1,0.000000000000000000
126,7,7,80312,0,0,0,1,0.000000000000000000,84,0,0,1,0.000000000000000000
127,7,8,392812,0,0,0,1,0.000000000000000000,84,0,0,1,0.000000000000000000
128,7,9,1955312,0,0,0,1,0.000000000000000000,84,0,0,1,0.000000000000000000
129,7,10,9767812,4671,0,0,1,0.000000000000000000,0,0,0,1,0.000000000000000000
130,7,11,48830312,4671,1896,632,1557,0.405908798972382787,0,84,1,2,0.500000000000000000
131,7,12,244142812,4671,0,0,1,0.000000000000000000,0,0,0,1,0.000000000000000000
132,7,13,1220705312,0,0,0,1,0.000000000000000000,84,0,0,1,0.000000000000000000
133,7,14,6103517812,0,0,0,1,0.000000000000000000,84,0,0,1,0.000000000000000000
134,7,15,30517580312,0,0,0,1,0.000000000000000000,84,0,0,1,0.000000000000000000
135,7,16,152587892812,4671,0,0,1,0.000000000000000000,0,0,0,1,0.000000000000000000
136,8,0,6562,0,0,0,1,0.000000000000000000,84,0,0,1,0.000000000000000000
137,8,1,6566,0,0,0,1,0.000000000000000000,84,0,0,1,0.000000000000000000
138,8,2,6586,4671,1275,425,1557,0.272960822093770071,0,84,11,28,0.392857142857142857
139,8,3,6686,0,0,0,1,0.000000000000000000,84,0,0,1,0.000000000000000000
140,8,4,7186,4671,1266,422,1557,0.271034039820166988,0,84,21,55,0.381818181818181818
141,8,5,9686,0,0,0,1,0.000000000000000000,84,0,0,1,0.000000000000000000
142,8,6,22186,4671,1267,1267,4671,0.271248126739456219,0,84,23,55,0.418181818181818182
143,8,7,84686,0,0,0,1,0.000000000000000000,84,0,0,1,0.000000000000000000
144,8,8,397186,4671,1254,418,1557,0.268464996788696211,0,84,11,28,0.392857142857142857
145,8,9,1959686,0,0,0,1,0.000000000000000000,84,0,0,1,0.000000000000000000
146,8,10,9772186,0,0,0,1,0.000000000000000000,84,0,0,1,0.000000000000000000
147,8,11,48834686,4671,957,319,1557,0.204881181759794477,0,84,16,55,0.290909090909090909
148,8,12,244147186,4671,1210,1210,4671,0.259045172339970028,0,84,4,11,0.363636363636363636
149,8,13,1220709686,0,0,0,1,0.000000000000000000,84,0,0,1,0.000000000000000000
150,8,14,6103522186,4671,1246,1246,4671,0.266752301434382359,0,84,4,11,0.363636363636363636
151,8,15,30517584686,0,0,0,1,0.000000000000000000,84,0,0,1,0.000000000000000000
152,8,16,152587897186,4671,1272,424,1557,0.272318561335902376,0,84,21,55,0.381818181818181818
153,9,0,19684,0,0,0,1,0.000000000000000000,84,0,0,1,0.000000000000000000
154,9,1,19688,0,0,0,1,0.000000000000000000,84,0,0,1,0.000000000000000000
155,9,2,19708,4671,0,0,1,0.000000000000000000,0,0,0,1,0.000000000000000000
156,9,3,19808,0,0,0,1,0.000000000000000000,84,0,0,1,0.000000000000000000
157,9,4,20308,4671,0,0,1,0.000000000000000000,0,0,0,1,0.000000000000000000
158,9,5,22808,4671,1883,1883,4671,0.403125669021622779,0,84,15,28,0.535714285714285714
159,9,6,35308,0,0,0,1,0.000000000000000000,84,0,0,1,0.000000000000000000
160,9,7,97808,0,0,0,1,0.000000000000000000,84,0,0,1,0.000000000000000000
161,9,8,410308,4671,0,0,1,0.000000000000000000,0,0,0,1,0.000000000000000000
162,9,9,1972808,0,0,0,1,0.000000000000000000,84,0,0,1,0.000000000000000000
163,9,10,9785308,4671,0,0,1,0.000000000000000000,0,0,0,1,0.000000000000000000
164,9,11,48847808,0,0,0,1,0.000000000000000000,84,0,0,1,0.000000000000000000
165,9,12,244160308,0,0,0,1,0.000000000000000000,84,0,0,1,0.000000000000000000
166,9,13,1220722808,0,0,0,1,0.000000000000000000,84,0,0,1,0.000000000000000000
167,9,14,6103535308,4671,0,0,1,0.000000000000000000,0,0,0,1,0.000000000000000000
168,9,15,30517597808,0,0,0,1,0.000000000000000000,84,0,0,1,0.000000000000000000
169,9,16,152587910308,4671,0,0,1,0.000000000000000000,0,0,0,1,0.000000000000000000
170,10,0,59050,4671,1224,136,519,0.262042389210019268,0,84,5,14,0.357142857142857143
171,10,1,59054,0,0,0,1,0.000000000000000000,84,0,0,1,0.000000000000000000
172,10,2,59074,4671,1294,1294,4671,0.277028473560265468,0,84,11,28,0.392857142857142857
173,10,3,59174,0,0,0,1,0.000000000000000000,84,0,0,1,0.000000000000000000
174,10,4,59674,4671,1324,1324,4671,0.283451081138942411,0,84,3,8,0.375000000000000000
175,10,5,62174,0,0,0,1,0.000000000000000000,84,0,0,1,0.000000000000000000
176,10,6,74674,0,0,0,1,0.000000000000000000,84,0,0,1,0.000000000000000000
177,10,7,137174,0,0,0,1,0.000000000000000000,84,0,0,1,0.000000000000000000
178,10,8,449674,4671,1292,1292,4671,0.276600299721687005,0,84,3,8,0.375000000000000000
179,10,9,2012174,0,0,0,1,0.000000000000000000,84,0,0,1,0.000000000000000000
180,10,10,9824674,0,0,0,1,0.000000000000000000,84,0,0,1,0.000000000000000000
181,10,11,48887174,0,0,0,1,0.000000000000000000,84,0,0,1,0.000000000000000000
182,10,12,244199674,4671,1287,143,519,0.275529865125240848,0,84,11,28,0.392857142857142857
183,10,13,1220762174,0,0,0,1,0.000000000000000000,84,0,0,1,0.000000000000000000
184,10,14,6103574674,4671,1321,1321,4671,0.282808820381074716,0,84,11,28,0.392857142857142857
185,10,15,30517637174,0,0,0,1,0.000000000000000000,84,0,0,1,0.000000000000000000
186,10,16,152587949674,0,0,0,1,0.000000000000000000,84,0,0,1,0.000000000000000000
187,11,0,177148,4671,0,0,1,0.000000000000000000,0,0,0,1,0.000000000000000000
188,11,1,177152,0,0,0,1,0.000000000000000000,84,0,0,1,0.000000000000000000
189,11,2,177172,0,0,0,1,0.000000000000000000,84,0,0,1,0.000000000000000000
190,11,3,177272,0,0,0,1,0.000000000000000000,84,0,0,1,0.000000000000000000
191,11,4,177772,0,0,0,1,0.000000000000000000,84,0,0,1,0.000000000000000000
192,11,5,180272,4671,1914,638,1557,0.409762363519588953,0,84,29,56,0.517857142857142857
193,11,6,192772,4671,0,0,1,0.000000000000000000,0,0,0,1,0.000000000000000000
194,11,7,255272,0,0,0,1,0.000000000000000000,84,0,0,1,0.000000000000000000
195,11,8,567772,0,0,0,1,0.000000000000000000,84,0,0,1,0.000000000000000000
196,11,9,2130272,0,0,0,1,0.000000000000000000,84,0,0,1,0.000000000000000000
197,11,10,9942772,0,0,0,1,0.000000000000000000,84,0,0,1,0.000000000000000000
198,11,11,49005272,4671,1872,208,519,0.400770712909441233,0,84,29,56,0.517857142857142857
199,11,12,244317772,0,0,0,1,0.000000000000000000,84,0,0,1,0.000000000000000000
200,11,13,1220880272,0,0,0,1,0.000000000000000000,84,0,0,1,0.000000000000000000
201,11,14,6103692772,4671,0,0,1,0.000000000000000000,0,0,0,1,0.000000000000000000
202,11,15,30517755272,0,0,0,1,0.000000000000000000,84,0,0,1,0.000000000000000000
203,11,16,152588067772,0,0,0,1,0.000000000000000000,84,0,0,1,0.000000000000000000
204,12,0,531442,4671,1244,1244,4671,0.266324127595803896,0,84,3,8,0.375000000000000000
205,12,1,531446,0,0,0,1,0.000000000000000000,84,0,0,1,0.000000000000000000
206,12,2,531466,4671,1233,137,519,0.263969171483622351,0,84,3,8,0.375000000000000000
207,12,3,531566,0,0,0,1,0.000000000000000000,84,0,0,1,0.000000000000000000
208,12,4,532066,4671,1234,1234,4671,0.264183258402911582,0,84,19,55,0.345454545454545455
209,12,5,534566,4671,946,946,4671,0.202526225647612931,0,84,17,56,0.303571428571428571
210,12,6,547066,4671,1266,422,1557,0.271034039820166988,0,84,3,8,0.375000000000000000
211,12,7,609566,0,0,0,1,0.000000000000000000,84,0,0,1,0.000000000000000000
212,12,8,922066,4671,1227,409,1557,0.262684649967886962,0,84,11,28,0.392857142857142857
213,12,9,2484566,0,0,0,1,0.000000000000000000,84,0,0,1,0.000000000000000000
214,12,10,10297066,4671,1238,1238,4671,0.265039606080068508,0,84,5,14,0.357142857142857143
215,12,11,49359566,4671,940,940,4671,0.201241704131877542,0,84,9,28,0.321428571428571429
216,12,12,244672066,4671,1248,416,1557,0.267180475272960822,0,84,4,11,0.363636363636363636
217,12,13,1221234566,0,0,0,1,0.000000000000000000,84,0,0,1,0.000000000000000000
218,12,14,6104047066,4671,1245,415,1557,0.266538214515093128,0,84,23,56,0.410714285714285714
219,12,15,30518109566,0,0,0,1,0.000000000000000000,84,0,0,1,0.000000000000000000
220,12,16,152588422066,4671,1325,1325,4671,0.283665168058231642,0,84,11,28,0.392857142857142857
221,13,0,1594324,0,0,0,1,0.000000000000000000,84,0,0,1,0.000000000000000000
222,13,1,1594328,0,0,0,1,0.000000000000000000,84,0,0,1,0.000000000000000000
223,13,2,1594348,0,0,0,1,0.000000000000000000,84,0,0,1,0.000000000000000000
224,13,3,1594448,0,0,0,1,0.000000000000000000,84,0,0,1,0.000000000000000000
225,13,4,1594948,4671,0,0,1,0.000000000000000000,0,0,0,1,0.000000000000000000
226,13,5,1597448,0,0,0,1,0.000000000000000000,84,0,0,1,0.000000000000000000
227,13,6,1609948,0,0,0,1,0.000000000000000000,84,0,0,1,0.000000000000000000
228,13,7,1672448,0,0,0,1,0.000000000000000000,84,0,0,1,0.000000000000000000
229,13,8,1984948,4671,0,0,1,0.000000000000000000,0,0,0,1,0.000000000000000000
230,13,9,3547448,0,0,0,1,0.000000000000000000,84,0,0,1,0.000000000000000000
231,13,10,11359948,0,0,0,1,0.000000000000000000,84,0,0,1,0.000000000000000000
232,13,11,50422448,4671,1853,1853,4671,0.396703061442945836,0,84,29,56,0.517857142857142857
233,13,12,245734948,4671,0,0,1,0.000000000000000000,0,0,0,1,0.000000000000000000
234,13,13,1222297448,0,0,0,1,0.000000000000000000,84,0,0,1,0.000000000000000000
235,13,14,6105109948,0,0,0,1,0.000000000000000000,84,0,0,1,0.000000000000000000
236,13,15,30519172448,0,0,0,1,0.000000000000000000,84,0,0,1,0.000000000000000000
237,13,16,152589484948,4671,0,0,1,0.000000000000000000,0,0,0,1,0.000000000000000000
238,14,0,4782970,4671,1290,430,1557,0.276172125883108542,0,84,3,8,0.375000000000000000
239,14,1,4782974,0,0,0,1,0.000000000000000000,84,0,0,1,0.000000000000000000
240,14,2,4782994,4671,1293,431,1557,0.276814386640976236,0,84,4,11,0.363636363636363636
241,14,3,4783094,0,0,0,1,0.000000000000000000,84,0,0,1,0.000000000000000000
242,14,4,4783594,4671,1304,1304,4671,0.279169342753157782,0,84,3,8,0.375000000000000000
243,14,5,4786094,4671,990,110,519,0.211946050096339114,0,84,17,55,0.309090909090909091
244,14,6,4798594,4671,1314,146,519,0.281310211946050096,0,84,11,28,0.392857142857142857
245,14,7,4861094,0,0,0,1,0.000000000000000000,84,0,0,1,0.000000000000000000
246,14,8,5173594,4671,1316,1316,4671,0.281738385784628559,0,84,21,55,0.381818181818181818
247,14,9,6736094,0,0,0,1,0.000000000000000000,84,0,0,1,0.000000000000000000
248,14,10,14548594,4671,1306,1306,4671,0.279597516591736245,0,84,23,55,0.418181818181818182
249,14,11,53611094,4671,992,992,4671,0.212374223934917577,0,84,19,56,0.339285714285714286
250,14,12,248923594,4671,1283,1283,4671,0.274673517448083922,0,84,21,55,0.381818181818181818
251,14,13,1225486094,0,0,0,1,0.000000000000000000,84,0,0,1,0.000000000000000000
252,14,14,6108298594,0,0,0,1,0.000000000000000000,84,0,0,1,0.000000000000000000
253,14,15,30522361094,0,0,0,1,0.000000000000000000,84,0,0,1,0.000000000000000000
254,14,16,152592673594,4671,1355,1355,4671,0.290087775636908585,0,84,23,55,0.418181818181818182
255,15,0,14348908,0,0,0,1,0.000000000000000000,84,0,0,1,0.000000000000000000
256,15,1,14348912,0,0,0,1,0.000000000000000000,84,0,0,1,0.000000000000000000
257,15,2,14348932,4671,0,0,1,0.000000000000000000,0,0,0,1,0.000000000000000000
258,15,3,14349032,0,0,0,1,0.000000000000000000,84,0,0,1,0.000000000000000000
259,15,4,14349532,4671,0,0,1,0.000000000000000000,0,0,0,1,0.000000000000000000
260,15,5,14352032,4671,1881,209,519,0.402697495183044316,0,84,4,7,0.571428571428571429
261,15,6,14364532,0,0,0,1,0.000000000000000000,84,0,0,1,0.000000000000000000
262,15,7,14427032,0,0,0,1,0.000000000000000000,84,0,0,1,0.000000000000000000
263,15,8,14739532,4671,0,0,1,0.000000000000000000,0,0,0,1,0.000000000000000000
264,15,9,16302032,0,0,0,1,0.000000000000000000,84,0,0,1,0.000000000000000000
265,15,10,24114532,4671,0,0,1,0.000000000000000000,0,0,0,1,0.000000000000000000
266,15,11,63177032,0,0,0,1,0.000000000000000000,84,0,0,1,0.000000000000000000
267,15,12,258489532,0,0,0,1,0.000000000000000000,84,0,0,1,0.000000000000000000
268,15,13,1235052032,0,0,0,1,0.000000000000000000,84,0,0,1,0.000000000000000000
269,15,14,6117864532,4671,0,0,1,0.000000000000000000,0,0,0,1,0.000000000000000000
270,15,15,30531927032,0,0,0,1,0.000000000000000000,84,0,0,1,0.000000000000000000
271,15,16,152602239532,0,0,0,1,0.000000000000000000,84,0,0,1,0.000000000000000000
272,16,0,43046722,4671,1240,1240,4671,0.265467779918646971,0,84,4,11,0.363636363636363636
273,16,1,43046726,0,0,0,1,0.000000000000000000,84,0,0,1,0.000000000000000000
274,16,2,43046746,0,0,0,1,0.000000000000000000,84,0,0,1,0.000000000000000000
275,16,3,43046846,0,0,0,1,0.000000000000000000,84,0,0,1,0.000000000000000000
276,16,4,43047346,0,0,0,1,0.000000000000000000,84,0,0,1,0.000000000000000000
277,16,5,43049846,0,0,0,1,0.000000000000000000,84,0,0,1,0.000000000000000000
278,16,6,43062346,4671,1229,1229,4671,0.263112823806465425,0,84,4,11,0.363636363636363636
279,16,7,43124846,0,0,0,1,0.000000000000000000,84,0,0,1,0.000000000000000000
280,16,8,43437346,4671,1228,1228,4671,0.262898736887176194,0,84,3,8,0.375000000000000000
281,16,9,44999846,0,0,0,1,0.000000000000000000,84,0,0,1,0.000000000000000000
282,16,10,52812346,4671,1256,1256,4671,0.268893170627274674,0,84,23,56,0.410714285714285714
283,16,11,91874846,0,0,0,1,0.000000000000000000,84,0,0,1,0.000000000000000000
284,16,12,287187346,0,0,0,1,0.000000000000000000,84,0,0,1,0.000000000000000000
285,16,13,1263749846,0,0,0,1,0.000000000000000000,84,0,0,1,0.000000000000000000
286,16,14,6146562346,4671,1257,419,1557,0.269107257546563905,0,84,5,14,0.357142857142857143
287,16,15,30560624846,0,0,0,1,0.000000000000000000,84,0,0,1,0.000000000000000000
288,16,16,152630937346,4671,1276,1276,4671,0.273174909013059302,0,84,21,55,0.381818181818181818
289,17,0,129140164,0,0,0,1,0.000000000000000000,84,0,0,1,0.000000000000000000
290,17,1,129140168,0,0,0,1,0.000000000000000000,84,0,0,1,0.000000000000000000
291,17,2,129140188,4671,0,0,1,0.000000000000000000,0,0,0,1,0.000000000000000000
292,17,3,129140288,0,0,0,1,0.000000000000000000,84,0,0,1,0.000000000000000000
293,17,4,129140788,0,0,0,1,0.000000000000000000,84,0,0,1,0.000000000000000000
294,17,5,129143288,4671,1872,208,519,0.400770712909441233,0,84,6,11,0.545454545454545455
295,17,6,129155788,4671,0,0,1,0.000000000000000000,0,0,0,1,0.000000000000000000
296,17,7,129218288,0,0,0,1,0.000000000000000000,84,0,0,1,0.000000000000000000
297,17,8,129530788,4671,0,0,1,0.000000000000000000,0,0,0,1,0.000000000000000000
298,17,9,131093288,0,0,0,1,0.000000000000000000,84,0,0,1,0.000000000000000000
299,17,10,138905788,0,0,0,1,0.000000000000000000,84,0,0,1,0.000000000000000000
300,17,11,177968288,4671,1854,206,519,0.396917148362235067,0,84,29,55,0.527272727272727273
301,17,12,373280788,4671,0,0,1,0.000000000000000000,0,0,0,1,0.000000000000000000
302,17,13,1349843288,0,0,0,1,0.000000000000000000,84,0,0,1,0.000000000000000000
303,17,14,6232655788,4671,0,0,1,0.000000000000000000,0,0,0,1,0.000000000000000000
304,17,15,30646718288,0,0,0,1,0.000000000000000000,84,0,0,1,0.000000000000000000
305,17,16,152717030788,0,0,0,1,0.000000000000000000,84,0,0,1,0.000000000000000000
306,18,0,387420490,0,0,0,1,0.000000000000000000,84,0,0,1,0.000000000000000000
307,18,1,387420494,0,0,0,1,0.000000000000000000,84,0,0,1,0.000000000000000000
308,18,2,387420514,4671,1306,1306,4671,0.279597516591736245,0,84,23,55,0.418181818181818182
309,18,3,387420614,0,0,0,1,0.000000000000000000,84,0,0,1,0.000000000000000000
310,18,4,387421114,4671,1315,1315,4671,0.281524298865339328,0,84,21,55,0.381818181818181818
311,18,5,387423614,0,0,0,1,0.000000000000000000,84,0,0,1,0.000000000000000000
312,18,6,387436114,4671,1285,1285,4671,0.275101691286662385,0,84,21,55,0.381818181818181818
313,18,7,387498614,0,0,0,1,0.000000000000000000,84,0,0,1,0.000000000000000000
314,18,8,387811114,4671,1275,425,1557,0.272960822093770071,0,84,21,55,0.381818181818181818
315,18,9,389373614,0,0,0,1,0.000000000000000000,84,0,0,1,0.000000000000000000
316,18,10,397186114,0,0,0,1,0.000000000000000000,84,0,0,1,0.000000000000000000
317,18,11,436248614,4671,974,974,4671,0.208520659387711411,0,84,16,55,0.290909090909090909
318,18,12,631561114,4671,1319,1319,4671,0.282380646542496253,0,84,11,28,0.392857142857142857
319,18,13,1608123614,0,0,0,1,0.000000000000000000,84,0,0,1,0.000000000000000000
320,18,14,6490936114,4671,1321,1321,4671,0.282808820381074716,0,84,2,5,0.400000000000000000
321,18,15,30904998614,0,0,0,1,0.000000000000000000,84,0,0,1,0.000000000000000000
322,18,16,152975311114,4671,1334,1334,4671,0.285591950331834725,0,84,11,28,0.392857142857142857
323,19,0,1162261468,4671,0,0,1,0.000000000000000000,0,0,0,1,0.000000000000000000
324,19,1,1162261472,0,0,0,1,0.000000000000000000,84,0,0,1,0.000000000000000000
325,19,2,1162261492,0,0,0,1,0.000000000000000000,84,0,0,1,0.000000000000000000
326,19,3,1162261592,0,0,0,1,0.000000000000000000,84,0,0,1,0.000000000000000000
327,19,4,1162262092,4671,0,0,1,0.000000000000000000,0,0,0,1,0.000000000000000000
328,19,5,1162264592,4671,1878,626,1557,0.402055234425176622,0,84,29,56,0.517857142857142857
329,19,6,1162277092,4671,0,0,1,0.000000000000000000,0,0,0,1,0.000000000000000000
330,19,7,1162339592,0,0,0,1,0.000000000000000000,84,0,0,1,0.000000000000000000
331,19,8,1162652092,0,0,0,1,0.000000000000000000,84,0,0,1,0.000000000000000000
332,19,9,1164214592,0,0,0,1,0.000000000000000000,84,0,0,1,0.000000000000000000
333,19,10,1172027092,4671,0,0,1,0.000000000000000000,0,0,0,1,0.000000000000000000
334,19,11,1211089592,4671,1892,1892,4671,0.405052451295225862,0,84,29,56,0.517857142857142857
335,19,12,1406402092,4671,0,0,1,0.000000000000000000,0,0,0,1,0.000000000000000000
336,19,13,2382964592,0,0,0,1,0.000000000000000000,84,0,0,1,0.000000000000000000
337,19,14,7265777092,4671,0,0,1,0.000000000000000000,0,0,0,1,0.000000000000000000
338,19,15,31679839592,0,0,0,1,0.000000000000000000,84,0,0,1,0.000000000000000000
339,19,16,153750152092,4671,0,0,1,0.000000000000000000,0,0,0,1,0.000000000000000000
340,20,0,3486784402,4671,1258,1258,4671,0.269321344465853136,0,84,5,14,0.357142857142857143
341,20,1,3486784406,0,0,0,1,0.000000000000000000,84,0,0,1,0.000000000000000000
342,20,2,3486784426,4671,1228,1228,4671,0.262898736887176194,0,84,19,55,0.345454545454545455
343,20,3,3486784526,0,0,0,1,0.000000000000000000,84,0,0,1,0.000000000000000000
344,20,4,3486785026,4671,1269,47,173,0.271676300578034682,0,84,3,8,0.375000000000000000
345,20,5,3486787526,4671,963,107,519,0.206165703275529865,0,84,17,56,0.303571428571428571
346,20,6,3486800026,0,0,0,1,0.000000000000000000,84,0,0,1,0.000000000000000000
347,20,7,3486862526,0,0,0,1,0.000000000000000000,84,0,0,1,0.000000000000000000
348,20,8,3487175026,4671,1255,1255,4671,0.268679083707985442,0,84,23,55,0.418181818181818182
349,20,9,3488737526,0,0,0,1,0.000000000000000000,84,0,0,1,0.000000000000000000
350,20,10,3496550026,4671,1253,1253,4671,0.268250909869406979,0,84,21,55,0.381818181818181818
351,20,11,3535612526,0,0,0,1,0.000000000000000000,84,0,0,1,0.000000000000000000
352,20,12,3730925026,4671,1255,1255,4671,0.268679083707985442,0,84,11,28,0.392857142857142857
353,20,13,4707487526,0,0,0,1,0.000000000000000000,84,0,0,1,0.000000000000000000
354,20,14,9590300026,4671,1239,413,1557,0.265253692999357739,0,84,5,14,0.357142857142857143
355,20,15,34004362526,0,0,0,1,0.000000000000000000,84,0,0,1,0.000000000000000000
356,20,16,156074675026,0,0,0,1,0.000000000000000000,84,0,0,1,0.000000000000000000
357,21,0,10460353204,0,0,0,1,0.000000000000000000,84,0,0,1,0.000000000000000000
358,21,1,10460353208,0,0,0,1,0.000000000000000000,84,0,0,1,0.000000000000000000
359,21,2,10460353228,0,0,0,1,0.000000000000000000,84,0,0,1,0.000000000000000000
360,21,3,10460353328,0,0,0,1,0.000000000000000000,84,0,0,1,0.000000000000000000
361,21,4,10460353828,4671,0,0,1,0.000000000000000000,0,0,0,1,0.000000000000000000
362,21,5,10460356328,4671,1894,1894,4671,0.405480625133804325,0,84,29,56,0.517857142857142857
363,21,6,10460368828,0,0,0,1,0.000000000000000000,84,0,0,1,0.000000000000000000
364,21,7,10460431328,0,0,0,1,0.000000000000000000,84,0,0,1,0.000000000000000000
365,21,8,10460743828,4671,0,0,1,0.000000000000000000,0,0,0,1,0.000000000000000000
366,21,9,10462306328,0,0,0,1,0.000000000000000000,84,0,0,1,0.000000000000000000
367,21,10,10470118828,0,0,0,1,0.000000000000000000,84,0,0,1,0.000000000000000000
368,21,11,10509181328,4671,1898,1898,4671,0.406336972810961250,0,84,28,55,0.509090909090909091
369,21,12,10704493828,0,0,0,1,0.000000000000000000,84,0,0,1,0.000000000000000000
370,21,13,11681056328,0,0,0,1,0.000000000000000000,84,0,0,1,0.000000000000000000
371,21,14,16563868828,4671,0,0,1,0.000000000000000000,0,0,0,1,0.000000000000000000
372,21,15,40977931328,0,0,0,1,0.000000000000000000,84,0,0,1,0.000000000000000000
373,21,16,163048243828,4671,0,0,1,0.000000000000000000,0,0,0,1,0.000000000000000000
374,22,0,31381059610,4671,1238,1238,4671,0.265039606080068508,0,84,4,11,0.363636363636363636
375,22,1,31381059614,0,0,0,1,0.000000000000000000,84,0,0,1,0.000000000000000000
376,22,2,31381059634,4671,1305,145,519,0.279383429672447013,0,84,3,8,0.375000000000000000
377,22,3,31381059734,0,0,0,1,0.000000000000000000,84,0,0,1,0.000000000000000000
378,22,4,31381060234,4671,1305,145,519,0.279383429672447013,0,84,23,55,0.418181818181818182
379,22,5,31381062734,0,0,0,1,0.000000000000000000,84,0,0,1,0.000000000000000000
380,22,6,31381075234,4671,1283,1283,4671,0.274673517448083922,0,84,21,55,0.381818181818181818
381,22,7,31381137734,0,0,0,1,0.000000000000000000,84,0,0,1,0.000000000000000000
382,22,8,31381450234,0,0,0,1,0.000000000000000000,84,0,0,1,0.000000000000000000
383,22,9,31383012734,0,0,0,1,0.000000000000000000,84,0,0,1,0.000000000000000000
384,22,10,31390825234,4671,1294,1294,4671,0.277028473560265468,0,84,2,5,0.400000000000000000
385,22,11,31429887734,0,0,0,1,0.000000000000000000,84,0,0,1,0.000000000000000000
386,22,12,31625200234,4671,1299,433,1557,0.278098908156711625,0,84,4,11,0.363636363636363636
387,22,13,32601762734,0,0,0,1,0.000000000000000000,84,0,0,1,0.000000000000000000
388,22,14,37484575234,4671,1314,146,519,0.281310211946050096,0,84,11,28,0.392857142857142857
389,22,15,61898637734,0,0,0,1,0.000000000000000000,84,0,0,1,0.000000000000000000
390,22,16,183968950234,4671,1366,1366,4671,0.292442731749090131,0,84,11,28,0.392857142857142857
391,23,0,94143178828,0,0,0,1,0.000000000000000000,84,0,0,1,0.000000000000000000
392,23,1,94143178832,0,0,0,1,0.000000000000000000,84,0,0,1,0.000000000000000000
393,23,2,94143178852,4671,0,0,1,0.000000000000000000,0,0,0,1,0.000000000000000000
394,23,3,94143178952,0,0,0,1,0.000000000000000000,84,0,0,1,0.000000000000000000
395,23,4,94143179452,0,0,0,1,0.000000000000000000,84,0,0,1,0.000000000000000000
396,23,5,94143181952,0,0,0,1,0.000000000000000000,84,0,0,1,0.000000000000000000
397,23,6,94143194452,4671,0,0,1,0.000000000000000000,0,0,0,1,0.000000000000000000
398,23,7,94143256952,0,0,0,1,0.000000000000000000,84,0,0,1,0.000000000000000000
399,23,8,94143569452,4671,0,0,1,0.000000000000000000,0,0,0,1,0.000000000000000000
400,23,9,94145131952,0,0,0,1,0.000000000000000000,84,0,0,1,0.000000000000000000
401,23,10,94152944452,0,0,0,1,0.000000000000000000,84,0,0,1,0.000000000000000000
402,23,11,94192006952,4671,1919,1919,4671,0.410832798116035110,0,84,15,28,0.535714285714285714
403,23,12,94387319452,4671,0,0,1,0.000000000000000000,0,0,0,1,0.000000000000000000
404,23,13,95363881952,0,0,0,1,0.000000000000000000,84,0,0,1,0.000000000000000000
405,23,14,100246694452,4671,0,0,1,0.000000000000000000,0,0,0,1,0.000000000000000000
406,23,15,124660756952,0,0,0,1,0.000000000000000000,84,0,0,1,0.000000000000000000
