point_ordinal,mask_index,class_index,point_index,n,T,mask_sha256
0,0,0,0,183992793914,26,d5f3037e87e83bf27928c101d050d58ccd326cbead4d38b85c30c7584c3820b2
1,1,1,0,184162384874,29,8b1b4701eab4c461f6fccf07503f6f5103968b095b08a6cbbfe2e4ee8fa2efe9
2,2,2,0,184686575114,31,8bbde6ea97a610818d7d66dd363136cc584d78efe8a8964329a400e0021d370f
3,3,3,0,184840748714,27,b26756d314f1b195b6bfb88ff8db914fd5fac0ded379d1f3f322d0e2e78103b1
4,4,4,0,184940961554,36,ecba6f0060327786d29a01388520576e140c190e9c4432c1b751a4f80d82a5c8
5,5,5,0,185025757034,33,8badd7c175cfe407c440600479da2584a19f3fd30186df9e8d45070f63d108e0
6,6,6,0,185091359474,31,d2f56ab9b69b84bc7b6980869bf0d94bbc57172fd22c59f477b6a94c3e561c8e
7,7,7,0,185264726114,21,188b4fe30a0fd5dea1308bb1961f94c032a93c46bb3d31b357eb490047c38059
8,8,8,0,185453695954,62,6a087ca56b6a019609692f1e0f2a4749f014d1fbc5bbc1d9bded98f4b1be6bf3
9,9,9,0,185619325394,29,b4bdeb45ff7f4f89531687afd08c70af50017eafec3923cb7bc706bb8f38fe1f
10,10,10,0,185773498994,22,505ef5d26d878c46b666b90b6ad8f165746c201dd59ee64e3b0f96cc72c7b65e
11,11,11,0,185797340794,41,6c5049c435d87a8c0b4065300c7cead344a3d73602770de02d029256f06debd8
12,12,12,0,185846432914,59,a229b9201ab93aeb2dfa0d3bdeb3692196a90a4400ee47159b3ad591e32dd2c5
13,13,13,0,185854518794,35,be59216e4b3cfcb94b41ebdb79af86ce792673da6aeaba12dbbab88d42ac132f
14,14,14,0,185858294474,29,26321d59add0a4a674b00c145e522b22d58067f01388196be4fc7830efc1c9a9
15,15,15,0,186024109754,35,58e97a74b21cc1a5803aff0f10cdde353afe6a70038d8663f1eae47b73af9683
16,16,16,0,186128098274,32,b3e1c33d0bcc7ce828c840bf941ed9dd122bce7f8f3300d8e22d08eb1b6f623a
17,17,17,0,186197476394,33,e5c90f30326cd31cf559531a7876a2890957314b8241110cc9324c2b0e5f160e
18,18,18,0,186552075674,36,b1e362d5c2ef6501a704d3e278d252827d0b967d05c685c3473610a43b070f68
19,19,19,0,186582814714,52,2c3277953d2d31d23afb806c0b8ed6560557fcead2783537da3e084d3989a914
20,20,20,0,186636871154,40,dc77fe9828462a07aaeeca72fc42f89c8de3134eeeb7489d36db5295d1b3502d
21,21,21,0,186891257594,31,c1cf6781f45cdf2e204f635b91d203c94ae5d7f97f149cc2e13daf90772e968e
22,22,22,0,186956860034,38,bec8de038d9c03d0a7f4426fbc3161b81a8f9b198902640b554bcda7be2cd3c4
23,23,23,0,187126450994,36,41ceea3a3628d0d23379908714267fc828d2d069f4491ea2131d027c48236e0f
24,24,24,0,187569621434,22,ebaacf9891962c0543f69eef76fddd6ed236762d804238518f46bd825a6ef381
25,25,25,0,187723795034,26,805388e6ea7d85dc03e4077347498ff410158fedf48e4bc06d7ae6099e65b89c
26,26,26,0,187739212394,22,b3fe919c411e21e54c98a11b140dcdfea6c1d6a348b8a6e2dcac0e1bb2caf317
27,27,27,0,187761025594,63,4d7cebd035beea9a3effccc0a0fb066a62f9ee732418c74132e890da2160d6a0
28,28,28,0,187808590514,16,6720232a3d1b8679c5586aa2aca9a9565f19864cd3e7a0c1d645226005ca36cb
29,29,29,0,188062976954,28,de32104b5a3fd6ad77c9f6bb45fdfbeaf74ea57e2ade0a14faa24431b862973a
30,30,30,0,188313587714,35,2b8018c2a43cf1947c4861fc1bde100ff6b6e3369da3dda6dc48320cc9a7fda5
31,31,31,0,188448315274,59,00e1fcf0f5ebfac5100c0e8e27a95277e0c678c212f5d6606d68c40608db6b3a
32,32,32,0,188486954354,27,3535a09b0be623a6780987325a4d53aadf0c83f69fd51cfc18a91cca6bbe0279
33,33,33,0,188502371714,20,0cc0c575d237f1b6aaf7f0eccb943c145ed59c5902e89ebcf653c7b604f880fa
34,34,34,0,188587167194,25,00d64ccbf923e27ea966b6710a0a58f08850b30f6bb9b80a33d6442d1c3903dc
35,35,35,0,188741340794,32,c6f7750d8b82ea938a4f1d93c89db256fae50951bac9f9bd0bb7c83ff26916e7
36,36,36,0,188822360594,29,43a319122a0e8a0757407bafca0ae95d82979273d985ea21f8a6d5692e626d4b
37,37,37,0,188872355594,31,b8c07c635616ac57ad000467b9a7e63ded3253ad7cce5e05bafbfebd42e353a6
38,38,38,0,188926349114,37,f7353565daaa189e5302d0af3870933583ad711c7505ac6973df94c55414eb78
39,39,39,0,188995727234,25,2c5d69dcc8465ab89d0f445e02ced83c7f4ba5cbcd422619d5d51f26592bfd53
40,40,40,0,189331973434,56,f88a31da686e5e905b21dc6a019f9206f5680efe772f104c2ff9929395afddb4
41,41,41,0,189350326514,29,804e66edbad912e5ded4e926968869e7584fd260b49772186d30ddbff578cc09
42,42,42,0,189519917474,29,bab8980d5a839f7667a7e0c002e9516efc7d6758abfddd3bf6819e89d6094f01
43,43,43,0,189585519914,28,6b5bcf116a941855da471241ce3765363f4242ffb7688c6d3afc4c763fbe0433
44,44,44,0,189674091074,33,51ff608c47d449e695c24d8ba9b5b3d5ab15f2e9ff1e7e464a4f8fd1d55765dd
45,45,45,0,189689508434,43,80bf701c34a51565180e3ee04d2c7c421035d7ec5295988a3d4f4cc5d3322060
46,46,46,0,189758886554,30,ba5013b25dbd3d1e421a22e51ee1498fe7289b96fb1fec442c92fa62abbc007a
47,47,47,0,189924701834,34,dd918f58b49beadff699c76f736296c25f21689f3fc445f95f93045fb963d125
48,48,48,0,190019263114,53,b61d0a805acbbbc05d4849ef191d202d329945c73c6fd72a53a26e227b9a8659
49,49,49,0,190313815834,57,5206de0227f3236653b7b195b375bc94a11075a566f7b50bb2e0a0a2ff176290
50,50,50,0,190437250394,31,e3fa1373d242db628456edd28faf44e2f01679167a06570a4fa60bc7d96363d8
51,51,51,0,190452667754,28,654dfe404a55d2dbeb540262917b373ac1376c03e211eb3ed60b6d160b67bdbb
52,52,52,0,190514710154,23,adddbbda9c4a7bb2a9434b16919488a3839672f43dd3d7940f74c2e7eb0a9f4d
53,53,53,0,190522045874,32,1fef64c797219bcd87fb4c6dc30ccf656bf83862996c75dbd469cf262a984761
54,54,54,0,190537463234,30,eeb340903f48d32f3fc02e10a84756e463d959c8845c990e31088fea59edf368
55,55,55,0,190687861154,33,13653885ffb8301ec64131735417b9dc404deaef0426c6a53cf7966194f7b023
56,56,56,0,190691636834,25,9b0eea982e8504c2d47faca0f5023a39d5b36c8ffc4636bd9fb7de7cd5d6216a
57,57,57,0,190791849674,24,92ba682f90165923b0991356a71f41f5b26443a7ed78f8fc8205099b58fe29a1
58,58,58,0,190857452114,34,b07d59f0cf1e58c8c44a0c3ab5ba3ab731cbf71531ce307cb32051687ad72c8d
59,59,59,0,190861227794,27,f7ec8e370e0447f204fc032e7850f3617d1b3ca4d6b20aee9c7b402597399d9f
60,60,60,0,191111838554,32,e5edc1275d07503dc06dffe7ed14bb6f36775690f687c58df5ed678bc7c6dc2d
61,61,61,0,191246566114,65,67ea9d64c6852628d43e05c2ee6389fd4d560e8403608a58a4d6fc0705e091f4
62,62,62,0,191285205194,35,c308c482aad503db4bb2277d1569121d4ae9d29a2042d149b08c40cdafdae1fb
63,63,63,0,191300622554,23,c4fa63d2db45a467df674d947fbb73a3304bd73d871c97d42f2927e15a91ab75
64,64,64,0,191470213514,34,8f93310f27f4a5929c40a163f8382685be84a3edb78b13aba607ef02f65f3262
65,65,65,0,191737487314,53,35ab5973bc4d1888dcba8140647d72c5060968117a5add252dd12bfebcc43d65
66,66,66,0,192130224274,54,ca58a3d40eb42d6d85288bab8c6c865483363a99b0b5d01e88cd92299135b332
67,67,67,0,192217955474,27,8cc5622aeb55e1f980e97e411727ee38e56fbd27ad97b6ccc58a0a99395e1f2e
68,68,68,0,192375684874,49,7335c33d5906d08c60d5242b76a0bab280e08278982afc575ae37e300ce77a03
69,69,69,0,192402963794,37,79c942ee363ff065208d9967465f22ea7fcf10f1f3dfeac675a55c9be9767566
70,70,70,0,192472341914,24,7d46e3df07fe227159d2b0c7c38867d46654f01e383b6ab92c40fc53db35b34e
71,71,71,0,192487759274,39,184e0a8209f9f244aaa1927251bca318c53f9d955702691645194aa8e9de40b4
72,72,72,0,192722952674,35,b1a7848d2fa8e069c1cea65a2c795cd4b9a85c55ad53533529c358997515ce24
73,73,73,0,193420509554,34,049d21b46b9544cd6f9c2ce73e7fc6d3fea49dd812d37c121f3a74b24a2077d3
74,74,74,0,193486111994,28,66701e7a130a836632916db5078cda793cbb7fd99fd36339dd5baf1117e1b162
75,75,75,0,193655702954,35,b50f8076454c54995a89f4f9cb6cffa935daae4ee8c3ea6f6beffd2ca59cc418
76,76,76,0,193659478634,27,b702486a96536acc7090243d344bdd7a47f262463183558a990a6fac2855576b
77,77,77,0,194014077914,32,6537ddc875fe7b11cfc345cf66c784ac9c4e5042f32860b76f80d0ae2b9357b2
78,78,78,0,194083456034,25,4431ac79cd9db8e259c9d1f46dd874feb675544e74ed813171176b777ec945f4
79,79,79,0,194168251514,29,f2290569d02aa7311939fc9cf21394a8a91e4b6bf23e87eb1d3db3df3d9ee44c
80,80,80,0,194268464354,32,b42f0fbffd4133440a3b6726f237a338859452cc78c05d8b2ad52717218a733e
81,81,81,0,194353259834,31,a5f45692fbd8e28e8aeff2ecf89737eb7193ac1891c0d464c0a9df5a438830e6
82,82,82,0,194522850794,26,24e4155b058818148773ba4c5e09b8cfe509f5e0039f98dfd051e584ba1dd9c0
83,83,83,0,194592228914,34,717e21cf75c09b354ccf8722d7679ce03f81dc4c913aa138053be2620f0d395c
84,84,0,1,194977567234,58,16cb2407fbfd6396f91b2859caeff80b14b80b3bd17a124fab7370075e5af957
85,85,1,1,195185797274,24,d19bfaa64ea1a2dba5b98f49e77439d6cf442b565f7778999057d30cc442411e
86,86,2,1,195351612554,31,d06a7a3e67a04bc9dd82313ea6cce4f2dfb614502922d50ca7372d5d93593b4e
87,87,3,1,195521203514,30,f19b793636b366bee212a4eedf76714b8102ea5f26b9b553b55866ae416ccb0c
88,88,4,1,195524979194,23,85d90ea116b2a9941ba5b79601d7df8c8af4a4816e6aca4fadf976a4da9a8452
89,89,5,1,195749715314,21,3db31518c3ea62c0b0d381c23ccecb0e7dcdf84a53ad01ab6bff250580b5c365
90,90,6,1,195879578474,28,69e85eceb0b10b7ceb3272d3995d2265a6bfe0699e0dbaff1d12e956c623fbd0
91,91,7,1,196118547554,32,1cb63ca51abd598fee97b1e2e9b363b47eda7021e88788f4ff11eb165e99e9d7
92,92,8,1,196218760394,24,92656e09be009cf287444492676216b58e1f269c0fac291b58a7277c45f529c4
93,93,9,1,196352146594,64,981e03d83f48abf483b2c6bac29b4e7481612f5ef84cae62dd181ad425cf6119
94,94,10,1,196708340234,30,97b2671abcc1461206fbe860a72f1c8b769da6fc55ec2d8101dee8841bd39205
95,95,11,1,196878834074,38,89fff55b084e6d8d74a48a6752c6bd37c594a63f497a246d2e92d10c43a5d29e
96,96,12,1,196966502354,26,b0748b3de77cb7a315f712029846fd7c99212169a03a1e638b2df151275f4453
97,97,13,1,196990344154,50,0ac0a2f8359d8c7df69e20d275410d58d5972f3a1a897bccd57c97041b4a3229
98,98,14,1,197051297834,30,338d8ebe75ebfea91d841f512b1487d97be41711598bcb23d5780b2e2e678961
99,99,15,1,197136093314,28,74f08429e9067fd539ba4811ba1598e050fdf48d26a48e5a5b6c69efe3a196a4
100,100,16,1,197321101634,36,e958217f005587b783aac5bf8ba630eaaeefd772671fc105749381189c354040
101,101,17,1,197775818074,63,b8b8c077211ed3621463abcb4aa585d4287e7b38ff145561ee31701a76c886d7
102,102,18,1,197814457154,24,4941e8c7ac6d8beebe7d0132d409dcec57705b59b6f5d3ce9784d12d6fbcd1f8
103,103,19,1,197829874514,39,7864e5c940b8a875f414a902703e18cb00ec7817923496877bcb880b808a24cf
104,104,20,1,197914669994,37,8de1b780332ec7d5ea044d94f738b6852871dc742712916c80f631f581fcf5d5
105,105,21,1,198253851914,30,fa027d242520116eacd97db07d6414ffb1731bc1bc88bc9fdf4197e927f011c1
106,106,22,1,198315831394,63,0d173e1ae25491734a7c8d9469691d6b2f4615a4b46fdc7e348c9f2c4bdbdea3
107,107,23,1,198573840794,28,7978a2249c714c0302b92d9e1c4e5639dd74881a8d0b815d46efe9a95fdec597
108,108,24,1,198747207434,35,d728c3394365edf2a8330b16206ae656789cd2076075f47fd20d6f63146e709a
109,109,25,1,198913022714,37,23c65b12680f9f6762b26c52db43ec86eb10ba38c70c0bb99edbdb662e8e95b9
110,110,26,1,198916798394,30,fd77effa20cee7cb11ff269fd56e5b2745ec05ebe29dc9e3ea13227b48590cc8
111,111,27,1,199001593874,27,7cf19fc492511338f58219c11f867912d85136b2a4c29c44c11b7dc7f04bd511
112,112,28,1,199017011234,31,90ddb695537410cc4fa891fcb21f4b5749284ca17940b4afa718e2a1600281ab
113,113,29,1,199086389354,20,be6c624efdc838aa0ecbe34b1a76472d0eed26ae3401f627c42947eca82300dd
114,114,30,1,199252204634,28,3ac85d43dd3a7909921d1ff8686bdbed4c4c1807226d74be0fa8909b0cd75132
115,115,31,1,199297673794,55,5503c26b6b48a41ac70b24a7cc3d67d9ffa437404ea9fb0192a068a5d6f53722
116,116,32,1,199547660234,27,e52016fb51d224127d1ee3205dd5c3b368f60b79d5a8fb8e72c2c27ff9108fb2
117,117,33,1,199764753194,33,8280ea147c62dbdc62f4a17b196246b13f3d9e166380512c34c2e0cc05390433
118,118,34,1,199780170554,34,5c5de3aa99ccf0fe1514716d1509dd91a1c6466433c8b521acbbffce86b8c46b
119,119,35,1,199788594994,56,20bd6e77b688d21340659f729cda16a6cbc4629f684c92c8bfb47c0587ec1c0d
120,120,36,1,199864966034,36,3076265b8433a2771ce1d65dda84454b7cc03478435d3c89a1e9e1b181b4a7f7
121,121,37,1,200015363954,29,f9f6199cbd4c2a94060151ae8bce5648dd2bee50daf68215d11b4f904ca62bd0
122,122,38,1,200019139634,30,52840422bfc0b67fa05e3bd0f4f4d849cee955763f5e708b13559dc640d6d0f3
123,123,39,1,200060896034,28,5f68631f156704fd414e464740e14915fbb120917e8349fbdb346c0317b303b7
124,124,40,1,200119352474,28,a5b82b6ac105bc3854f679ec23d43105ec9788f85ee0d0f0c1769df457ebc60b
125,125,41,1,200188730594,23,fed6022b812af07b4632fdd65986c5928341f857aaae5b0dec02de1315e101d6
126,126,42,1,200377700434,56,a23ff0680ea1eb952d38de33e83fca37ca8ed56d39d1b9b1549b9659ce00a483
127,127,43,1,200439341354,32,d022908df1251a31c1f87d54145c25643d61b4f417282b055eeb3384312922a6
128,128,44,1,200543329874,37,080ad9a8640fb6be40ab7fa48e829a69daade518e23404aea2619ceb09803725
129,129,45,1,200574068914,60,c245c8170cb3e8f78e6ea58d95e294eb3a81daec61cd4a2e6814406d8db32dca
130,130,46,1,200612707994,24,7665a50772aae5cfb0c815ba180a95428c85b2d331ce85bd0294ad376bbb1e39
131,131,47,1,200628125354,33,f632c0dbba92f900bf096495e4504be83a0485d7e020960415398f45e8d4b884
132,132,48,1,200697503474,28,783fd3fd1339aa6540324c70232a449361d44d96b0aa445455f1cc9c566b5162
133,133,49,1,200778523274,34,ab95b51407d1a12fbd0762f08a18d2f66abd873e53e30b86bc83b864437d1de9
134,134,50,1,200951889914,26,bd8cdc1386dabcc7aa7708bb100db8969767419c4a76d7c49365404a88a8645c
135,135,51,1,201052102754,36,8e4cc498321226726af54af3b23d3410b0cd0968fa1ad8c478982a65a9412d75
136,136,52,1,201605003434,56,230b2cb17fcdb1af9abc32a8881f69ab024e1867bce81e312a5e4fae55cceb25
137,137,53,1,201715049234,30,f223c2e6913ebf1470d8d0f657961025f66423f9af0246e6958b8967e1133bc5
138,138,54,1,201730466594,33,0d7080d7a18e1e5c78c463383d9d3610098f9b092cf298dc6178c46e25b3251d
139,139,55,1,201799844714,24,9e2820a08bb7a5f092cf1490c9b37ebbdd6fe0784e70fbf206679aef56b1e0e4
140,140,56,1,201815262074,26,d3aa3f0416ac47bd31673fb38a5817c9080ba4698c36183f62c46b8eee336088
141,141,57,1,201884640194,33,ef36dab727ceaec84b2ef76abbe92afcc5427fb04974e3cc378d68bcec8e75c9
142,142,58,1,202050455474,29,95e075bb862d27c362389f04dd5d9610d11a97a0d578a3a8d76177788a58c408
143,143,59,1,202563004034,31,97dd0893fa25ebefca91859cc8c61c0268ad356226869e70c35c0f6615eaf9d3
144,144,60,1,202578421394,35,a2576a239e946ca7e80a796163b889a1c9ade64ed89f1090936c9c3ae9bee061
145,145,61,1,202647799514,23,a10f514e947734a65dce06d2f6a6c1145f07dea1d0ae64d99505be966cb812c7
146,146,62,1,202813614794,34,b4dadd078af6b192445b8b8303d9c5a0de882a4cc951040cd8db2f65c422fa0f
147,147,63,1,202986981434,34,b4cbd1bc8a4c3045ed6514c01593bc77f10b93327616ef1909c2c387a8690426
148,148,64,1,203237592194,43,7cb6450994fec8021f8547cc7a4a922b6f2ea73c8540b64df8220c775669004a
149,149,65,1,203341580714,29,a5322d8dd13477a1368bdcdb40b64a3e41041b195544a429d18a8576ed859fac
150,150,66,1,203421411874,52,8a43b8cd307454093959579939727aef81a381ff045dbf9367ca514c32094040
151,151,67,1,203495754314,34,758098611f6bab0f9772be6f87bd7e7ff885f9b9286413aefd734d51bf5d199f
152,152,68,1,203576774114,33,74f66dbb8bbd1ded89df6235892cf46f2a365d77561d2a351e9de62d95127425
153,153,69,1,203680762634,32,5cae64a1ba2bbd92fac544dee35d7e03a761c868e1815f11d0c59b945b630252
154,154,70,1,203750140754,28,878b034571ac4d1ef1a5f08082ddb6ffc43357dd84d6581933e2a5f27c300240
155,155,71,1,203912333074,56,52fa04ae245487b0eee15eaff2dff4c417930ad9bab4af1b0d595edf9740ade4
156,156,72,1,203919731714,26,8989a440d62128e88511abedf431ad622488e4a24c43e2a05f750c7594692c3e
157,157,73,1,204274330994,25,bdf300a85d4e7845ef18f99eaf1f757f9a8c3147785e9a25dd59dd09f0a16370
158,158,74,1,204305070034,57,175231db1f9f450d85194dc5528bdbb73c52f96c92c67c4b79de2c4904da8776
159,159,75,1,204598095554,22,3242983e42221f1723f1be8a7b45a02dc74b500130a26c4bfeaecfe574aaf11d
160,160,76,1,204679115354,31,f7431a42dd7c41cdec17092947e5f48cc78c1cad4c52c7f8818a1ca66110580c
161,161,77,1,204795991234,54,6174c81f7fbd4817d98edbd47d589e743ec2f6944c6bee57ef37ae7800f2aeb8
162,162,78,1,204852481994,38,32da3bb2ecfd9eb00bc6a1bd097f8e617c23efc536a214757f211baa7a8fb342
163,163,79,1,204894175474,61,adf4b38a8c84f9721e345cb84cddf4f9cee02547a49667efb0736b3ab3e8daf7
164,164,80,1,205291876754,25,3c1300fffd5bfe06dd7a36b68ecc656b5d73d4663afc554aa6fe66c2a1521726
165,165,81,1,205361254874,28,6ca351d0001511dae8f38afdb4c772ab6f33772c354f7ea3ebc65807d6209d10
166,166,82,1,205446050354,29,0c7228f4de4628fbaf494800300016dbb7dc2e17ab4b6b21acb11c58dedc4bea
167,167,83,1,205785232274,25,01a1c813b7dd07cc9be5de28e98a32e50af8145b0a0c269ac10b61055dfc0d59
168,168,0,2,206219662714,52,ff96c7c3f7486792c751ccd83ff29f63dd2274fd580707caec3f3caf764f057b
169,169,1,2,206224627034,33,ab89798265af1bce8e3c33d1f6cfbf5918beda9a833c0f01719a3a9a02407008
170,170,2,2,206375024954,34,936ffc631bb322c13c69c0aac2816d8729a94d03240c94042ea621a4334c589e
171,171,3,2,206463596114,24,fe4f6f9ccc03b7f50d738240a86bce16ac79aeba5a80ef92e0a6f2fcc798ebd2
172,172,4,2,206544615914,36,1b112a0d43c7e254d6f948df3b88c2d6678ebcf000807c2015d64e3781846090
173,173,5,2,206548391594,32,805978f1b19b6f9736d7673b24d8ee61b94966e09fa6f642693c3f7fbc39f57f
174,174,6,2,206717982554,27,8f983862fcc301c72b09955e28cb6aae7125c401ba1827290aca49de55fb6ea4
175,175,7,2,206906952394,66,c0a0d6401cd3d9ee4b6edc75fb42ac1c52a655f64f17b55664c14af8a03178d0
176,176,8,2,207072581834,31,23f865be5846fc3efcb65fa43120495f11400ed31c808001b69cd0108cc015f0
177,177,9,2,207242172794,32,b7de831f102ae3d2488e45b3e2888524c5dd200c760af7002484b3dcb53bdccb
178,178,10,2,207307775234,28,c2123ab2b09f6380c216262db4d7b8d14fe1706b6299564be12c0f8c6890a413
179,179,11,2,207396346394,30,908d41d6f95ef2928233f470b56191f02d58a9e4e109511118f451044ee14968
180,180,12,2,207581354714,24,04f5ed7ef9ea58bccfd380fc7755f3689aaf4a92a8dced3c3133797c14ea6a14
181,181,13,2,207964727354,35,14a1e3a4ddd28f35bb17665856a72aa90d22c785f4cc36bdf96530521ee0e12e
182,182,14,2,208036071154,51,7009c885a7c6a5091ca51e24dd51c7f5cf6385ad0b7edc3d63273337dcbbfc19
183,183,15,2,208074710234,27,59a0f2909e21fe7958412dad709a2a52be5d024e813ead513e97049b7d6d5b4c
184,184,16,2,208174923074,29,6e23d6f5d3bd2f32b4e5955c6e84eb94232b9b8b69f79d2ecb87c1ecd78d5a29
185,185,17,2,208183347514,50,171fe281a78884c38517761e10eec75569c124328c52ea3448d76a5133f5dca1
186,186,18,2,208240525514,47,bebabca88e6d4f5fa63b23621bf76c18ac162ed2f72097983e3d6b2c99b36070
187,187,19,2,208244301194,28,d82d463b30a9b33fd1ab08f419f2af4a8ab4cf094fced4207ee01541a7f0860f
188,188,20,2,208410116474,28,945d2b68b091b35609ca0d213463484b4e702cbd9b75dbcb45beb52280878dce
189,189,21,2,208413892154,26,e78f15cbe49b2dc9d310dfb201e021a8886324f34d7a8ecb76f8d1605ce80021
190,190,22,2,208526992354,62,53a0c62b1404a7f001de4718a8aaf01d8f599368a748e12da836f1b0449567fe
191,191,23,2,208579707434,34,0cb4150900cf99e18da7f4b5bd9073b88b8f4b007e841b49e939fa9f6bfcf630
192,192,24,2,209022877874,33,1aaba5b03575f30ba23dbbb2daa7b6ebda1c4e4d661ede5891ae915d86148e64
193,193,25,2,209192468834,24,1e88209857933f8b14c1ef8bd1c5ab598036b2f15484ad587134bc972b6476fd
194,194,26,2,209766844154,27,7ab991243e93f692e2cc7b352ff5504f3f523fddc6ebee525689eaba3dd1f8e2
195,195,27,2,209870832674,31,9399c71c4af615c6c40983ead81302f4078e2b13aa636bae35e325c6716233b5
196,196,28,2,209901571714,53,8a4cbb274baa481fce73e3239c74340960a8c02c5164cee12fca9b8b15984555
197,197,29,2,209940210794,19,94c1803989dbc23a8d51229ac99073fe85c3d5c56ce913743ed6d53bdd41430f
198,198,30,2,210025006274,24,9f2fec632c0ec8dfb59360dad9bf5b6205ecc89df5ed5c2ad8dc94f3dbb750d0
199,199,31,2,210125219114,30,3cbdb215d39f2cca6a83233c042951b5a71efeb851b7ed5522f1604126b2298f
200,200,32,2,210194597234,30,856bdd1f854946e6f17459ee826b4c9f78361f2d64a832e6f170946e18ceb671
201,201,33,2,210379605554,27,3b433948a52ac281edafeb3e8192439a064bd003e84950def311536b25b75c8b
202,202,34,2,210445207994,30,4ac21d83c9cdd6a9500b7af06c8449e2a6ee4a6cd911045c218d8317b9d15f40
203,203,35,2,210803582954,33,baf5683eb4f85550fbcc3afc2e3d2aa0e40b6dc46209e1b2deb597a99a4b2f77
204,204,36,2,211142764874,31,0d2f020cccd80f2a6f18d8dc47cc1cd4b2c1756fe1a008a83a473d98f529fe94
205,205,37,2,211208367314,33,15bafab1842f5f52324c12764be3bde8361f75a4bfb098cbdc5b2f6960cdd5bc
206,206,38,2,211377958274,28,6994f75dbd2889d087fcbd78a7e8ac42d12e0d23b4a4ae47242b078ee32923b6
207,207,39,2,211472519554,52,e149c416f52ef10851bccee473752385af5793eaccd3e5be0f6c917af600c336
208,208,40,2,211821128714,32,7d03478c76e7421481051e1b7ed8c01562a5da4570d4747033a15677cb876180
209,209,41,2,211890506834,32,2a821a846b2886a06018fe289560a9d3d14c15f1fc622fe5dff6e9f64cf82218
210,210,42,2,211905924194,20,084cb07265248ec48b95552524e0612be2708788919ee4f520b0b505b3f6a6aa
211,211,43,2,211975302314,30,39e28dec2406d67b92f1ede145da889cdd5fb45d437dc9ccb876e4e5c33a52c7
212,212,44,2,211990719674,30,21f55beba71c6bc65ffdbcaeb98bfdb8849bd501aed3d21ba7fe03db157876eb
213,213,45,2,212075515154,38,5d33c55f1eed9c651505806f2ac75d509b1cbe6379fb49ede264f1b6ae0725bb
214,214,46,2,212141117594,31,90cb192979be539254191b3f9569d4771bebd194786d08e4c6c1b9a4284b631a
215,215,47,2,212245106114,21,37b968be663917e0ad054fb5a74dbdcbda324fcb0605bd0e5852ddad22d64bf3
216,216,48,2,212314484234,25,dbc5eec33cca8ad526ce603a33de39ae743bd0add102cbc8150b0aee5d691640
217,217,49,2,212669083514,31,9c3e811f8c85a7e0f966a984c907c82f9ec4100a743cbeb384ae2146d14928ee
218,218,50,2,212699822554,49,a3999b62353091403bdd3969f079aba96d6e915d01bda935061eee34d4cca997
219,219,51,2,212753878994,25,8f3e364dd61938fda57b66a133a698e8dff3206da32002b31334f57ecb3dbadd
220,220,52,2,212904276914,37,1ae372eca95ff48e4d1158b6e46c4ca86222466f6a0fd25b1d721eca10665577
221,221,53,2,213073867874,22,626dd8386b81c5f8ad19659d7f7f8c43a03f5ff6283eec1d847edaa76faf59c3
222,222,54,2,213077643554,28,eb3bfc2ca70abc3a38c8c69e84a040c87d570fa541fe1c1ab82e2569862ca68b
223,223,55,2,213247234514,24,217b2df1a8bca1416f0d1af41c1bb1c5673e2c9b47ea9f014a10daf63488ee43
224,224,56,2,213730757074,55,e2ff901228b52bb8eb24eb24bd8c1c2d623a805ed475dab4ad1faed42e499326
225,225,57,2,213840802874,23,ba0abb6016dc96535d6298ab8160285d3b642512f1bc7f98b0eb37f0693155da
226,226,58,2,213856220234,41,3eccc058a7728c7897614f37581a753a55116458c635597bad936394120477f0
227,227,59,2,213925598354,32,adab9713ab64b35a2a7144a91074b4654bc529034f5ccc7e362e2395ced70618
228,228,60,2,213941015714,38,2b8dd6f0a642c40046f8f4e531cf0044fa7ad9c3c60989b6363dc6a4915977ca
229,229,61,2,214074401914,58,c65dcb4121164786e1924965cb593c620c127f6c672fd16c1ce6d2cd48401292
230,230,62,2,214430595554,27,792363c244bde7eb0ff30ea0ebea200e3e16e13df281dc59b10222c8ef9a03a0
231,231,63,2,214603962194,24,c801fb30c46ee0b04e2b1664d98c76a30e0cb80b5bf5fe3f402197c30c366382
232,232,64,2,214619379554,35,8c90f54e124006ad568416d5d86e16baf69d6b5d498a4a976a40309a833bcbba
233,233,65,2,214688757674,25,e7e6163659683e21eb9db3174ec6d11788b795bbd820aa3afdfc511de01d114c
234,234,66,2,214704175034,25,ca41c03175c2e742cdec81415b57da16a7c980932e2a7847bb5100519f8e40fa
235,235,67,2,214939368434,32,d866857b649036208f7269f5b561176806f4167ba5dde57a8aa15a4885ac01bd
236,236,68,2,215043356954,27,5a1af2bf8aa18896c195fad838ec80b6646c220b7a0360598cba3df2823a81a0
237,237,69,2,215112735074,24,feedca094460f996c6638377cc8eb8fc6d5160e00ba376aed7b55ae1c35de926
238,238,70,2,215467334354,32,1cd2363c9ee00ba7790d21b0fca6c761fa268c77ff9d2e98831b1bbdf2f20e33
239,239,71,2,215536712474,38,29ac62570ec5e04003f4986d9c0f5c6c9eb2602efdc52be706f39ada44d68d74
240,240,72,2,215596257634,49,ffc769a62e3dbf7104422d56906dbf0f50dfd9e7c8bce554c2fa27fb68262574
241,241,73,2,215702527754,43,4552728172932b44649c4bc874d8e9320249e7b4637a28527c12ab2225a64ede
242,242,74,2,215875894394,26,e68e53c11334dc247f5f7bc5e44b7fec0ec1800dab8ac22f9389f05c2837ab0d
243,243,75,2,215971205834,28,f68e74283d9be24da1f5b2de8de6491a434614e1056c3688d5fc5b74fb0f0f39
244,244,76,2,215976107234,26,ca779595d83b20e529842eabfafb9fb9d42dc07131b492c0e4f798747963379f
245,245,77,2,216041709674,35,a9397d72ed67168b8d95677b0c140a1f98853894863f8702d6730a1d0961dc36
246,246,78,2,216296096114,30,c59edb3d4c6a78838eeeaff0c2592edd75982327a9491286be2f020a66975152
247,247,79,2,216430823674,54,86a65786abbba5b6cb0e10c5ff009f6524f81540afdf869fd48d50cd6ba1eac0
248,248,80,2,216469462754,24,522496d4df2cf6e1ad4d2f38b3e59d35c64eef54143e0ea44421e6e4eda6654c
249,249,81,2,216569675594,31,091154bbd492fc900931a516d9e06c167d37661b6504dc9e3f8e5af4bedb591e
250,250,82,2,216639053714,25,dd777f3dad11259f044dbeefb3ed711ea5b8634f00bc9381a7e33429d5a1c277
251,251,83,2,216654471074,34,dc4b11621bdfdaf34f8dab80ec64f4fbf7cebfd22d7379d76b8ca8c0a0784b7b
252,252,0,3,216974459954,42,106f515335727d02f0761ddba50a4146bd8c023e777a7d213955270dc4a482c3
253,253,1,3,217118113354,53,4fe99d4ed0bc53dc80f6cc1f2c1c2dc367bbb4b69e1c7d7e394d42a75e434420
254,254,2,3,217202971754,25,82be57280aea3968f8d42c6e01103f109f75092f05af2f7e14f20a0807de6dff
255,255,3,3,217216297594,56,6f41a54003d2d380ef4afad7a41a779bd26081a983542032357c0968f2944509
256,256,4,3,217461758194,56,b881084c6172d3fb66e6b7338601ef0719a06d09b75acb5279c928988456439b
257,257,5,3,217487008514,28,c98dc228ab59cbbb87cc96d20ad36f2b446399402d17858a572ac7f3562c5ba6
258,258,6,3,217568028314,31,ef94e01ad91d4e7893261cba03c2b616cd0bbebbaba4b7a1e8b20a2e369c9ab2
259,259,7,3,217741394954,31,c1657e9d7299fcdf59e2543c8db8bd939a852f90bdd720fa9198980762ebaa7f
260,260,8,3,217841607794,24,30798595c9a5b55db346e921e7b5bd2f42b73d6c636a48cf93a76619b2f8e8dd
261,261,9,3,218161596674,37,0f4eb924671d9d8e19ec810b896708cf5336f3f47b8df49a521b3650af19321e
262,262,10,3,218419758794,31,04eb868ddae01831d3d7684bc7703b157a5d41e0e8aca0c772ef039ff8932884
263,263,11,3,218519971634,37,c6cdc6c6ddc264e5b06a12c7d17a5c5ad5a83858de6e3dddd1928433ba9a4ea8
264,264,12,3,218639969074,53,ddb43f9a8902fb5b1baf123e20f5097790f0ca03d283c9bb125f6ca598ec1dd6
265,265,13,3,218774358074,30,b1c1149d09541412b37f85969d3c78ccbe2146c241953ff63044d2df64839663
266,266,14,3,219352509074,29,f53e4b7cf78d0274d691fe280a09d28153a3a2c491934b1b4813795a8bbf2210
267,267,15,3,219437304554,31,35d28fb2bb2ca7c8dff07ef4054e233bcc92f7fcac5ae5d5a408d46812df6310
268,268,16,3,219522100034,24,0a2c337b4640522ea73be1346e43787207e46e8175f38f47f5195fd2d9c4182b
269,269,17,3,219572719354,55,2ae1f1cba887afc302fb1c11836decd2b4e67de550fdb5577f0949d60aa4d51c
270,270,18,3,220063640554,48,214d394fbcf54e74b05287e0abe1b11c8f4d4efefed7c0dea7fd8890b70aab1b
271,271,19,3,220131085754,37,26c4b26c77042b2851137748a7bd386e72049e645797af5548edab94045ce3fb
272,272,20,3,220370054834,27,d549b0cfd309e7e15b934ae5469aabe508dba635b9a15afdf37658e6a2d703b9
273,273,21,3,220470267674,36,e8a36db73107db0835d4e462f54870eba453a2afece3fb02126413c7b29cf2d7
274,274,22,3,220701838114,57,3ceee60ceb3b3132bd7ff8c2f2f2c49e506f7a7a6330aec59324cfd6cef2693c
275,275,23,3,220959847514,32,0af00585220f6399f46f66007a21baf82ded471f468197a8250b8274f1b1ec74
276,276,24,3,221094575074,56,9190e8d69cc6e280e96fd6a28e3147528d79764d40d9a3410079cf297e5d247c
277,277,25,3,221218009634,29,cef163c2f6f67116645117cb3dd59421fdd05157562e5ca60ba1b9860be44771
278,278,26,3,221302805114,26,743e35bda102527b51c89cbe6cfea9565693ca57210230e1f4b062c0aaa059bd
279,279,27,3,221468620394,26,61a1189339c2ef6894b159a9885a6e744ae70548506801c9144a74daa227dcc5
280,280,28,3,221472396074,27,0a8f033e0c349fa2ee01fbe16dd03734ded3e4ddb68a8ab16309e0ae9108a8d3
281,281,29,3,221572608914,21,e2428ca6966d4ad8d5b6241bc0a0a32703865466bb761c5066280eafc76b0e71
282,282,30,3,221616799634,20,915a4a0f6ab110f769179fa355088707f060a156144af93f93b68fc8e210f8ec
283,283,31,3,221641987034,29,feaef2fc3738c5ef5475d8d923ed536c03ee493b6c6259864ecb1cbffafdd40f
284,284,32,3,221996586314,28,fdc5e93f0f80a227f973f13fb466ad8b64ca3eeab0108d6a718854e572757465
285,285,33,3,222027325354,60,673dcdb2d70b0f6999c598ea23c8cb369b7660c33f1ab49a05e04e6076f21653
286,286,34,3,222081381794,24,30d8a82e83705a0ea20629bf1f94653c138b4cd08b666ca4900cc054c9c241ae
287,287,35,3,222320350874,30,bd1a8771dbeaff6d57c8945d7649e50be1dff7d176068eba3789560d22674066
288,288,36,3,222370970194,52,7e45508aa7c135692795745e60ef39fb1aa0e425517c57d9dcc31524cb4ad3f8
289,289,37,3,223168305674,36,dbb038ad34eeb2a02d11c28fcd42a27c2be320113630bff77909b1c4b36c149f
290,290,38,3,223183723034,34,ed9932dc82d8b7fd59904bf399878295b0525774ffeb477ceabcdd188fe0d6a6
291,291,39,3,223205536234,54,000b756ab573c03dbd89f02745bf0180018fb51186c5483e98f30047e5dc739c
292,292,40,3,223253101154,25,6c8e1ef2acabebb28fc8a4b779ccda44e95f7e9db60fee78dc8688d61bb30547
293,293,41,3,223259154194,25,747cb111f957ed35b389fbb4737776a3815f2f3e701f95e44d7582438bf6dfce
294,294,42,3,223268518514,24,b1b4a56678f7d7d512ea9e3cc5995811dca5dc1894b351bdb2d4b0717072f2b0
295,295,43,3,223946882354,28,abf611260124305af2017b4fbd3c596b41f288feb5d9e551cef3027856e294db
296,296,44,3,224031677834,32,4fc04cf0140739000b411ba8ffaaaba49efc40e1aa9e4bd6919af90cdecd481c
297,297,45,3,224097280274,37,46f8471f3c38b57c9af0a6d1f248ad6e012d9282a13d9f2d88bfba7b8235d5a0
298,298,46,3,224187378634,51,e37e2e33a53faa4f9748cce916fe50e823a56d0481179b69e7245800a589a908
299,299,47,3,224266871234,37,1c4a000cfe0c8b878a723ea98f3581b7611035e4c100ddbe60ff3a8fcb5bd4a0
300,300,48,3,224270646914,24,e9d1e03851cfde120aedcd610aa2b0f91b326d06a6fd0d176e420b166d4e7fe9
301,301,49,3,224370859754,20,5c09c6023c5d217566ec1fc701967a67fddb4730e2469fa297b462cbc194c3e4
302,302,50,3,224440237874,23,6561db7a47ce6228f8ff1bb961a2e92c73eddaaad683b04d0c6a6e1ca3116e8c
303,303,51,3,224629207714,58,8df192ff5ddd6395989033d249ebcd794c1927459f58396fb0ac150b81684dd9
304,304,52,3,224690848634,26,1a47252e08eb8714bc513f15b6c6acfafc527bd36b4b7c34cac80410909c860d
305,305,53,3,224794837154,31,a189c60b8240f4eb459c241f2bc017bb2b1eaa29dd9e4dfae08b2760faf20eab
306,306,54,3,225030030554,33,11bb0744a77e3162d5e45b0c016f74316e4bf99cb718ec7462b1a369e6905bfa
307,307,55,3,225106803074,20,00596ad778acdc057180b8e437c48f16f47d07edf42e953d0c0faa0fb82e0541
308,308,56,3,225118601714,33,ddb4a77c4509e646d55ab76d221fe909d152ea318d141d1b48381ebf5584a628
309,309,57,3,225134019074,26,8ea08ca0ae66bf7773f9834dcb25bad60c93766756e025c784a9fc8959836bb1
310,310,58,3,225203397194,25,44c33dee7a3b91580098a6768e856da0a30be83c536a503a5c71d514531af67c
311,311,59,3,225369212474,34,a2012edfe0a90b0f68a978a28f2da8b0f316f1f1a3a64cc2760a0b5c15f81675
312,312,60,3,225517391714,35,f0fa03161099f49f9f621454e5cb33df7bd691effc44bd5cfbedb8af10d7ede4
313,313,61,3,225758326474,51,900c7316ccc5a24671a9b17c7a92dab4007c2224738392f519cc2bab4d9e7eb8
314,314,62,3,225796965554,26,e61abe844bd1a8dda49e5fee7e0af131a0e54c02bded1fe4d7431a03caacd3d6
315,315,63,3,225897178394,26,1263517d99a2de39d7af04a7a044a38c831289717656087c318292784ad224d2
316,316,64,3,225962780834,32,3eb7d247317258347b4cc469a841168e38aca5e826b34bc3f97e92e904ba068d
317,317,65,3,225966556514,27,460dbdc76ff4347f92871d8af0a74c4170ab4f8d8e43d97b9bf2763233d9e729
318,318,66,3,225981973874,30,2cd95e609ee6da71656939360bcae4b03713c5b5e8b110e0121ce988b479711c
319,319,67,3,226030627514,21,c8498b35e8503303c4c55ec6d824933698ff49729865c948e1fc3f015bc7bd21
320,320,68,3,226051351994,26,749e7ad1fc025e9546ae2dfcacda8d8f818151bf0fcddf3ee65127d6a22458c7
321,321,69,3,226132371794,35,1e243fe9f68d61bba682ce593b8707ff767dbc698bd616f3232d5565c110b72a
322,322,70,3,226249247674,54,ad4deb480a297cf05d4def07054edf84dbffccdccc745dc5c55271328c5d0b3c
323,323,71,3,226305738434,28,66872f15b5167e27f996b61b8ea4f116572e22ae98552d8ac5194d5ee1caa8f8
324,324,72,3,226556349194,32,f597fda87949298e64250acaa223e45de720a675cd643f6587a1fb4a93ceda08
325,325,73,3,226729715834,26,87bf790fb117c318674b323fc04cbd2a9c31df05265cc1c7e2fbe7f4696b56d5
326,326,74,3,226745133194,30,41859fd29544af4cdf012168f3b848503f36f39add00ab2e0b780627880214b3
327,327,75,3,226814511314,31,4a981c5f9117af1e0d51b8d0513839e769e74a374b45844ff788e96d4ee638b2
328,328,76,3,227169110594,25,f18b23057361500eb8fa782d1b455c32aaefa1c066f50862767aeb0668acdb41
329,329,77,3,227593087994,31,e71492d630c42aeae64732e9b62ce91c771aac97a623ee1b5dee135610c50288
330,330,78,3,227623827034,51,2340c1a833fdb6f535cfe86733586c68acb5833a1d2cea34d56511926a21ca59
331,331,79,3,227672919154,55,44e761d8767a666040087615122d1d7eaa79d5fd596640d0bd16dde2bc1ca9df
332,332,80,3,227747261594,22,e3f07f6d5972dff13907e8622ac2c7da9d8c19984873e99e68a48d2d0462944c
333,333,81,3,227828281394,40,2faea3047ec79b62d5be0346fc4f0b83f4fa46bec5024b6244ebb063ce2f73c9
334,334,82,3,227847474434,30,cb7207022770fe45b66bc62c98af51241e5fc196e64982514d40c06e0c3f26e6
335,335,83,3,227916852554,34,b5129cd0bc47192e6b340781c518655b92441964e2b1bb74e1bf2012d93be732
336,336,0,4,227932269914,27,05d78b076a6f9315d774f4c64310bfbcf5cc5ea36b62ed5b5a42247e6681350b
337,337,1,4,228001648034,18,ceee95393290cdf071e0ca5ca84a18b93f8d8d53b10c8e61907d6053a07a490b
338,338,2,4,228016563994,56,3a65f1da64464d5b60c300562bdbd48d96560e1bd04776a98f4f20728b3f75be
339,339,3,4,228167463314,33,1c4435456f879937fd4bcb27b4763b2c514444f5ab10ec7ee3ea18e16a03b639
340,340,4,4,228525838274,26,c23ef455bff9308450966c0b596f33cbbc7c3c8a3614fc478f4c91fb0f824cbb
341,341,5,4,228764807354,25,555dca848e835145ff699b3aa1fe4ecbe175886360c33db956a1bc2a8bcb0abb
342,342,6,4,228930622634,33,4a5b8a4c4434d21db005f838634c9e8835e24c2c2cd7a3811b1c5d04137fac2c
343,343,7,4,229103989274,22,05e40564e571cf98b73b270b337e9fc40e321fd25df26945fa4c4806d14c5868
344,344,8,4,229458588554,25,f7710af6b40229fa50c2a3a6a791c2f9220ce67522fc388061302f0dbdb75be9
345,345,9,4,229527966674,23,8449cff7dbad0790bd570c93865ec8688936ed41fb9cb5249fef667b0af72fef
346,346,10,4,229543384034,24,548f52a3fbf321b62f05d4f21acda392853161343907a44bb324a4802a67fd36
347,347,11,4,229628179514,31,8ca1e8f00d4f8c36e0e5f298d2157527c42ac18ccc9d884167c0a9b60386464d
348,348,12,4,229697557634,28,43a10edb75ee30ae2e37ecce6a31b63d2abe31835303c60daf90fe534c6ea575
349,349,13,4,229797770474,29,63f6f67e70073a8ee7516805fe01358b0d2bf1ff47726a91bcdfdc8354b36765
350,350,14,4,229863372914,33,362bba3c89d5874c4af654f351ca910121238d5329fcde6672e61da0082d9e16
351,351,15,4,230127525154,58,8b01801c792b06301f92b01674bdf53b362969cce9dcce021f858155b1aedb0c
352,352,16,4,230476134314,32,662455a73ff7020b2428f48dfbbcd3c72e2e3abc10d470e6d746a6ea23f706ea
353,353,17,4,230626532234,35,b1cfd00613a0d73a84f7752d2a96fa71f78b090d4d2f02808a8cac47d6f0df0d
354,354,18,4,230630307914,30,b49d9228dca26e9d9d6fd19b331707d14e29bf12a36131b41523c1826e06cdc3
355,355,19,4,230715103394,27,33c0354af5751b287d161d2a69c04d8538731526a4ff1f8b38e40576e56d617b
356,356,20,4,230799898874,39,6af4bef61a171726a4db8de64cc7e39b9938ddd7b15573fb9d2da0f83e7b5e77
357,357,21,4,230969489834,25,d15e0a3ad954643b06a3423503478cea96b0920a43b0ef0e31d8a7a00811b085
358,358,22,4,231158459674,52,1dd9ccefc4bf61ebb32da0c7fa695ff94095b668c834ad50a837df7c2d8acf8c
359,359,23,4,231324089114,34,f91d06e1be79871c5b46c55092f398d1881ed89fc06de5e9eb7390c9e29a2927
360,360,24,4,231408884594,43,4473d70cd4e99b72b2dc532728b084deefb11af9589ef232b3e4bbc4cac54252
361,361,25,4,231578475554,22,5bfee06df4b8198cee8f9a0f92c799fdca024b8112edbad53f3e0f98a8a825d0
362,362,26,4,231647853674,21,b4fdc6fd47119483077b5eb0afc0cee36988cc25fed7e8d007624f63a2cea8fd
363,363,27,4,232238486314,49,1b8d60edb3d3d18218e6b6f0c20b6dca56694bdc49c9627af8a1bb961d0fde19
364,364,28,4,232287578434,55,6c9e68b9db44735e7980146ae30afd055f1855baf1d5ebef330026acc66617a4
365,365,29,4,232426430354,23,37977fb9e5962cff4deef4760ab2f76febb15651868d895c7093b75a00ae9730
366,366,30,4,232580603954,29,8cdd41dca4bc12e6d1e48ed73ec2d3eb8ae7447d741ada69b6003a790d94a150
367,367,31,4,232661623754,40,7bb62ceaa751c4d102f73162e05a933af2e557e21ed2ccaa6b96a1039f6c3dff
368,368,32,4,233220328714,54,7047bc71c139a6c2b8857d73d53e2f93af8b5e50de4dcc118afd1b446dd7246b
369,369,33,4,233274385154,25,eb329ef4a3f6be4738e212eaedbf7cc302317199a703deb0e0af1cf7f47b6e85
370,370,34,4,233359180634,27,02ace1bb0fdedce8092f644a200421103ae6e38e06206595bf46366de4ab01b3
371,371,35,4,233598149714,26,2cd1641625b188b7eacaec2ec6bdb895ebb5384b5ada8f8dd4d1c80c1fa8816f
372,372,36,4,233698362554,29,9fe88fd8793ce6933de1162506ddf2d900e24727d4eb6f8422ebeb438b5b114f
373,373,37,4,233763964994,39,8ab12aae78fe072dc3e06581eae52535b220f8784d3c8e47b6d77bbec6438169
374,374,38,4,233907618394,54,c80b76160e371d24cd49c442b144f667cbd3a0ef0c941012fc602d2b8568d3b8
375,375,39,4,234018351434,35,a91416f7b9da45b8e4e4a45c820699fa63fbbb65db20aa527981720e30f1d1e8
376,376,40,4,234153078994,68,e624a054942196177d7981f2cc103d2eaccae28f952d06238eff931509cb86aa
377,377,41,4,234191718074,25,ff6319e9137118be708e7979a34161b7e8f6ad60458e4a49bbc23f903ee9866b
378,378,42,4,234357533354,28,8dccbd6f1b147a8fb9702b5eca7d95e35e3391df268bd8e3c834e50a3a477d66
379,379,43,4,234376726394,29,55de18189d2b8d1eacb35926d3ffa7169fd4e264fa025a6d5bfc412473d67dab
380,380,44,4,234496723834,50,049ed5b1b17071f0a63cd5c13389abd9657afad4f3b746646bb8756bcb3ef94a
381,381,45,4,234530899994,38,b98e714494eead8c2d783f46a578a3b9c2f5400e6ac84fc3a810e5828de4ad3d
382,382,46,4,234644000194,61,5ff071e38390ddf7f98eb1868235d9a2fbe7f514ea7b4926694516c28c602b8b
383,383,47,4,235063577594,33,098a81b1e494e5cceea9801ed8647f3e4c03de000b10f49aed20c3314a6a2bb6
384,384,48,4,235224681194,39,c224601002127fac9706720633f88e6ce67149052087513c9257212007509938
385,385,49,4,235268871914,26,2e200d9514181e65a7b86794a257b8c9b4f9ae93222ee8044326e3452f9d2207
386,386,50,4,235309476674,27,86e5a8729a053fceef9bceed81bbbabd875459c7fc9f56d9616d5a504f7ec638
387,387,51,4,235629465554,36,29b6ba4d1d1a19b625ea4d6df6baf832206eebc886bb3712dcd6e9dca9f8c6f9
388,388,52,4,235883851994,30,b8f55aa274ff61062e1521f2004cd9c849c683137b1518704840aacbd9abfab4
389,389,53,4,236057218634,31,2190f112a2e9409afea34c2fe4d65927478cf3dd50967ac6e2ff1180110edf56
390,390,54,4,236072635994,32,ca3b529b95900cc19b5ac0be3666340d2e5a7ed466d6e42a360c533342f07e66
391,391,55,4,236142014114,30,8f2a1480d776e31ee632e75ea06983a6cdd0697ff925463e3868adf4b36480b3
392,392,56,4,236157431474,32,20e9e90ad5196fd49200ddbcf8cf02d65875271e80d3c4ae5e942aab3918199a
393,393,57,4,236496613394,40,23a81c50428d4fa04527c569802d2e40c118cd722f4cd2645f6a8e9cf57ba231
394,394,58,4,236902237714,55,435d0938677ac8d99d07124cadb58f3dff8ed6454391a4e7f8bfb7bead126782
395,395,59,4,236920590794,35,6e875ddd76b77e1229ec1a0023f25b9779f8b0f6d83bed8f5a3d95df3d752152
396,396,60,4,237074764394,32,211ab87fb2ecb8b81e56cb55e408188ee83e6d2273fa7bd434042db5faecce16
397,397,61,4,237155784194,34,88a43730622e4ec28c16e43aeb4d020f2c852d3b97754436eee22594660fd6b7
398,398,62,4,237174977234,30,aef2b5248a8680bbfd3cb53664dd2f160947a98c437f4460a5147df119cbd10a
399,399,63,4,237244355354,26,9e45f29650d5f2c0ac34e63b0e12ab52d2365e21c7499a802a76b126031c7c45
400,400,64,4,237259772714,28,bab2fb7492a8f952c61602201227f7ec0d0e28a008b7fadf6ad20b34b532e31e
401,401,65,4,237329150834,22,e6b97fce5ff83af7f1014bb214b4fb7aed9ff1ed528b6c26271a56823a97528a
402,402,66,4,237494966114,27,72232763d736f65dbbe6259942e9655b0abbce618d7d9d09c6d762c92b1d6f4b
403,403,67,4,238007514674,20,64d2d70468bb48710a4c1f0481e96c22db40fcf34cadfb345d4d9953a2d434ef
404,404,68,4,238022932034,29,f04ebaedd3458aa2dcf43a52b152bb5af47da998566338f467bb9ce9f36e4e28
405,405,69,4,238092310154,36,8e175aa833320dca90698444731d3b89c701a163743154d8352e19ece3871e5b
406,406,70,4,238107727514,26,f5b42fda92d35ed06113e9a16260cbc894020e6f1abe03af22ba495e521ced6f
407,407,71,4,238258125434,36,4f8c49bf7b765fec071b0714def9d530ac893f7a1c3687efabf3ee69a3323afd
408,408,72,4,238424093434,55,e443c9565051c50e227b4ecb724e53c5a5c9b5432128558cc13e22c1ee570ab2
409,409,73,4,238431492074,23,f594ae04561de698d35d63dd2d6fe97831880aadd46e34b90f622da9bf07e6a8
410,410,74,4,238522277674,67,3de47dcb22bb8c27c5267119fb71e460ee887db52a35eac19e1d6ebd91b70e6f
411,411,75,4,238571369794,54,275998384232c497c3bbc2793cf16305bd7ddaf6e0785e439668de828f244df0
412,412,76,4,238682102834,33,50287ecaa37e1acb861f9ecc10de0be805eb89111855abf0316ec71b28bd8b4e
413,413,77,4,238786091354,37,93e5f49b0871bc70cebbb025532faa6417ad72c5407a6f4b4cab6b4b506d55d3
414,414,78,4,238816830394,56,6ec53a6e0ba8efe56170a7031599c512339769dccc124f708c328dbb3a1543e2
415,415,79,4,238855469474,26,5fcffdcc777ea3e98fe6e11d0fce8d6af286861db25c6b6eec80d95bbe055d2d
416,416,80,4,238940264954,27,da52c5d89a277bbfddcf997ab38d580b27d66e3b28ea8becf3fb5570857b746c
417,417,81,4,239021284754,27,b610e3bf441f95d7c8672d12c4e70f4b8487ce24fbefa4cd1bd4161662ed7482
418,418,82,4,239025060434,21,d0c8de4d422733add1d225474cc6690aec3f59482ca298d6d49b9a927bd954ea
419,419,83,4,239125273274,36,5c0c68bddc7496bb248ab6f68c311b3f0bb22d148d581890ad5fe43b4f5ac02b
420,420,0,5,239194651394,28,8434100e78d6ec78748f92ef48d4733dcaeefa61634dea15f2013de372246f14
421,421,1,5,239294864234,35,2569ea4bd4521d499a1afad78f4a7129a2c27a789394e7be9f52fd2ecad4cd84
422,422,2,5,239682699794,28,02ce32a85060bc843cefd516ba09d6a759bd93e42bb11925b8887e9a4e83e55a
423,423,3,5,241653720314,29,fdd9ba7fa3af8d8f0a1a1604c24b46b2ad5692febc765ae0b04e0fb06c508ce7
424,424,4,5,241819535594,38,5a4201ad5a8a1b2481a76f55df8f366465771b049d36924ba284890c6772bdeb
425,425,5,5,241908106754,28,04ba1cdd48d33252e308d8033ae692dc77c6f1611045ac29786cb6fcd80e361b
426,426,6,5,241992902234,27,8030799f86a9ed08f06187260735fefbb8c125c43a11eeeae79ca2eb0428c1ae
427,427,7,5,242413103954,40,29953506ddc7535824708a672bf344d78760e03adc8f306bf53e537c33bc544c
428,428,8,5,242686683434,28,527a53da2a16c9e509e07ce91ca4ccd6f2c5205f5ba2c45a21e538f099d22aab
429,429,9,5,242840857034,28,42bb9501e2abdc7c58ec6a13c5d08c616c1b48bf090b24d26a513e16d486d0ea
430,430,10,5,242925652514,30,193fd907f49edf74f6d5c0a7bcd86debbd9e1a25475f8e759e3539169988dc68
431,431,11,5,243025865354,23,2ef0b822a506f774060195c68fefc6d0c35cb9ac43a7a701b2e0d3e863840608
432,432,12,5,243345854234,38,e8360db213cda084065dea1f3d80cb3c77afaeb66e660080c2d73a9237bbcb31
433,433,13,5,243480581794,55,169773ff790cee8a0edaddb1c92f0759e7acd8c1587562e23498dbca6f2776a8
434,434,14,5,243519220874,28,ce21ff2061091865a7cef14f0a4f9b7964f4be4602dd151d5756654a156ded39
435,435,15,5,243604016354,23,ed828b4b225953c36de996a82dc38c16b4fd6fb75fe368b7d65e2251ee99c33f
436,436,16,5,243685036154,38,025c2dc0802cc32ed40c99da5312d896990459946deaa9bf056fce397067b4ef
437,437,17,5,243773607314,33,8999a87856f57668817be02e77f9796258d6ffd69d3397c7a8e432c71d8bfd7b
438,438,18,5,243858402794,30,2a01cc369555d13e546a0429f6437727987279728f99fb0fa7fd614b6643cb78
439,439,19,5,243958615634,42,5e5ccaf594dc802370a70efd08eda98c7b9735d40059fc3c5c6c8e93004e2aee
440,440,20,5,244278604514,29,c2fbcf544d02b7e9f1d975724f9d50311d43684a9ac6e579e86635a0907d391d
441,441,21,5,244451971154,35,98ee7f4643a25ad23b721bd4be7a50c383a26d7ac84e00acab3b931b3a3eec86
442,442,22,5,244636979474,34,50c851073f3a7ef52422548a8154bc1a5a29332dab1b002e2a38be84965d6499
443,443,23,5,244904253274,63,25fa48f302469ae9fd0bf62944e9308fc621cceb4c7e7fd7d9238c0f3b8f4888
444,444,24,5,244956968354,32,789d747ecaa8a20efd67744f5674a9b58e0d0c0d2bcc5de2f29ee51baf819927
445,445,25,5,245346082354,69,0323fb1adb477909fcb3cc515bd1fda4e7c2e0d883604458a54450b7c0e8185c
446,446,26,5,245444266594,64,0582c0cadcd3ac7c569edec461d502438d107fa66729bc4cb8e7042cd0c21bc9
447,447,27,5,245469516914,29,c240266e3bc8fd27b72b015c521ef3f219575e27501104bb65dc8c4feef423a4
448,448,28,5,245550536714,31,5282581d63bb78dae1f77f3a682fa0e02b5900072a40b52731b78de7f5d852b5
449,449,29,5,245723903354,30,736816d43fa858f467838829535f0d3809ead14c0de4fba7b4a0f53d77553f5d
450,450,30,5,245824116194,22,aabd4e69d31ce916736aeb14fc85d42fadeb3f37726f0159cfb1f42b0d3ec6d7
451,451,31,5,246033372034,55,412e036134c807e667b2692ccba6a7ac2738d6728fa524c4fd49b8b4e9f64e64
452,452,32,5,246248093594,21,5c267ab592100d29373c84f40badc79231e995f947beaa965fcdfe8c0c18ea06
453,453,33,5,246587275514,27,afe470955949faecbc8faf0c1bb82db0e770743f4bf9a1e87c9a8934d5e3914e
