pair_index,c,d,shift,target_survival_count,target_survival_frequency,h_-720_persistent_covered,h_-720_survival_count,h_-720_survival_frequency,h_-360_persistent_covered,h_-360_survival_count,h_-360_survival_frequency,h_0_persistent_covered,h_0_survival_count,h_0_survival_frequency,h_360_persistent_covered,h_360_survival_count,h_360_survival_frequency,h_720_persistent_covered,h_720_survival_count,h_720_survival_frequency,mean_control_frequency_numerator,mean_control_frequency_denominator,mean_control_frequency_decimal,target_minus_mean_control_frequency_numerator,target_minus_mean_control_frequency_denominator,target_minus_mean_control_frequency_decimal,rank_target_survival_frequency,rank_target_excess_above_control_mean,rank_target_deficit_below_control_mean
0,0,0,2,50,0.194552529182879377431906614786,0,47,0.182879377431906614785992217899,0,54,0.210116731517509727626459143969,0,50,0.194552529182879377431906614786,1,0,0,1,0,0,101,1028,0.0982490272373540856031128404669,99,1028,0.0963035019455252918287937743191,173,36,372
1,0,1,6,0,0,0,60,0.233463035019455252918287937743,1,0,0,1,0,0,0,69,0.268482490272373540856031128405,0,64,0.249027237354085603112840466926,193,1028,0.187743190661478599221789883268,-193,1028,-0.187743190661478599221789883268,192,358,48
2,0,2,26,0,0,1,0,0,1,0,0,1,0,0,1,0,0,1,0,0,0,1028,0,0,1,0,193,161,105
3,0,3,126,63,0.245136186770428015564202334630,1,0,0,0,56,0.217898832684824902723735408560,0,63,0.245136186770428015564202334630,1,0,0,0,73,0.284046692607003891050583657588,129,1028,0.125486381322957198443579766537,123,1028,0.119649805447470817120622568093,99,24,384
4,0,4,626,0,0,1,0,0,1,0,0,1,0,0,1,0,0,1,0,0,0,1028,0,0,1,0,194,162,106
5,0,5,3126,0,0,0,64,0.249027237354085603112840466926,0,70,0.272373540856031128404669260700,1,0,0,0,57,0.221789883268482490272373540856,1,0,0,191,1028,0.185797665369649805447470817121,-191,1028,-0.185797665369649805447470817121,195,355,52
6,0,6,15626,56,0.217898832684824902723735408560,0,50,0.194552529182879377431906614786,0,51,0.198443579766536964980544747082,0,56,0.217898832684824902723735408560,1,0,0,0,56,0.217898832684824902723735408560,157,1028,0.152723735408560311284046692607,67,1028,0.0651750972762645914396887159533,156,87,320
7,0,7,78126,0,0,0,67,0.260700389105058365758754863813,0,66,0.256809338521400778210116731518,1,0,0,0,67,0.260700389105058365758754863813,0,61,0.237354085603112840466926070039,261,1028,0.253891050583657587548638132296,-261,1028,-0.253891050583657587548638132296,196,390,18
8,0,8,390626,0,0,1,0,0,1,0,0,1,0,0,1,0,0,1,0,0,0,1028,0,0,1,0,197,163,107
9,0,9,1953126,63,0.245136186770428015564202334630,1,0,0,0,64,0.249027237354085603112840466926,0,63,0.245136186770428015564202334630,0,67,0.260700389105058365758754863813,0,71,0.276264591439688715953307392996,202,1028,0.196498054474708171206225680934,25,514,0.0486381322957198443579766536965,100,111,297
10,0,10,9765626,0,0,1,0,0,1,0,0,1,0,0,1,0,0,1,0,0,0,1028,0,0,1,0,198,164,108
11,0,11,48828126,72,0.280155642023346303501945525292,0,71,0.276264591439688715953307392996,0,60,0.233463035019455252918287937743,0,72,0.280155642023346303501945525292,0,71,0.276264591439688715953307392996,0,70,0.272373540856031128404669260700,272,1028,0.264591439688715953307392996109,4,257,0.0155642023346303501945525291829,15,146,261
12,0,12,244140626,41,0.159533073929961089494163424125,0,52,0.202334630350194552529182879377,0,55,0.214007782101167315175097276265,0,41,0.159533073929961089494163424125,1,0,0,0,54,0.210116731517509727626459143969,161,1028,0.156614785992217898832684824903,3,1028,0.00291828793774319066147859922179,191,156,252
13,0,13,1220703126,0,0,0,71,0.276264591439688715953307392996,0,65,0.252918287937743190661478599222,1,0,0,0,69,0.268482490272373540856031128405,0,70,0.272373540856031128404669260700,275,1028,0.267509727626459143968871595331,-275,1028,-0.267509727626459143968871595331,199,403,4
14,0,14,6103515626,0,0,1,0,0,1,0,0,1,0,0,1,0,0,1,0,0,0,1028,0,0,1,0,200,165,109
15,0,15,30517578126,60,0.233463035019455252918287937743,1,0,0,0,60,0.233463035019455252918287937743,0,60,0.233463035019455252918287937743,0,72,0.280155642023346303501945525292,1,0,0,132,1028,0.128404669260700389105058365759,27,257,0.105058365758754863813229571984,127,32,376
16,0,16,152587890626,0,0,1,0,0,1,0,0,1,0,0,1,0,0,1,0,0,0,1028,0,0,1,0,201,166,110
17,1,0,4,61,0.237354085603112840466926070039,0,70,0.272373540856031128404669260700,0,63,0.245136186770428015564202334630,0,61,0.237354085603112840466926070039,0,64,0.249027237354085603112840466926,0,61,0.237354085603112840466926070039,258,1028,0.250972762645914396887159533074,-7,514,-0.0136186770428015564202334630350,121,318,89
18,1,1,8,0,0,1,0,0,1,0,0,1,0,0,1,0,0,1,0,0,0,1028,0,0,1,0,202,167,111
19,1,2,28,58,0.225680933852140077821011673152,1,0,0,0,63,0.245136186770428015564202334630,0,58,0.225680933852140077821011673152,0,67,0.260700389105058365758754863813,1,0,0,130,1028,0.126459143968871595330739299611,51,514,0.0992217898832684824902723735409,146,34,373
20,1,3,128,47,0.182879377431906614785992217899,0,56,0.217898832684824902723735408560,0,52,0.202334630350194552529182879377,0,47,0.182879377431906614785992217899,1,0,0,0,48,0.186770428015564202334630350195,156,1028,0.151750972762645914396887159533,8,257,0.0311284046692607003891050583658,182,135,272
21,1,4,628,70,0.272373540856031128404669260700,0,59,0.229571984435797665369649805447,0,71,0.276264591439688715953307392996,0,70,0.272373540856031128404669260700,0,75,0.291828793774319066147859922179,1,0,0,205,1028,0.199416342412451361867704280156,75,1028,0.0729571984435797665369649805447,27,76,330
22,1,5,3128,0,0,1,0,0,1,0,0,1,0,0,1,0,0,1,0,0,0,1028,0,0,1,0,203,168,112
23,1,6,15628,0,0,0,70,0.272373540856031128404669260700,0,59,0.229571984435797665369649805447,1,0,0,0,67,0.260700389105058365758754863813,0,61,0.237354085603112840466926070039,257,1028,0.25,-1,4,-0.25,204,384,23
24,1,7,78128,0,0,1,0,0,1,0,0,1,0,0,1,0,0,1,0,0,0,1028,0,0,1,0,205,169,113
25,1,8,390628,72,0.280155642023346303501945525292,1,0,0,0,62,0.241245136186770428015564202335,0,72,0.280155642023346303501945525292,0,72,0.280155642023346303501945525292,0,61,0.237354085603112840466926070039,195,1028,0.189688715953307392996108949416,93,1028,0.0904669260700389105058365758755,16,47,359
26,1,9,1953128,50,0.194552529182879377431906614786,1,0,0,0,49,0.190661478599221789883268482490,0,50,0.194552529182879377431906614786,1,0,0,0,57,0.221789883268482490272373540856,106,1028,0.103112840466926070038910505837,47,514,0.0914396887159533073929961089494,174,45,362
27,1,10,9765628,73,0.284046692607003891050583657588,0,62,0.241245136186770428015564202335,0,73,0.284046692607003891050583657588,0,73,0.284046692607003891050583657588,0,64,0.249027237354085603112840466926,0,61,0.237354085603112840466926070039,260,1028,0.252918287937743190661478599222,8,257,0.0311284046692607003891050583658,10,136,273
28,1,11,48828128,0,0,1,0,0,1,0,0,1,0,0,1,0,0,1,0,0,0,1028,0,0,1,0,206,170,114
29,1,12,244140628,0,0,0,62,0.241245136186770428015564202335,0,70,0.272373540856031128404669260700,1,0,0,0,64,0.249027237354085603112840466926,0,72,0.280155642023346303501945525292,268,1028,0.260700389105058365758754863813,-67,257,-0.260700389105058365758754863813,207,397,10
30,1,13,1220703128,0,0,1,0,0,1,0,0,1,0,0,1,0,0,1,0,0,0,1028,0,0,1,0,208,171,115
31,1,14,6103515628,66,0.256809338521400778210116731518,1,0,0,0,65,0.252918287937743190661478599222,0,66,0.256809338521400778210116731518,0,64,0.249027237354085603112840466926,0,71,0.276264591439688715953307392996,200,1028,0.194552529182879377431906614786,16,257,0.0622568093385214007782101167315,66,89,318
32,1,15,30517578128,59,0.229571984435797665369649805447,0,47,0.182879377431906614785992217899,0,50,0.194552529182879377431906614786,0,59,0.229571984435797665369649805447,1,0,0,0,52,0.202334630350194552529182879377,149,1028,0.144941634241245136186770428016,87,1028,0.0846303501945525291828793774319,137,55,353
33,1,16,152587890628,0,0,0,68,0.264591439688715953307392996109,1,0,0,1,0,0,0,69,0.268482490272373540856031128405,1,0,0,137,1028,0.133268482490272373540856031128,-137,1028,-0.133268482490272373540856031128,209,337,71
34,2,0,10,60,0.233463035019455252918287937743,0,72,0.280155642023346303501945525292,1,0,0,0,60,0.233463035019455252918287937743,0,64,0.249027237354085603112840466926,0,63,0.245136186770428015564202334630,199,1028,0.193579766536964980544747081712,41,1028,0.0398832684824902723735408560311,128,125,281
35,2,1,14,0,0,1,0,0,1,0,0,1,0,0,1,0,0,1,0,0,0,1028,0,0,1,0,210,172,116
36,2,2,34,0,0,0,67,0.260700389105058365758754863813,0,69,0.268482490272373540856031128405,1,0,0,0,60,0.233463035019455252918287937743,0,67,0.260700389105058365758754863813,263,1028,0.255836575875486381322957198444,-263,1028,-0.255836575875486381322957198444,211,392,16
37,2,3,134,0,0,1,0,0,1,0,0,1,0,0,1,0,0,1,0,0,0,1028,0,0,1,0,212,173,117
38,2,4,634,59,0.229571984435797665369649805447,0,62,0.241245136186770428015564202335,0,61,0.237354085603112840466926070039,0,59,0.229571984435797665369649805447,1,0,0,0,64,0.249027237354085603112840466926,187,1028,0.181906614785992217898832684825,49,1028,0.0476653696498054474708171206226,138,112,295
39,2,5,3134,54,0.210116731517509727626459143969,0,45,0.175097276264591439688715953307,1,0,0,0,54,0.210116731517509727626459143969,0,50,0.194552529182879377431906614786,1,0,0,95,1028,0.0924124513618677042801556420233,121,1028,0.117704280155642023346303501946,162,25,382
40,2,6,15634,71,0.276264591439688715953307392996,1,0,0,1,0,0,0,71,0.276264591439688715953307392996,0,66,0.256809338521400778210116731518,0,62,0.241245136186770428015564202335,128,1028,0.124513618677042801556420233463,39,257,0.151750972762645914396887159533,20,7,400
41,2,7,78134,0,0,1,0,0,1,0,0,1,0,0,1,0,0,1,0,0,0,1028,0,0,1,0,213,174,118
42,2,8,390634,0,0,0,60,0.233463035019455252918287937743,0,58,0.225680933852140077821011673152,1,0,0,0,66,0.256809338521400778210116731518,1,0,0,184,1028,0.178988326848249027237354085603,-46,257,-0.178988326848249027237354085603,214,346,61
43,2,9,1953134,0,0,1,0,0,1,0,0,1,0,0,1,0,0,1,0,0,0,1028,0,0,1,0,215,175,119
44,2,10,9765634,68,0.264591439688715953307392996109,0,63,0.245136186770428015564202334630,0,65,0.252918287937743190661478599222,0,68,0.264591439688715953307392996109,0,62,0.241245136186770428015564202335,0,70,0.272373540856031128404669260700,260,1028,0.252918287937743190661478599222,3,257,0.0116731517509727626459143968872,48,149,258
45,2,11,48828134,45,0.175097276264591439688715953307,1,0,0,0,49,0.190661478599221789883268482490,0,45,0.175097276264591439688715953307,0,50,0.194552529182879377431906614786,0,48,0.186770428015564202334630350195,147,1028,0.142996108949416342412451361868,33,1028,0.0321011673151750972762645914397,184,134,274
46,2,12,244140634,59,0.229571984435797665369649805447,0,60,0.233463035019455252918287937743,1,0,0,0,59,0.229571984435797665369649805447,0,72,0.280155642023346303501945525292,0,57,0.221789883268482490272373540856,189,1028,0.183852140077821011673151750973,47,1028,0.0457198443579766536964980544747,139,114,290
47,2,13,1220703134,0,0,1,0,0,1,0,0,1,0,0,1,0,0,1,0,0,0,1028,0,0,1,0,216,176,120
48,2,14,6103515634,0,0,0,66,0.256809338521400778210116731518,0,76,0.295719844357976653696498054475,1,0,0,0,71,0.276264591439688715953307392996,0,59,0.229571984435797665369649805447,272,1028,0.264591439688715953307392996109,-68,257,-0.264591439688715953307392996109,217,402,6
49,2,15,30517578134,0,0,1,0,0,1,0,0,1,0,0,1,0,0,1,0,0,0,1028,0,0,1,0,218,177,121
50,2,16,152587890634,62,0.241245136186770428015564202335,1,0,0,0,69,0.268482490272373540856031128405,0,62,0.241245136186770428015564202335,0,74,0.287937743190661478599221789883,0,61,0.237354085603112840466926070039,204,1028,0.198443579766536964980544747082,11,257,0.0428015564202334630350194552529,109,121,286
51,3,0,28,58,0.225680933852140077821011673152,1,0,0,0,63,0.245136186770428015564202334630,0,58,0.225680933852140077821011673152,0,67,0.260700389105058365758754863813,1,0,0,130,1028,0.126459143968871595330739299611,51,514,0.0992217898832684824902723735409,147,35,374
52,3,1,32,0,0,1,0,0,1,0,0,1,0,0,1,0,0,1,0,0,0,1028,0,0,1,0,219,178,122
53,3,2,52,0,0,0,70,0.272373540856031128404669260700,1,0,0,1,0,0,0,67,0.260700389105058365758754863813,0,60,0.233463035019455252918287937743,197,1028,0.191634241245136186770428015564,-197,1028,-0.191634241245136186770428015564,220,362,46
54,3,3,152,0,0,1,0,0,1,0,0,1,0,0,1,0,0,1,0,0,0,1028,0,0,1,0,221,179,123
55,3,4,652,59,0.229571984435797665369649805447,1,0,0,0,72,0.280155642023346303501945525292,0,59,0.229571984435797665369649805447,0,70,0.272373540856031128404669260700,0,57,0.221789883268482490272373540856,199,1028,0.193579766536964980544747081712,37,1028,0.0359922178988326848249027237354,140,130,278
56,3,5,3152,56,0.217898832684824902723735408560,0,55,0.214007782101167315175097276265,0,51,0.198443579766536964980544747082,0,56,0.217898832684824902723735408560,1,0,0,0,57,0.221789883268482490272373540856,163,1028,0.158560311284046692607003891051,61,1028,0.0593385214007782101167315175097,157,91,314
57,3,6,15652,61,0.237354085603112840466926070039,1,0,0,0,71,0.276264591439688715953307392996,0,61,0.237354085603112840466926070039,0,67,0.260700389105058365758754863813,0,70,0.272373540856031128404669260700,208,1028,0.202334630350194552529182879377,9,257,0.0350194552529182879377431906615,122,131,276
58,3,7,78152,0,0,1,0,0,1,0,0,1,0,0,1,0,0,1,0,0,0,1028,0,0,1,0,222,180,124
59,3,8,390652,65,0.252918287937743190661478599222,0,69,0.268482490272373540856031128405,0,64,0.249027237354085603112840466926,0,65,0.252918287937743190661478599222,0,63,0.245136186770428015564202334630,0,72,0.280155642023346303501945525292,268,1028,0.260700389105058365758754863813,-2,257,-0.00778210116731517509727626459144,80,310,97
60,3,9,1953152,0,0,1,0,0,1,0,0,1,0,0,1,0,0,1,0,0,0,1028,0,0,1,0,223,181,125
61,3,10,9765652,66,0.256809338521400778210116731518,0,71,0.276264591439688715953307392996,0,72,0.280155642023346303501945525292,0,66,0.256809338521400778210116731518,1,0,0,0,75,0.291828793774319066147859922179,218,1028,0.212062256809338521400778210117,23,514,0.0447470817120622568093385214008,67,119,289
62,3,11,48828152,42,0.163424124513618677042801556420,0,49,0.190661478599221789883268482490,0,53,0.206225680933852140077821011673,0,42,0.163424124513618677042801556420,1,0,0,0,54,0.210116731517509727626459143969,156,1028,0.151750972762645914396887159533,3,257,0.0116731517509727626459143968872,190,150,259
63,3,12,244140652,0,0,1,0,0,0,71,0.276264591439688715953307392996,1,0,0,0,66,0.256809338521400778210116731518,0,74,0.287937743190661478599221789883,211,1028,0.205252918287937743190661478599,-211,1028,-0.205252918287937743190661478599,224,375,33
64,3,13,1220703152,0,0,1,0,0,1,0,0,1,0,0,1,0,0,1,0,0,0,1028,0,0,1,0,225,182,126
65,3,14,6103515652,65,0.252918287937743190661478599222,1,0,0,1,0,0,0,65,0.252918287937743190661478599222,0,66,0.256809338521400778210116731518,0,52,0.202334630350194552529182879377,118,1028,0.114785992217898832684824902724,71,514,0.138132295719844357976653696498,81,15,393
66,3,15,30517578152,0,0,1,0,0,1,0,0,1,0,0,1,0,0,1,0,0,0,1028,0,0,1,0,226,183,127
67,3,16,152587890652,66,0.256809338521400778210116731518,0,67,0.260700389105058365758754863813,0,65,0.252918287937743190661478599222,0,66,0.256809338521400778210116731518,0,72,0.280155642023346303501945525292,0,70,0.272373540856031128404669260700,274,1028,0.266536964980544747081712062257,-5,514,-0.00972762645914396887159533073930,68,312,94
68,4,0,82,62,0.241245136186770428015564202335,0,64,0.249027237354085603112840466926,0,72,0.280155642023346303501945525292,0,62,0.241245136186770428015564202335,1,0,0,1,0,0,136,1028,0.132295719844357976653696498054,28,257,0.108949416342412451361867704280,110,31,377
69,4,1,86,0,0,1,0,0,1,0,0,1,0,0,1,0,0,1,0,0,0,1028,0,0,1,0,227,184,128
70,4,2,106,63,0.245136186770428015564202334630,1,0,0,0,66,0.256809338521400778210116731518,0,63,0.245136186770428015564202334630,0,67,0.260700389105058365758754863813,0,65,0.252918287937743190661478599222,198,1028,0.192607003891050583657587548638,27,514,0.0525291828793774319066147859922,101,105,302
71,4,3,206,0,0,1,0,0,1,0,0,1,0,0,1,0,0,1,0,0,0,1028,0,0,1,0,228,185,129
72,4,4,706,0,0,0,62,0.241245136186770428015564202335,0,57,0.221789883268482490272373540856,1,0,0,0,58,0.225680933852140077821011673152,1,0,0,177,1028,0.172178988326848249027237354086,-177,1028,-0.172178988326848249027237354086,229,344,64
73,4,5,3206,50,0.194552529182879377431906614786,1,0,0,0,55,0.214007782101167315175097276265,0,50,0.194552529182879377431906614786,1,0,0,0,50,0.194552529182879377431906614786,105,1028,0.102140077821011673151750972763,95,1028,0.0924124513618677042801556420233,175,43,364
74,4,6,15706,59,0.229571984435797665369649805447,0,62,0.241245136186770428015564202335,0,62,0.241245136186770428015564202335,0,59,0.229571984435797665369649805447,0,74,0.287937743190661478599221789883,0,67,0.260700389105058365758754863813,265,1028,0.257782101167315175097276264591,-29,1028,-0.0282101167315175097276264591440,141,324,81
75,4,7,78206,0,0,1,0,0,1,0,0,1,0,0,1,0,0,1,0,0,0,1028,0,0,1,0,230,186,130
76,4,8,390706,0,0,0,72,0.280155642023346303501945525292,0,59,0.229571984435797665369649805447,1,0,0,0,69,0.268482490272373540856031128405,1,0,0,200,1028,0.194552529182879377431906614786,-50,257,-0.194552529182879377431906614786,231,364,43
77,4,9,1953206,0,0,1,0,0,1,0,0,1,0,0,1,0,0,1,0,0,0,1028,0,0,1,0,232,187,131
78,4,10,9765706,0,0,0,68,0.264591439688715953307392996109,0,71,0.276264591439688715953307392996,1,0,0,1,0,0,0,65,0.252918287937743190661478599222,204,1028,0.198443579766536964980544747082,-51,257,-0.198443579766536964980544747082,233,369,38
79,4,11,48828206,58,0.225680933852140077821011673152,1,0,0,0,48,0.186770428015564202334630350195,0,58,0.225680933852140077821011673152,0,45,0.175097276264591439688715953307,0,51,0.198443579766536964980544747082,144,1028,0.140077821011673151750972762646,22,257,0.0856031128404669260700389105058,148,52,354
80,4,12,244140706,73,0.284046692607003891050583657588,0,78,0.303501945525291828793774319066,0,68,0.264591439688715953307392996109,0,73,0.284046692607003891050583657588,0,67,0.260700389105058365758754863813,1,0,0,213,1028,0.207198443579766536964980544747,79,1028,0.0768482490272373540856031128405,11,69,338
81,4,13,1220703206,0,0,1,0,0,1,0,0,1,0,0,1,0,0,1,0,0,0,1028,0,0,1,0,234,188,132
82,4,14,6103515706,65,0.252918287937743190661478599222,0,71,0.276264591439688715953307392996,0,58,0.225680933852140077821011673152,0,65,0.252918287937743190661478599222,0,70,0.272373540856031128404669260700,0,69,0.268482490272373540856031128405,268,1028,0.260700389105058365758754863813,-2,257,-0.00778210116731517509727626459144,82,311,98
83,4,15,30517578206,0,0,1,0,0,1,0,0,1,0,0,1,0,0,1,0,0,0,1028,0,0,1,0,235,189,133
84,4,16,152587890706,68,0.264591439688715953307392996109,0,71,0.276264591439688715953307392996,0,72,0.280155642023346303501945525292,0,68,0.264591439688715953307392996109,0,74,0.287937743190661478599221789883,0,58,0.225680933852140077821011673152,275,1028,0.267509727626459143968871595331,-3,1028,-0.00291828793774319066147859922179,49,305,100
85,5,0,244,0,0,1,0,0,0,58,0.225680933852140077821011673152,1,0,0,0,61,0.237354085603112840466926070039,1,0,0,119,1028,0.115758754863813229571984435798,-119,1028,-0.115758754863813229571984435798,236,335,73
86,5,1,248,0,0,1,0,0,1,0,0,1,0,0,1,0,0,1,0,0,0,1028,0,0,1,0,237,190,134
87,5,2,268,75,0.291828793774319066147859922179,0,71,0.276264591439688715953307392996,0,70,0.272373540856031128404669260700,0,75,0.291828793774319066147859922179,1,0,0,0,66,0.256809338521400778210116731518,207,1028,0.201361867704280155642023346304,93,1028,0.0904669260700389105058365758755,2,48,360
88,5,3,368,0,0,1,0,0,1,0,0,1,0,0,1,0,0,1,0,0,0,1028,0,0,1,0,238,191,135
89,5,4,868,60,0.233463035019455252918287937743,1,0,0,0,62,0.241245136186770428015564202335,0,60,0.233463035019455252918287937743,0,66,0.256809338521400778210116731518,0,70,0.272373540856031128404669260700,198,1028,0.192607003891050583657587548638,21,514,0.0408560311284046692607003891051,129,123,284
90,5,5,3368,44,0.171206225680933852140077821012,0,50,0.194552529182879377431906614786,0,54,0.210116731517509727626459143969,0,44,0.171206225680933852140077821012,0,47,0.182879377431906614785992217899,1,0,0,151,1028,0.146887159533073929961089494163,25,1028,0.0243190661478599221789883268482,189,141,266
91,5,6,15868,0,0,0,76,0.295719844357976653696498054475,0,59,0.229571984435797665369649805447,1,0,0,0,76,0.295719844357976653696498054475,0,70,0.272373540856031128404669260700,281,1028,0.273346303501945525291828793774,-281,1028,-0.273346303501945525291828793774,239,406,2
92,5,7,78368,0,0,1,0,0,1,0,0,1,0,0,1,0,0,1,0,0,0,1028,0,0,1,0,240,192,136
93,5,8,390868,72,0.280155642023346303501945525292,0,71,0.276264591439688715953307392996,1,0,0,0,72,0.280155642023346303501945525292,1,0,0,0,63,0.245136186770428015564202334630,134,1028,0.130350194552529182879377431907,77,514,0.149805447470817120622568093385,17,9,399
94,5,9,1953368,0,0,1,0,0,1,0,0,1,0,0,1,0,0,1,0,0,0,1028,0,0,1,0,241,193,137
95,5,10,9765868,70,0.272373540856031128404669260700,1,0,0,0,55,0.214007782101167315175097276265,0,70,0.272373540856031128404669260700,0,63,0.245136186770428015564202334630,1,0,0,118,1028,0.114785992217898832684824902724,81,514,0.157587548638132295719844357977,28,6,402
96,5,11,48828368,50,0.194552529182879377431906614786,0,56,0.217898832684824902723735408560,0,48,0.186770428015564202334630350195,0,50,0.194552529182879377431906614786,0,64,0.249027237354085603112840466926,0,45,0.175097276264591439688715953307,213,1028,0.207198443579766536964980544747,-13,1028,-0.0126459143968871595330739299611,176,316,91
97,5,12,244140868,0,0,0,63,0.245136186770428015564202334630,0,61,0.237354085603112840466926070039,1,0,0,0,63,0.245136186770428015564202334630,0,73,0.284046692607003891050583657588,260,1028,0.252918287937743190661478599222,-65,257,-0.252918287937743190661478599222,242,388,19
98,5,13,1220703368,0,0,1,0,0,1,0,0,1,0,0,1,0,0,1,0,0,0,1028,0,0,1,0,243,194,138
99,5,14,6103515868,69,0.268482490272373540856031128405,0,60,0.233463035019455252918287937743,0,65,0.252918287937743190661478599222,0,69,0.268482490272373540856031128405,1,0,0,0,55,0.214007782101167315175097276265,180,1028,0.175097276264591439688715953307,24,257,0.0933852140077821011673151750973,40,41,366
100,5,15,30517578368,0,0,1,0,0,1,0,0,1,0,0,1,0,0,1,0,0,0,1028,0,0,1,0,244,195,139
101,5,16,152587890868,69,0.268482490272373540856031128405,0,68,0.264591439688715953307392996109,0,68,0.264591439688715953307392996109,0,69,0.268482490272373540856031128405,0,67,0.260700389105058365758754863813,0,65,0.252918287937743190661478599222,268,1028,0.260700389105058365758754863813,2,257,0.00778210116731517509727626459144,41,153,255
102,6,0,730,72,0.280155642023346303501945525292,0,72,0.280155642023346303501945525292,0,70,0.272373540856031128404669260700,0,72,0.280155642023346303501945525292,1,0,0,0,60,0.233463035019455252918287937743,202,1028,0.196498054474708171206225680934,43,514,0.0836575875486381322957198443580,18,56,352
103,6,1,734,0,0,1,0,0,1,0,0,1,0,0,1,0,0,1,0,0,0,1028,0,0,1,0,245,196,140
104,6,2,754,67,0.260700389105058365758754863813,0,59,0.229571984435797665369649805447,0,65,0.252918287937743190661478599222,0,67,0.260700389105058365758754863813,0,69,0.268482490272373540856031128405,1,0,0,193,1028,0.187743190661478599221789883268,75,1028,0.0729571984435797665369649805447,55,77,331
105,6,3,854,0,0,1,0,0,1,0,0,1,0,0,1,0,0,1,0,0,0,1028,0,0,1,0,246,197,141
106,6,4,1354,62,0.241245136186770428015564202335,0,68,0.264591439688715953307392996109,1,0,0,0,62,0.241245136186770428015564202335,0,61,0.237354085603112840466926070039,0,59,0.229571984435797665369649805447,188,1028,0.182879377431906614785992217899,15,257,0.0583657587548638132295719844358,111,95,312
107,6,5,3854,45,0.175097276264591439688715953307,0,47,0.182879377431906614785992217899,0,63,0.245136186770428015564202334630,0,45,0.175097276264591439688715953307,1,0,0,0,54,0.210116731517509727626459143969,164,1028,0.159533073929961089494163424125,4,257,0.0155642023346303501945525291829,185,147,262
108,6,6,16354,0,0,0,69,0.268482490272373540856031128405,0,65,0.252918287937743190661478599222,1,0,0,1,0,0,0,71,0.276264591439688715953307392996,205,1028,0.199416342412451361867704280156,-205,1028,-0.199416342412451361867704280156,247,371,37
109,6,7,78854,0,0,1,0,0,1,0,0,1,0,0,1,0,0,1,0,0,0,1028,0,0,1,0,248,198,142
110,6,8,391354,60,0.233463035019455252918287937743,0,64,0.249027237354085603112840466926,0,67,0.260700389105058365758754863813,0,60,0.233463035019455252918287937743,0,58,0.225680933852140077821011673152,1,0,0,189,1028,0.183852140077821011673151750973,51,1028,0.0496108949416342412451361867704,130,110,298
111,6,9,1953854,0,0,1,0,0,1,0,0,1,0,0,1,0,0,1,0,0,0,1028,0,0,1,0,249,199,143
112,6,10,9766354,63,0.245136186770428015564202334630,0,63,0.245136186770428015564202334630,1,0,0,0,63,0.245136186770428015564202334630,0,65,0.252918287937743190661478599222,0,68,0.264591439688715953307392996109,196,1028,0.190661478599221789883268482490,14,257,0.0544747081712062256809338521401,102,101,307
113,6,11,48828854,0,0,0,51,0.198443579766536964980544747082,0,54,0.210116731517509727626459143969,1,0,0,0,49,0.190661478599221789883268482490,0,45,0.175097276264591439688715953307,199,1028,0.193579766536964980544747081712,-199,1028,-0.193579766536964980544747081712,250,363,45
114,6,12,244141354,60,0.233463035019455252918287937743,0,68,0.264591439688715953307392996109,0,68,0.264591439688715953307392996109,0,60,0.233463035019455252918287937743,1,0,0,0,59,0.229571984435797665369649805447,195,1028,0.189688715953307392996108949416,45,1028,0.0437743190661478599221789883268,131,120,288
115,6,13,1220703854,0,0,1,0,0,1,0,0,1,0,0,1,0,0,1,0,0,0,1028,0,0,1,0,251,200,144
116,6,14,6103516354,66,0.256809338521400778210116731518,0,75,0.291828793774319066147859922179,1,0,0,0,66,0.256809338521400778210116731518,0,76,0.295719844357976653696498054475,1,0,0,151,1028,0.146887159533073929961089494163,113,1028,0.109922178988326848249027237354,69,30,378
117,6,15,30517578854,0,0,1,0,0,1,0,0,1,0,0,1,0,0,1,0,0,0,1028,0,0,1,0,252,201,145
118,6,16,152587891354,0,0,0,60,0.233463035019455252918287937743,1,0,0,1,0,0,0,69,0.268482490272373540856031128405,0,62,0.241245136186770428015564202335,191,1028,0.185797665369649805447470817121,-191,1028,-0.185797665369649805447470817121,253,356,53
119,7,0,2188,60,0.233463035019455252918287937743,0,72,0.280155642023346303501945525292,0,65,0.252918287937743190661478599222,0,60,0.233463035019455252918287937743,0,59,0.229571984435797665369649805447,0,75,0.291828793774319066147859922179,271,1028,0.263618677042801556420233463035,-31,1028,-0.0301556420233463035019455252918,132,329,77
120,7,1,2192,0,0,1,0,0,1,0,0,1,0,0,1,0,0,1,0,0,0,1028,0,0,1,0,254,202,146
121,7,2,2212,66,0.256809338521400778210116731518,0,63,0.245136186770428015564202334630,0,76,0.295719844357976653696498054475,0,66,0.256809338521400778210116731518,0,80,0.311284046692607003891050583658,0,59,0.229571984435797665369649805447,278,1028,0.270428015564202334630350194553,-7,514,-0.0136186770428015564202334630350,70,319,90
122,7,3,2312,0,0,1,0,0,1,0,0,1,0,0,1,0,0,1,0,0,0,1028,0,0,1,0,255,203,147
123,7,4,2812,62,0.241245136186770428015564202335,0,58,0.225680933852140077821011673152,1,0,0,0,62,0.241245136186770428015564202335,0,66,0.256809338521400778210116731518,1,0,0,124,1028,0.120622568093385214007782101167,31,257,0.120622568093385214007782101167,112,23,385
124,7,5,5312,0,0,0,57,0.221789883268482490272373540856,0,50,0.194552529182879377431906614786,1,0,0,0,48,0.186770428015564202334630350195,0,46,0.178988326848249027237354085603,201,1028,0.195525291828793774319066147860,-201,1028,-0.195525291828793774319066147860,256,366,42
125,7,6,17812,59,0.229571984435797665369649805447,1,0,0,0,66,0.256809338521400778210116731518,0,59,0.229571984435797665369649805447,0,66,0.256809338521400778210116731518,0,62,0.241245136186770428015564202335,194,1028,0.188715953307392996108949416342,21,514,0.0408560311284046692607003891051,142,124,285
126,7,7,80312,0,0,1,0,0,1,0,0,1,0,0,1,0,0,1,0,0,0,1028,0,0,1,0,257,204,148
127,7,8,392812,63,0.245136186770428015564202334630,1,0,0,0,57,0.221789883268482490272373540856,0,63,0.245136186770428015564202334630,0,70,0.272373540856031128404669260700,1,0,0,127,1028,0.123540856031128404669260700389,125,1028,0.121595330739299610894941634241,103,22,386
128,7,9,1955312,0,0,1,0,0,1,0,0,1,0,0,1,0,0,1,0,0,0,1028,0,0,1,0,258,205,149
129,7,10,9767812,69,0.268482490272373540856031128405,0,68,0.264591439688715953307392996109,0,64,0.249027237354085603112840466926,0,69,0.268482490272373540856031128405,0,66,0.256809338521400778210116731518,1,0,0,198,1028,0.192607003891050583657587548638,39,514,0.0758754863813229571984435797665,42,71,336
130,7,11,48830312,0,0,1,0,0,0,52,0.202334630350194552529182879377,1,0,0,0,44,0.171206225680933852140077821012,0,53,0.206225680933852140077821011673,149,1028,0.144941634241245136186770428016,-149,1028,-0.144941634241245136186770428016,259,338,70
131,7,12,244142812,65,0.252918287937743190661478599222,0,68,0.264591439688715953307392996109,0,63,0.245136186770428015564202334630,0,65,0.252918287937743190661478599222,0,69,0.268482490272373540856031128405,0,63,0.245136186770428015564202334630,263,1028,0.255836575875486381322957198444,-3,1028,-0.00291828793774319066147859922179,83,306,101
132,7,13,1220705312,0,0,1,0,0,1,0,0,1,0,0,1,0,0,1,0,0,0,1028,0,0,1,0,260,206,150
133,7,14,6103517812,64,0.249027237354085603112840466926,1,0,0,0,69,0.268482490272373540856031128405,0,64,0.249027237354085603112840466926,0,65,0.252918287937743190661478599222,0,81,0.315175097276264591439688715953,215,1028,0.209143968871595330739299610895,41,1028,0.0398832684824902723735408560311,91,126,282
134,7,15,30517580312,0,0,1,0,0,1,0,0,1,0,0,1,0,0,1,0,0,0,1028,0,0,1,0,261,207,151
135,7,16,152587892812,59,0.229571984435797665369649805447,1,0,0,0,73,0.284046692607003891050583657588,0,59,0.229571984435797665369649805447,0,66,0.256809338521400778210116731518,1,0,0,139,1028,0.135214007782101167315175097276,97,1028,0.0943579766536964980544747081712,143,37,368
136,8,0,6562,70,0.272373540856031128404669260700,0,55,0.214007782101167315175097276265,1,0,0,0,70,0.272373540856031128404669260700,0,66,0.256809338521400778210116731518,0,71,0.276264591439688715953307392996,192,1028,0.186770428015564202334630350195,22,257,0.0856031128404669260700389105058,29,53,355
137,8,1,6566,0,0,1,0,0,1,0,0,1,0,0,1,0,0,1,0,0,0,1028,0,0,1,0,262,208,152
138,8,2,6586,0,0,0,66,0.256809338521400778210116731518,0,62,0.241245136186770428015564202335,1,0,0,0,73,0.284046692607003891050583657588,0,65,0.252918287937743190661478599222,266,1028,0.258754863813229571984435797665,-133,514,-0.258754863813229571984435797665,263,395,13
139,8,3,6686,0,0,1,0,0,1,0,0,1,0,0,1,0,0,1,0,0,0,1028,0,0,1,0,264,209,153
140,8,4,7186,65,0.252918287937743190661478599222,1,0,0,0,67,0.260700389105058365758754863813,0,65,0.252918287937743190661478599222,0,63,0.245136186770428015564202334630,0,59,0.229571984435797665369649805447,189,1028,0.183852140077821011673151750973,71,1028,0.0690661478599221789883268482490,84,83,325
141,8,5,9686,57,0.221789883268482490272373540856,0,51,0.198443579766536964980544747082,0,52,0.202334630350194552529182879377,0,57,0.221789883268482490272373540856,0,48,0.186770428015564202334630350195,1,0,0,151,1028,0.146887159533073929961089494163,77,1028,0.0749027237354085603112840466926,152,73,334
142,8,6,22186,67,0.260700389105058365758754863813,1,0,0,1,0,0,0,67,0.260700389105058365758754863813,0,65,0.252918287937743190661478599222,0,69,0.268482490272373540856031128405,134,1028,0.130350194552529182879377431907,67,514,0.130350194552529182879377431907,56,18,389
143,8,7,84686,0,0,1,0,0,1,0,0,1,0,0,1,0,0,1,0,0,0,1028,0,0,1,0,265,210,154
144,8,8,397186,58,0.225680933852140077821011673152,0,57,0.221789883268482490272373540856,0,62,0.241245136186770428015564202335,0,58,0.225680933852140077821011673152,0,72,0.280155642023346303501945525292,0,64,0.249027237354085603112840466926,255,1028,0.248054474708171206225680933852,-23,1028,-0.0223735408560311284046692607004,149,323,85
145,8,9,1959686,0,0,1,0,0,1,0,0,1,0,0,1,0,0,1,0,0,0,1028,0,0,1,0,266,211,155
146,8,10,9772186,67,0.260700389105058365758754863813,0,66,0.256809338521400778210116731518,0,62,0.241245136186770428015564202335,0,67,0.260700389105058365758754863813,0,67,0.260700389105058365758754863813,0,71,0.276264591439688715953307392996,266,1028,0.258754863813229571984435797665,1,514,0.00194552529182879377431906614786,57,157,249
147,8,11,48834686,47,0.182879377431906614785992217899,0,51,0.198443579766536964980544747082,0,54,0.210116731517509727626459143969,0,47,0.182879377431906614785992217899,0,60,0.233463035019455252918287937743,1,0,0,165,1028,0.160505836575875486381322957198,23,1028,0.0223735408560311284046692607004,183,143,265
148,8,12,244147186,0,0,0,64,0.249027237354085603112840466926,1,0,0,1,0,0,0,71,0.276264591439688715953307392996,0,54,0.210116731517509727626459143969,189,1028,0.183852140077821011673151750973,-189,1028,-0.183852140077821011673151750973,267,351,56
149,8,13,1220709686,0,0,1,0,0,1,0,0,1,0,0,1,0,0,1,0,0,0,1028,0,0,1,0,268,212,156
150,8,14,6103522186,0,0,1,0,0,0,66,0.256809338521400778210116731518,1,0,0,0,78,0.303501945525291828793774319066,0,70,0.272373540856031128404669260700,214,1028,0.208171206225680933852140077821,-107,514,-0.208171206225680933852140077821,269,376,32
151,8,15,30517584686,0,0,1,0,0,1,0,0,1,0,0,1,0,0,1,0,0,0,1028,0,0,1,0,270,213,157
152,8,16,152587897186,61,0.237354085603112840466926070039,0,67,0.260700389105058365758754863813,0,70,0.272373540856031128404669260700,0,61,0.237354085603112840466926070039,0,73,0.284046692607003891050583657588,0,70,0.272373540856031128404669260700,280,1028,0.272373540856031128404669260700,-9,257,-0.0350194552529182879377431906615,123,334,74
153,9,0,19684,64,0.249027237354085603112840466926,1,0,0,0,55,0.214007782101167315175097276265,0,64,0.249027237354085603112840466926,1,0,0,0,70,0.272373540856031128404669260700,125,1028,0.121595330739299610894941634241,131,1028,0.127431906614785992217898832685,92,20,388
154,9,1,19688,0,0,1,0,0,1,0,0,1,0,0,1,0,0,1,0,0,0,1028,0,0,1,0,271,214,158
155,9,2,19708,73,0.284046692607003891050583657588,0,71,0.276264591439688715953307392996,1,0,0,0,73,0.284046692607003891050583657588,0,70,0.272373540856031128404669260700,0,71,0.276264591439688715953307392996,212,1028,0.206225680933852140077821011673,20,257,0.0778210116731517509727626459144,12,66,340
156,9,3,19808,0,0,1,0,0,1,0,0,1,0,0,1,0,0,1,0,0,0,1028,0,0,1,0,272,215,159
157,9,4,20308,70,0.272373540856031128404669260700,0,73,0.284046692607003891050583657588,0,73,0.284046692607003891050583657588,0,70,0.272373540856031128404669260700,0,62,0.241245136186770428015564202335,1,0,0,208,1028,0.202334630350194552529182879377,18,257,0.0700389105058365758754863813230,30,80,326
158,9,5,22808,45,0.175097276264591439688715953307,0,49,0.190661478599221789883268482490,0,53,0.206225680933852140077821011673,0,45,0.175097276264591439688715953307,1,0,0,0,68,0.264591439688715953307392996109,170,1028,0.165369649805447470817120622568,5,514,0.00972762645914396887159533073930,186,151,257
159,9,6,35308,62,0.241245136186770428015564202335,1,0,0,0,62,0.241245136186770428015564202335,0,62,0.241245136186770428015564202335,0,64,0.249027237354085603112840466926,0,61,0.237354085603112840466926070039,187,1028,0.181906614785992217898832684825,61,1028,0.0593385214007782101167315175097,113,92,315
160,9,7,97808,0,0,1,0,0,1,0,0,1,0,0,1,0,0,1,0,0,0,1028,0,0,1,0,273,216,160
161,9,8,410308,0,0,0,64,0.249027237354085603112840466926,1,0,0,1,0,0,0,67,0.260700389105058365758754863813,0,61,0.237354085603112840466926070039,192,1028,0.186770428015564202334630350195,-48,257,-0.186770428015564202334630350195,274,357,51
162,9,9,1972808,0,0,1,0,0,1,0,0,1,0,0,1,0,0,1,0,0,0,1028,0,0,1,0,275,217,161
163,9,10,9785308,65,0.252918287937743190661478599222,0,67,0.260700389105058365758754863813,0,77,0.299610894941634241245136186770,0,65,0.252918287937743190661478599222,1,0,0,0,69,0.268482490272373540856031128405,213,1028,0.207198443579766536964980544747,47,1028,0.0457198443579766536964980544747,85,115,291
164,9,11,48847808,64,0.249027237354085603112840466926,0,53,0.206225680933852140077821011673,0,59,0.229571984435797665369649805447,0,64,0.249027237354085603112840466926,1,0,0,0,60,0.233463035019455252918287937743,172,1028,0.167315175097276264591439688716,21,257,0.0817120622568093385214007782101,93,57,349
165,9,12,244160308,68,0.264591439688715953307392996109,1,0,0,0,70,0.272373540856031128404669260700,0,68,0.264591439688715953307392996109,1,0,0,0,72,0.280155642023346303501945525292,142,1028,0.138132295719844357976653696498,65,514,0.126459143968871595330739299611,50,21,387
166,9,13,1220722808,0,0,1,0,0,1,0,0,1,0,0,1,0,0,1,0,0,0,1028,0,0,1,0,276,218,162
167,9,14,6103535308,70,0.272373540856031128404669260700,0,74,0.287937743190661478599221789883,1,0,0,0,70,0.272373540856031128404669260700,0,69,0.268482490272373540856031128405,0,60,0.233463035019455252918287937743,203,1028,0.197470817120622568093385214008,77,1028,0.0749027237354085603112840466926,31,74,335
168,9,15,30517597808,0,0,1,0,0,1,0,0,1,0,0,1,0,0,1,0,0,0,1028,0,0,1,0,277,219,163
169,9,16,152587910308,0,0,0,66,0.256809338521400778210116731518,0,58,0.225680933852140077821011673152,1,0,0,0,63,0.245136186770428015564202334630,0,66,0.256809338521400778210116731518,253,1028,0.246108949416342412451361867704,-253,1028,-0.246108949416342412451361867704,278,382,25
170,10,0,59050,62,0.241245136186770428015564202335,0,63,0.245136186770428015564202334630,0,56,0.217898832684824902723735408560,0,62,0.241245136186770428015564202335,0,68,0.264591439688715953307392996109,1,0,0,187,1028,0.181906614785992217898832684825,61,1028,0.0593385214007782101167315175097,114,93,316
171,10,1,59054,0,0,1,0,0,1,0,0,1,0,0,1,0,0,1,0,0,0,1028,0,0,1,0,279,220,164
172,10,2,59074,60,0.233463035019455252918287937743,0,71,0.276264591439688715953307392996,0,59,0.229571984435797665369649805447,0,60,0.233463035019455252918287937743,0,60,0.233463035019455252918287937743,0,67,0.260700389105058365758754863813,257,1028,0.25,-17,1028,-0.0165369649805447470817120622568,133,320,87
173,10,3,59174,0,0,1,0,0,1,0,0,1,0,0,1,0,0,1,0,0,0,1028,0,0,1,0,280,221,165
174,10,4,59674,62,0.241245136186770428015564202335,0,57,0.221789883268482490272373540856,0,68,0.264591439688715953307392996109,0,62,0.241245136186770428015564202335,0,63,0.245136186770428015564202334630,0,67,0.260700389105058365758754863813,255,1028,0.248054474708171206225680933852,-7,1028,-0.00680933852140077821011673151751,115,309,99
175,10,5,62174,52,0.202334630350194552529182879377,1,0,0,0,52,0.202334630350194552529182879377,0,52,0.202334630350194552529182879377,0,52,0.202334630350194552529182879377,1,0,0,104,1028,0.101167315175097276264591439689,26,257,0.101167315175097276264591439689,169,33,375
176,10,6,74674,71,0.276264591439688715953307392996,0,64,0.249027237354085603112840466926,0,72,0.280155642023346303501945525292,0,71,0.276264591439688715953307392996,0,64,0.249027237354085603112840466926,1,0,0,200,1028,0.194552529182879377431906614786,21,257,0.0817120622568093385214007782101,21,58,350
177,10,7,137174,0,0,1,0,0,1,0,0,1,0,0,1,0,0,1,0,0,0,1028,0,0,1,0,281,222,166
178,10,8,449674,62,0.241245136186770428015564202335,0,71,0.276264591439688715953307392996,0,73,0.284046692607003891050583657588,0,62,0.241245136186770428015564202335,1,0,0,0,66,0.256809338521400778210116731518,210,1028,0.204280155642023346303501945525,19,514,0.0369649805447470817120622568093,116,128,279
179,10,9,2012174,0,0,1,0,0,1,0,0,1,0,0,1,0,0,1,0,0,0,1028,0,0,1,0,282,223,167
180,10,10,9824674,0,0,0,69,0.268482490272373540856031128405,0,66,0.256809338521400778210116731518,1,0,0,0,58,0.225680933852140077821011673152,1,0,0,193,1028,0.187743190661478599221789883268,-193,1028,-0.187743190661478599221789883268,283,359,49
181,10,11,48887174,51,0.198443579766536964980544747082,1,0,0,0,48,0.186770428015564202334630350195,0,51,0.198443579766536964980544747082,0,54,0.210116731517509727626459143969,0,48,0.186770428015564202334630350195,150,1028,0.145914396887159533073929961089,27,514,0.0525291828793774319066147859922,170,106,303
182,10,12,244199674,71,0.276264591439688715953307392996,0,71,0.276264591439688715953307392996,0,63,0.245136186770428015564202334630,0,71,0.276264591439688715953307392996,0,69,0.268482490272373540856031128405,1,0,0,203,1028,0.197470817120622568093385214008,81,1028,0.0787937743190661478599221789883,22,65,343
183,10,13,1220762174,0,0,1,0,0,1,0,0,1,0,0,1,0,0,1,0,0,0,1028,0,0,1,0,284,224,168
184,10,14,6103574674,0,0,0,59,0.229571984435797665369649805447,0,57,0.221789883268482490272373540856,1,0,0,0,65,0.252918287937743190661478599222,0,63,0.245136186770428015564202334630,244,1028,0.237354085603112840466926070039,-61,257,-0.237354085603112840466926070039,285,379,29
185,10,15,30517637174,0,0,1,0,0,1,0,0,1,0,0,1,0,0,1,0,0,0,1028,0,0,1,0,286,225,169
186,10,16,152587949674,0,0,0,70,0.272373540856031128404669260700,0,67,0.260700389105058365758754863813,1,0,0,0,66,0.256809338521400778210116731518,0,68,0.264591439688715953307392996109,271,1028,0.263618677042801556420233463035,-271,1028,-0.263618677042801556420233463035,287,400,7
187,11,0,177148,0,0,0,69,0.268482490272373540856031128405,0,67,0.260700389105058365758754863813,1,0,0,0,70,0.272373540856031128404669260700,0,62,0.241245136186770428015564202335,268,1028,0.260700389105058365758754863813,-67,257,-0.260700389105058365758754863813,288,398,11
188,11,1,177152,0,0,1,0,0,1,0,0,1,0,0,1,0,0,1,0,0,0,1028,0,0,1,0,289,226,170
189,11,2,177172,71,0.276264591439688715953307392996,0,69,0.268482490272373540856031128405,0,63,0.245136186770428015564202334630,0,71,0.276264591439688715953307392996,1,0,0,0,63,0.245136186770428015564202334630,195,1028,0.189688715953307392996108949416,89,1028,0.0865758754863813229571984435798,23,51,357
190,11,3,177272,0,0,1,0,0,1,0,0,1,0,0,1,0,0,1,0,0,0,1028,0,0,1,0,290,227,171
191,11,4,177772,67,0.260700389105058365758754863813,1,0,0,0,65,0.252918287937743190661478599222,0,67,0.260700389105058365758754863813,0,66,0.256809338521400778210116731518,1,0,0,131,1028,0.127431906614785992217898832685,137,1028,0.133268482490272373540856031128,58,17,391
192,11,5,180272,0,0,0,47,0.182879377431906614785992217899,0,57,0.221789883268482490272373540856,1,0,0,0,49,0.190661478599221789883268482490,0,55,0.214007782101167315175097276265,208,1028,0.202334630350194552529182879377,-52,257,-0.202334630350194552529182879377,291,372,36
193,11,6,192772,0,0,0,67,0.260700389105058365758754863813,0,58,0.225680933852140077821011673152,1,0,0,0,63,0.245136186770428015564202334630,0,72,0.280155642023346303501945525292,260,1028,0.252918287937743190661478599222,-65,257,-0.252918287937743190661478599222,292,389,20
194,11,7,255272,0,0,1,0,0,1,0,0,1,0,0,1,0,0,1,0,0,0,1028,0,0,1,0,293,228,172
195,11,8,567772,57,0.221789883268482490272373540856,0,67,0.260700389105058365758754863813,0,65,0.252918287937743190661478599222,0,57,0.221789883268482490272373540856,0,67,0.260700389105058365758754863813,0,63,0.245136186770428015564202334630,262,1028,0.254863813229571984435797665370,-17,514,-0.0330739299610894941634241245136,153,333,75
196,11,9,2130272,0,0,1,0,0,1,0,0,1,0,0,1,0,0,1,0,0,0,1028,0,0,1,0,294,229,173
197,11,10,9942772,74,0.287937743190661478599221789883,1,0,0,0,68,0.264591439688715953307392996109,0,74,0.287937743190661478599221789883,0,71,0.276264591439688715953307392996,0,75,0.291828793774319066147859922179,214,1028,0.208171206225680933852140077821,41,514,0.0797665369649805447470817120623,5,61,344
198,11,11,49005272,0,0,0,54,0.210116731517509727626459143969,0,45,0.175097276264591439688715953307,1,0,0,0,57,0.221789883268482490272373540856,0,48,0.186770428015564202334630350195,204,1028,0.198443579766536964980544747082,-51,257,-0.198443579766536964980544747082,295,370,39
199,11,12,244317772,0,0,0,65,0.252918287937743190661478599222,0,62,0.241245136186770428015564202335,1,0,0,0,61,0.237354085603112840466926070039,0,61,0.237354085603112840466926070039,249,1028,0.242217898832684824902723735409,-249,1028,-0.242217898832684824902723735409,296,380,28
200,11,13,1220880272,0,0,1,0,0,1,0,0,1,0,0,1,0,0,1,0,0,0,1028,0,0,1,0,297,230,174
201,11,14,6103692772,60,0.233463035019455252918287937743,0,79,0.307392996108949416342412451362,0,65,0.252918287937743190661478599222,0,60,0.233463035019455252918287937743,1,0,0,0,66,0.256809338521400778210116731518,210,1028,0.204280155642023346303501945525,15,514,0.0291828793774319066147859922179,134,137,271
202,11,15,30517755272,0,0,1,0,0,1,0,0,1,0,0,1,0,0,1,0,0,0,1028,0,0,1,0,298,231,175
203,11,16,152588067772,0,0,1,0,0,0,58,0.225680933852140077821011673152,1,0,0,0,67,0.260700389105058365758754863813,0,70,0.272373540856031128404669260700,195,1028,0.189688715953307392996108949416,-195,1028,-0.189688715953307392996108949416,299,361,47
204,12,0,531442,67,0.260700389105058365758754863813,0,71,0.276264591439688715953307392996,0,64,0.249027237354085603112840466926,0,67,0.260700389105058365758754863813,1,0,0,0,60,0.233463035019455252918287937743,195,1028,0.189688715953307392996108949416,73,1028,0.0710116731517509727626459143969,59,79,329
205,12,1,531446,0,0,1,0,0,1,0,0,1,0,0,1,0,0,1,0,0,0,1028,0,0,1,0,300,232,176
206,12,2,531466,66,0.256809338521400778210116731518,0,71,0.276264591439688715953307392996,0,61,0.237354085603112840466926070039,0,66,0.256809338521400778210116731518,0,56,0.217898832684824902723735408560,1,0,0,188,1028,0.182879377431906614785992217899,19,257,0.0739299610894941634241245136187,71,75,333
207,12,3,531566,0,0,1,0,0,1,0,0,1,0,0,1,0,0,1,0,0,0,1028,0,0,1,0,301,233,177
208,12,4,532066,68,0.264591439688715953307392996109,0,71,0.276264591439688715953307392996,0,69,0.268482490272373540856031128405,0,68,0.264591439688715953307392996109,0,77,0.299610894941634241245136186770,0,68,0.264591439688715953307392996109,285,1028,0.277237354085603112840466926070,-13,1028,-0.0126459143968871595330739299611,51,317,92
209,12,5,534566,51,0.198443579766536964980544747082,0,50,0.194552529182879377431906614786,0,56,0.217898832684824902723735408560,0,51,0.198443579766536964980544747082,0,47,0.182879377431906614785992217899,0,50,0.194552529182879377431906614786,203,1028,0.197470817120622568093385214008,1,1028,0.000972762645914396887159533073930,171,160,248
210,12,6,547066,57,0.221789883268482490272373540856,1,0,0,0,71,0.276264591439688715953307392996,0,57,0.221789883268482490272373540856,1,0,0,0,78,0.303501945525291828793774319066,149,1028,0.144941634241245136186770428016,79,1028,0.0768482490272373540856031128405,154,70,339
211,12,7,609566,0,0,1,0,0,1,0,0,1,0,0,1,0,0,1,0,0,0,1028,0,0,1,0,302,234,178
212,12,8,922066,67,0.260700389105058365758754863813,0,57,0.221789883268482490272373540856,0,65,0.252918287937743190661478599222,0,67,0.260700389105058365758754863813,0,71,0.276264591439688715953307392996,1,0,0,193,1028,0.187743190661478599221789883268,75,1028,0.0729571984435797665369649805447,60,78,332
213,12,9,2484566,0,0,1,0,0,1,0,0,1,0,0,1,0,0,1,0,0,0,1028,0,0,1,0,303,235,179
214,12,10,10297066,63,0.245136186770428015564202334630,0,70,0.272373540856031128404669260700,1,0,0,0,63,0.245136186770428015564202334630,0,66,0.256809338521400778210116731518,0,61,0.237354085603112840466926070039,197,1028,0.191634241245136186770428015564,55,1028,0.0535019455252918287937743190661,104,102,304
215,12,11,49359566,54,0.210116731517509727626459143969,1,0,0,0,46,0.178988326848249027237354085603,0,54,0.210116731517509727626459143969,0,58,0.225680933852140077821011673152,0,54,0.210116731517509727626459143969,158,1028,0.153696498054474708171206225681,29,514,0.0564202334630350194552529182879,163,99,309
216,12,12,244672066,0,0,0,69,0.268482490272373540856031128405,0,65,0.252918287937743190661478599222,1,0,0,1,0,0,0,75,0.291828793774319066147859922179,209,1028,0.203307392996108949416342412451,-209,1028,-0.203307392996108949416342412451,304,373,34
217,12,13,1221234566,0,0,1,0,0,1,0,0,1,0,0,1,0,0,1,0,0,0,1028,0,0,1,0,305,236,180
218,12,14,6104047066,69,0.268482490272373540856031128405,0,72,0.280155642023346303501945525292,0,64,0.249027237354085603112840466926,0,69,0.268482490272373540856031128405,0,72,0.280155642023346303501945525292,1,0,0,208,1028,0.202334630350194552529182879377,17,257,0.0661478599221789883268482490272,43,86,322
219,12,15,30518109566,0,0,1,0,0,1,0,0,1,0,0,1,0,0,1,0,0,0,1028,0,0,1,0,306,237,181
220,12,16,152588422066,72,0.280155642023346303501945525292,1,0,0,1,0,0,0,72,0.280155642023346303501945525292,0,66,0.256809338521400778210116731518,0,66,0.256809338521400778210116731518,132,1028,0.128404669260700389105058365759,39,257,0.151750972762645914396887159533,19,8,401
221,13,0,1594324,75,0.291828793774319066147859922179,0,65,0.252918287937743190661478599222,0,64,0.249027237354085603112840466926,0,75,0.291828793774319066147859922179,0,59,0.229571984435797665369649805447,0,63,0.245136186770428015564202334630,251,1028,0.244163424124513618677042801556,49,1028,0.0476653696498054474708171206226,3,113,296
222,13,1,1594328,0,0,1,0,0,1,0,0,1,0,0,1,0,0,1,0,0,0,1028,0,0,1,0,307,238,182
223,13,2,1594348,0,0,1,0,0,0,64,0.249027237354085603112840466926,1,0,0,0,54,0.210116731517509727626459143969,0,67,0.260700389105058365758754863813,185,1028,0.179961089494163424124513618677,-185,1028,-0.179961089494163424124513618677,308,348,60
224,13,3,1594448,0,0,1,0,0,1,0,0,1,0,0,1,0,0,1,0,0,0,1028,0,0,1,0,309,239,183
225,13,4,1594948,79,0.307392996108949416342412451362,1,0,0,0,67,0.260700389105058365758754863813,0,79,0.307392996108949416342412451362,1,0,0,1,0,0,67,1028,0.0651750972762645914396887159533,249,1028,0.242217898832684824902723735409,1,1,407
226,13,5,1597448,0,0,0,61,0.237354085603112840466926070039,1,0,0,1,0,0,0,54,0.210116731517509727626459143969,0,48,0.186770428015564202334630350195,163,1028,0.158560311284046692607003891051,-163,1028,-0.158560311284046692607003891051,310,341,67
227,13,6,1609948,64,0.249027237354085603112840466926,0,69,0.268482490272373540856031128405,0,66,0.256809338521400778210116731518,0,64,0.249027237354085603112840466926,0,70,0.272373540856031128404669260700,0,68,0.264591439688715953307392996109,273,1028,0.265564202334630350194552529183,-17,1028,-0.0165369649805447470817120622568,94,321,88
228,13,7,1672448,0,0,1,0,0,1,0,0,1,0,0,1,0,0,1,0,0,0,1028,0,0,1,0,311,240,184
229,13,8,1984948,73,0.284046692607003891050583657588,0,60,0.233463035019455252918287937743,0,66,0.256809338521400778210116731518,0,73,0.284046692607003891050583657588,0,67,0.260700389105058365758754863813,0,63,0.245136186770428015564202334630,256,1028,0.249027237354085603112840466926,9,257,0.0350194552529182879377431906615,13,132,277
230,13,9,3547448,0,0,1,0,0,1,0,0,1,0,0,1,0,0,1,0,0,0,1028,0,0,1,0,312,241,185
231,13,10,11359948,61,0.237354085603112840466926070039,0,67,0.260700389105058365758754863813,0,66,0.256809338521400778210116731518,0,61,0.237354085603112840466926070039,0,64,0.249027237354085603112840466926,1,0,0,197,1028,0.191634241245136186770428015564,47,1028,0.0457198443579766536964980544747,124,116,292
232,13,11,50422448,0,0,0,46,0.178988326848249027237354085603,0,57,0.221789883268482490272373540856,1,0,0,0,49,0.190661478599221789883268482490,0,57,0.221789883268482490272373540856,209,1028,0.203307392996108949416342412451,-209,1028,-0.203307392996108949416342412451,313,374,35
233,13,12,245734948,0,0,0,69,0.268482490272373540856031128405,0,67,0.260700389105058365758754863813,1,0,0,0,60,0.233463035019455252918287937743,0,71,0.276264591439688715953307392996,267,1028,0.259727626459143968871595330739,-267,1028,-0.259727626459143968871595330739,314,396,12
234,13,13,1222297448,0,0,1,0,0,1,0,0,1,0,0,1,0,0,1,0,0,0,1028,0,0,1,0,315,242,186
235,13,14,6105109948,65,0.252918287937743190661478599222,1,0,0,0,66,0.256809338521400778210116731518,0,65,0.252918287937743190661478599222,0,61,0.237354085603112840466926070039,0,66,0.256809338521400778210116731518,193,1028,0.187743190661478599221789883268,67,1028,0.0651750972762645914396887159533,86,88,321
236,13,15,30519172448,0,0,1,0,0,1,0,0,1,0,0,1,0,0,1,0,0,0,1028,0,0,1,0,316,243,187
237,13,16,152589484948,67,0.260700389105058365758754863813,0,68,0.264591439688715953307392996109,0,70,0.272373540856031128404669260700,0,67,0.260700389105058365758754863813,0,70,0.272373540856031128404669260700,1,0,0,208,1028,0.202334630350194552529182879377,15,257,0.0583657587548638132295719844358,61,96,313
238,14,0,4782970,66,0.256809338521400778210116731518,0,68,0.264591439688715953307392996109,1,0,0,0,66,0.256809338521400778210116731518,1,0,0,1,0,0,68,1028,0.0661478599221789883268482490272,49,257,0.190661478599221789883268482490,72,2,406
239,14,1,4782974,0,0,1,0,0,1,0,0,1,0,0,1,0,0,1,0,0,0,1028,0,0,1,0,317,244,188
240,14,2,4782994,0,0,0,70,0.272373540856031128404669260700,1,0,0,1,0,0,0,78,0.303501945525291828793774319066,0,70,0.272373540856031128404669260700,218,1028,0.212062256809338521400778210117,-109,514,-0.212062256809338521400778210117,318,377,31
241,14,3,4783094,0,0,1,0,0,1,0,0,1,0,0,1,0,0,1,0,0,0,1028,0,0,1,0,319,245,189
242,14,4,4783594,65,0.252918287937743190661478599222,0,66,0.256809338521400778210116731518,0,61,0.237354085603112840466926070039,0,65,0.252918287937743190661478599222,0,64,0.249027237354085603112840466926,1,0,0,191,1028,0.185797665369649805447470817121,69,1028,0.0671206225680933852140077821012,87,85,323
243,14,5,4786094,55,0.214007782101167315175097276265,0,50,0.194552529182879377431906614786,0,54,0.210116731517509727626459143969,0,55,0.214007782101167315175097276265,1,0,0,1,0,0,104,1028,0.101167315175097276264591439689,29,257,0.112840466926070038910505836576,160,28,379
244,14,6,4798594,60,0.233463035019455252918287937743,0,65,0.252918287937743190661478599222,0,67,0.260700389105058365758754863813,0,60,0.233463035019455252918287937743,0,65,0.252918287937743190661478599222,0,73,0.284046692607003891050583657588,270,1028,0.262645914396887159533073929961,-15,514,-0.0291828793774319066147859922179,135,328,80
245,14,7,4861094,0,0,1,0,0,1,0,0,1,0,0,1,0,0,1,0,0,0,1028,0,0,1,0,320,246,190
246,14,8,5173594,0,0,0,60,0.233463035019455252918287937743,0,72,0.280155642023346303501945525292,1,0,0,0,74,0.287937743190661478599221789883,0,70,0.272373540856031128404669260700,276,1028,0.268482490272373540856031128405,-69,257,-0.268482490272373540856031128405,321,405,3
247,14,9,6736094,0,0,1,0,0,1,0,0,1,0,0,1,0,0,1,0,0,0,1028,0,0,1,0,322,247,191
248,14,10,14548594,64,0.249027237354085603112840466926,0,68,0.264591439688715953307392996109,0,60,0.233463035019455252918287937743,0,64,0.249027237354085603112840466926,1,0,0,0,73,0.284046692607003891050583657588,201,1028,0.195525291828793774319066147860,55,1028,0.0535019455252918287937743190661,95,103,305
249,14,11,53611094,45,0.175097276264591439688715953307,0,56,0.217898832684824902723735408560,0,50,0.194552529182879377431906614786,0,45,0.175097276264591439688715953307,0,45,0.175097276264591439688715953307,1,0,0,151,1028,0.146887159533073929961089494163,29,1028,0.0282101167315175097276264591440,187,138,269
250,14,12,248923594,67,0.260700389105058365758754863813,0,70,0.272373540856031128404669260700,1,0,0,0,67,0.260700389105058365758754863813,0,65,0.252918287937743190661478599222,0,61,0.237354085603112840466926070039,196,1028,0.190661478599221789883268482490,18,257,0.0700389105058365758754863813230,62,81,327
251,14,13,1225486094,0,0,1,0,0,1,0,0,1,0,0,1,0,0,1,0,0,0,1028,0,0,1,0,323,248,192
252,14,14,6108298594,0,0,0,63,0.245136186770428015564202334630,0,72,0.280155642023346303501945525292,1,0,0,0,70,0.272373540856031128404669260700,0,66,0.256809338521400778210116731518,271,1028,0.263618677042801556420233463035,-271,1028,-0.263618677042801556420233463035,324,401,8
253,14,15,30522361094,0,0,1,0,0,1,0,0,1,0,0,1,0,0,1,0,0,0,1028,0,0,1,0,325,249,193
254,14,16,152592673594,64,0.249027237354085603112840466926,0,65,0.252918287937743190661478599222,0,64,0.249027237354085603112840466926,0,64,0.249027237354085603112840466926,0,78,0.303501945525291828793774319066,0,69,0.268482490272373540856031128405,276,1028,0.268482490272373540856031128405,-5,257,-0.0194552529182879377431906614786,96,322,86
255,15,0,14348908,56,0.217898832684824902723735408560,1,0,0,0,54,0.210116731517509727626459143969,0,56,0.217898832684824902723735408560,1,0,0,1,0,0,54,1028,0.0525291828793774319066147859922,85,514,0.165369649805447470817120622568,158,4,404
256,15,1,14348912,0,0,1,0,0,1,0,0,1,0,0,1,0,0,1,0,0,0,1028,0,0,1,0,326,250,194
257,15,2,14348932,67,0.260700389105058365758754863813,1,0,0,1,0,0,0,67,0.260700389105058365758754863813,0,62,0.241245136186770428015564202335,0,63,0.245136186770428015564202334630,125,1028,0.121595330739299610894941634241,143,1028,0.139105058365758754863813229572,63,13,394
258,15,3,14349032,0,0,1,0,0,1,0,0,1,0,0,1,0,0,1,0,0,0,1028,0,0,1,0,327,251,195
259,15,4,14349532,66,0.256809338521400778210116731518,0,55,0.214007782101167315175097276265,0,68,0.264591439688715953307392996109,0,66,0.256809338521400778210116731518,0,66,0.256809338521400778210116731518,0,71,0.276264591439688715953307392996,260,1028,0.252918287937743190661478599222,1,257,0.00389105058365758754863813229572,73,155,253
260,15,5,14352032,56,0.217898832684824902723735408560,0,54,0.210116731517509727626459143969,0,53,0.206225680933852140077821011673,0,56,0.217898832684824902723735408560,1,0,0,1,0,0,107,1028,0.104085603112840466926070038911,117,1028,0.113813229571984435797665369650,159,27,381
261,15,6,14364532,74,0.287937743190661478599221789883,1,0,0,0,70,0.272373540856031128404669260700,0,74,0.287937743190661478599221789883,0,70,0.272373540856031128404669260700,0,61,0.237354085603112840466926070039,201,1028,0.195525291828793774319066147860,95,1028,0.0924124513618677042801556420233,6,44,365
262,15,7,14427032,0,0,1,0,0,1,0,0,1,0,0,1,0,0,1,0,0,0,1028,0,0,1,0,328,252,196
263,15,8,14739532,64,0.249027237354085603112840466926,0,73,0.284046692607003891050583657588,1,0,0,0,64,0.249027237354085603112840466926,1,0,0,1,0,0,73,1028,0.0710116731517509727626459143969,183,1028,0.178015564202334630350194552529,97,3,405
264,15,9,16302032,0,0,1,0,0,1,0,0,1,0,0,1,0,0,1,0,0,0,1028,0,0,1,0,329,253,197
265,15,10,24114532,0,0,0,71,0.276264591439688715953307392996,0,63,0.245136186770428015564202334630,1,0,0,0,68,0.264591439688715953307392996109,1,0,0,202,1028,0.196498054474708171206225680934,-101,514,-0.196498054474708171206225680934,330,367,40
266,15,11,63177032,53,0.206225680933852140077821011673,0,56,0.217898832684824902723735408560,0,47,0.182879377431906614785992217899,0,53,0.206225680933852140077821011673,0,53,0.206225680933852140077821011673,0,54,0.210116731517509727626459143969,210,1028,0.204280155642023346303501945525,1,514,0.00194552529182879377431906614786,166,158,250
267,15,12,258489532,70,0.272373540856031128404669260700,1,0,0,0,63,0.245136186770428015564202334630,0,70,0.272373540856031128404669260700,0,66,0.256809338521400778210116731518,0,69,0.268482490272373540856031128405,198,1028,0.192607003891050583657587548638,41,514,0.0797665369649805447470817120623,32,62,345
268,15,13,1235052032,0,0,1,0,0,1,0,0,1,0,0,1,0,0,1,0,0,0,1028,0,0,1,0,331,254,198
269,15,14,6117864532,71,0.276264591439688715953307392996,0,70,0.272373540856031128404669260700,1,0,0,0,71,0.276264591439688715953307392996,0,70,0.272373540856031128404669260700,0,64,0.249027237354085603112840466926,204,1028,0.198443579766536964980544747082,20,257,0.0778210116731517509727626459144,24,67,341
270,15,15,30531927032,0,0,1,0,0,1,0,0,1,0,0,1,0,0,1,0,0,0,1028,0,0,1,0,332,255,199
271,15,16,152602239532,66,0.256809338521400778210116731518,0,75,0.291828793774319066147859922179,0,67,0.260700389105058365758754863813,0,66,0.256809338521400778210116731518,0,66,0.256809338521400778210116731518,0,67,0.260700389105058365758754863813,275,1028,0.267509727626459143968871595331,-11,1028,-0.0107003891050583657587548638132,74,315,93
272,16,0,43046722,63,0.245136186770428015564202334630,1,0,0,0,63,0.245136186770428015564202334630,0,63,0.245136186770428015564202334630,0,62,0.241245136186770428015564202335,0,63,0.245136186770428015564202334630,188,1028,0.182879377431906614785992217899,16,257,0.0622568093385214007782101167315,105,90,319
273,16,1,43046726,0,0,1,0,0,1,0,0,1,0,0,1,0,0,1,0,0,0,1028,0,0,1,0,333,256,200
274,16,2,43046746,74,0.287937743190661478599221789883,0,66,0.256809338521400778210116731518,0,76,0.295719844357976653696498054475,0,74,0.287937743190661478599221789883,0,70,0.272373540856031128404669260700,0,67,0.260700389105058365758754863813,279,1028,0.271400778210116731517509727626,17,1028,0.0165369649805447470817120622568,7,144,263
275,16,3,43046846,0,0,1,0,0,1,0,0,1,0,0,1,0,0,1,0,0,0,1028,0,0,1,0,334,257,201
276,16,4,43047346,0,0,0,71,0.276264591439688715953307392996,0,66,0.256809338521400778210116731518,1,0,0,0,68,0.264591439688715953307392996109,0,70,0.272373540856031128404669260700,275,1028,0.267509727626459143968871595331,-275,1028,-0.267509727626459143968871595331,335,404,5
277,16,5,43049846,50,0.194552529182879377431906614786,1,0,0,0,53,0.206225680933852140077821011673,0,50,0.194552529182879377431906614786,0,49,0.190661478599221789883268482490,0,46,0.178988326848249027237354085603,148,1028,0.143968871595330739299610894942,13,257,0.0505836575875486381322957198444,177,107,299
278,16,6,43062346,0,0,0,68,0.264591439688715953307392996109,0,56,0.217898832684824902723735408560,1,0,0,0,64,0.249027237354085603112840466926,1,0,0,188,1028,0.182879377431906614785992217899,-47,257,-0.182879377431906614785992217899,336,349,58
279,16,7,43124846,0,0,1,0,0,1,0,0,1,0,0,1,0,0,1,0,0,0,1028,0,0,1,0,337,258,202
280,16,8,43437346,75,0.291828793774319066147859922179,0,66,0.256809338521400778210116731518,1,0,0,0,75,0.291828793774319066147859922179,0,75,0.291828793774319066147859922179,0,63,0.245136186770428015564202334630,204,1028,0.198443579766536964980544747082,24,257,0.0933852140077821011673151750973,4,42,367
281,16,9,44999846,0,0,1,0,0,1,0,0,1,0,0,1,0,0,1,0,0,0,1028,0,0,1,0,338,259,203
282,16,10,52812346,0,0,0,69,0.268482490272373540856031128405,0,58,0.225680933852140077821011673152,1,0,0,0,76,0.295719844357976653696498054475,0,62,0.241245136186770428015564202335,265,1028,0.257782101167315175097276264591,-265,1028,-0.257782101167315175097276264591,339,393,14
283,16,11,91874846,0,0,1,0,0,0,60,0.233463035019455252918287937743,1,0,0,0,53,0.206225680933852140077821011673,0,47,0.182879377431906614785992217899,160,1028,0.155642023346303501945525291829,-40,257,-0.155642023346303501945525291829,340,340,68
284,16,12,287187346,65,0.252918287937743190661478599222,0,68,0.264591439688715953307392996109,0,67,0.260700389105058365758754863813,0,65,0.252918287937743190661478599222,0,66,0.256809338521400778210116731518,1,0,0,201,1028,0.195525291828793774319066147860,59,1028,0.0573929961089494163424124513619,88,97,310
285,16,13,1263749846,0,0,1,0,0,1,0,0,1,0,0,1,0,0,1,0,0,0,1028,0,0,1,0,341,260,204
286,16,14,6146562346,66,0.256809338521400778210116731518,0,72,0.280155642023346303501945525292,0,67,0.260700389105058365758754863813,0,66,0.256809338521400778210116731518,0,64,0.249027237354085603112840466926,0,62,0.241245136186770428015564202335,265,1028,0.257782101167315175097276264591,-1,1028,-0.000972762645914396887159533073930,75,304,104
287,16,15,30560624846,0,0,1,0,0,1,0,0,1,0,0,1,0,0,1,0,0,0,1028,0,0,1,0,342,261,205
288,16,16,152630937346,0,0,0,62,0.241245136186770428015564202335,0,66,0.256809338521400778210116731518,1,0,0,0,61,0.237354085603112840466926070039,0,63,0.245136186770428015564202334630,252,1028,0.245136186770428015564202334630,-63,257,-0.245136186770428015564202334630,343,381,27
289,17,0,129140164,0,0,0,53,0.206225680933852140077821011673,0,60,0.233463035019455252918287937743,1,0,0,0,73,0.284046692607003891050583657588,0,67,0.260700389105058365758754863813,253,1028,0.246108949416342412451361867704,-253,1028,-0.246108949416342412451361867704,344,383,26
290,17,1,129140168,0,0,1,0,0,1,0,0,1,0,0,1,0,0,1,0,0,0,1028,0,0,1,0,345,262,206
291,17,2,129140188,59,0.229571984435797665369649805447,0,64,0.249027237354085603112840466926,0,69,0.268482490272373540856031128405,0,59,0.229571984435797665369649805447,1,0,0,0,62,0.241245136186770428015564202335,195,1028,0.189688715953307392996108949416,41,1028,0.0398832684824902723735408560311,144,127,283
292,17,3,129140288,0,0,1,0,0,1,0,0,1,0,0,1,0,0,1,0,0,0,1028,0,0,1,0,346,263,207
293,17,4,129140788,68,0.264591439688715953307392996109,1,0,0,0,58,0.225680933852140077821011673152,0,68,0.264591439688715953307392996109,0,69,0.268482490272373540856031128405,0,63,0.245136186770428015564202334630,190,1028,0.184824902723735408560311284047,41,514,0.0797665369649805447470817120623,52,63,346
294,17,5,129143288,53,0.206225680933852140077821011673,0,56,0.217898832684824902723735408560,0,55,0.214007782101167315175097276265,0,53,0.206225680933852140077821011673,1,0,0,0,49,0.190661478599221789883268482490,160,1028,0.155642023346303501945525291829,13,257,0.0505836575875486381322957198444,167,108,300
295,17,6,129155788,0,0,1,0,0,0,66,0.256809338521400778210116731518,1,0,0,0,61,0.237354085603112840466926070039,0,63,0.245136186770428015564202334630,190,1028,0.184824902723735408560311284047,-95,514,-0.184824902723735408560311284047,347,353,54
296,17,7,129218288,0,0,1,0,0,1,0,0,1,0,0,1,0,0,1,0,0,0,1028,0,0,1,0,348,264,208
297,17,8,129530788,63,0.245136186770428015564202334630,0,70,0.272373540856031128404669260700,0,61,0.237354085603112840466926070039,0,63,0.245136186770428015564202334630,1,0,0,1,0,0,131,1028,0.127431906614785992217898832685,121,1028,0.117704280155642023346303501946,106,26,383
298,17,9,131093288,0,0,1,0,0,1,0,0,1,0,0,1,0,0,1,0,0,0,1028,0,0,1,0,349,265,209
299,17,10,138905788,70,0.272373540856031128404669260700,1,0,0,0,61,0.237354085603112840466926070039,0,70,0.272373540856031128404669260700,0,62,0.241245136186770428015564202335,0,69,0.268482490272373540856031128405,192,1028,0.186770428015564202334630350195,22,257,0.0856031128404669260700389105058,33,54,356
300,17,11,177968288,51,0.198443579766536964980544747082,1,0,0,0,51,0.198443579766536964980544747082,0,51,0.198443579766536964980544747082,0,52,0.202334630350194552529182879377,0,54,0.210116731517509727626459143969,157,1028,0.152723735408560311284046692607,47,1028,0.0457198443579766536964980544747,172,117,293
301,17,12,373280788,0,0,0,64,0.249027237354085603112840466926,0,64,0.249027237354085603112840466926,1,0,0,0,71,0.276264591439688715953307392996,0,63,0.245136186770428015564202334630,262,1028,0.254863813229571984435797665370,-131,514,-0.254863813229571984435797665370,350,391,17
302,17,13,1349843288,0,0,1,0,0,1,0,0,1,0,0,1,0,0,1,0,0,0,1028,0,0,1,0,351,266,210
303,17,14,6232655788,68,0.264591439688715953307392996109,0,61,0.237354085603112840466926070039,1,0,0,0,68,0.264591439688715953307392996109,1,0,0,0,66,0.256809338521400778210116731518,127,1028,0.123540856031128404669260700389,145,1028,0.141050583657587548638132295720,53,11,397
304,17,15,30646718288,0,0,1,0,0,1,0,0,1,0,0,1,0,0,1,0,0,0,1028,0,0,1,0,352,267,211
305,17,16,152717030788,66,0.256809338521400778210116731518,1,0,0,0,72,0.280155642023346303501945525292,0,66,0.256809338521400778210116731518,0,64,0.249027237354085603112840466926,0,71,0.276264591439688715953307392996,207,1028,0.201361867704280155642023346304,57,1028,0.0554474708171206225680933852140,76,100,308
306,18,0,387420490,74,0.287937743190661478599221789883,0,61,0.237354085603112840466926070039,0,66,0.256809338521400778210116731518,0,74,0.287937743190661478599221789883,1,0,0,0,72,0.280155642023346303501945525292,199,1028,0.193579766536964980544747081712,97,1028,0.0943579766536964980544747081712,8,38,369
307,18,1,387420494,0,0,1,0,0,1,0,0,1,0,0,1,0,0,1,0,0,0,1028,0,0,1,0,353,268,212
308,18,2,387420514,0,0,0,75,0.291828793774319066147859922179,0,68,0.264591439688715953307392996109,1,0,0,0,59,0.229571984435797665369649805447,1,0,0,202,1028,0.196498054474708171206225680934,-101,514,-0.196498054474708171206225680934,354,368,41
309,18,3,387420614,0,0,1,0,0,1,0,0,1,0,0,1,0,0,1,0,0,0,1028,0,0,1,0,355,269,213
310,18,4,387421114,66,0.256809338521400778210116731518,1,0,0,1,0,0,0,66,0.256809338521400778210116731518,0,58,0.225680933852140077821011673152,0,65,0.252918287937743190661478599222,123,1028,0.119649805447470817120622568093,141,1028,0.137159533073929961089494163424,77,16,392
311,18,5,387423614,55,0.214007782101167315175097276265,0,53,0.206225680933852140077821011673,0,52,0.202334630350194552529182879377,0,55,0.214007782101167315175097276265,0,54,0.210116731517509727626459143969,0,59,0.229571984435797665369649805447,218,1028,0.212062256809338521400778210117,1,514,0.00194552529182879377431906614786,161,159,251
312,18,6,387436114,54,0.210116731517509727626459143969,0,67,0.260700389105058365758754863813,0,69,0.268482490272373540856031128405,0,54,0.210116731517509727626459143969,1,0,0,0,66,0.256809338521400778210116731518,202,1028,0.196498054474708171206225680934,7,514,0.0136186770428015564202334630350,164,148,260
313,18,7,387498614,0,0,1,0,0,1,0,0,1,0,0,1,0,0,1,0,0,0,1028,0,0,1,0,356,270,214
314,18,8,387811114,63,0.245136186770428015564202334630,0,71,0.276264591439688715953307392996,0,72,0.280155642023346303501945525292,0,63,0.245136186770428015564202334630,0,68,0.264591439688715953307392996109,0,70,0.272373540856031128404669260700,281,1028,0.273346303501945525291828793774,-29,1028,-0.0282101167315175097276264591440,107,325,82
315,18,9,389373614,0,0,1,0,0,1,0,0,1,0,0,1,0,0,1,0,0,0,1028,0,0,1,0,357,271,215
316,18,10,397186114,66,0.256809338521400778210116731518,0,72,0.280155642023346303501945525292,1,0,0,0,66,0.256809338521400778210116731518,0,68,0.264591439688715953307392996109,0,69,0.268482490272373540856031128405,209,1028,0.203307392996108949416342412451,55,1028,0.0535019455252918287937743190661,78,104,306
317,18,11,436248614,59,0.229571984435797665369649805447,0,60,0.233463035019455252918287937743,0,55,0.214007782101167315175097276265,0,59,0.229571984435797665369649805447,0,54,0.210116731517509727626459143969,0,50,0.194552529182879377431906614786,219,1028,0.213035019455252918287937743191,17,1028,0.0165369649805447470817120622568,145,145,264
318,18,12,631561114,0,0,0,66,0.256809338521400778210116731518,0,60,0.233463035019455252918287937743,1,0,0,1,0,0,0,67,0.260700389105058365758754863813,193,1028,0.187743190661478599221789883268,-193,1028,-0.187743190661478599221789883268,358,360,50
319,18,13,1608123614,0,0,1,0,0,1,0,0,1,0,0,1,0,0,1,0,0,0,1028,0,0,1,0,359,272,216
320,18,14,6490936114,73,0.284046692607003891050583657588,1,0,0,0,59,0.229571984435797665369649805447,0,73,0.284046692607003891050583657588,0,66,0.256809338521400778210116731518,1,0,0,125,1028,0.121595330739299610894941634241,167,1028,0.162451361867704280155642023346,14,5,403
321,18,15,30904998614,0,0,1,0,0,1,0,0,1,0,0,1,0,0,1,0,0,0,1028,0,0,1,0,360,273,217
322,18,16,152975311114,69,0.268482490272373540856031128405,0,66,0.256809338521400778210116731518,1,0,0,0,69,0.268482490272373540856031128405,0,67,0.260700389105058365758754863813,1,0,0,133,1028,0.129377431906614785992217898833,143,1028,0.139105058365758754863813229572,44,14,395
323,19,0,1162261468,70,0.272373540856031128404669260700,0,67,0.260700389105058365758754863813,0,62,0.241245136186770428015564202335,0,70,0.272373540856031128404669260700,1,0,0,0,58,0.225680933852140077821011673152,187,1028,0.181906614785992217898832684825,93,1028,0.0904669260700389105058365758755,34,49,361
324,19,1,1162261472,0,0,1,0,0,1,0,0,1,0,0,1,0,0,1,0,0,0,1028,0,0,1,0,361,274,218
325,19,2,1162261492,69,0.268482490272373540856031128405,1,0,0,0,67,0.260700389105058365758754863813,0,69,0.268482490272373540856031128405,0,66,0.256809338521400778210116731518,0,63,0.245136186770428015564202334630,196,1028,0.190661478599221789883268482490,20,257,0.0778210116731517509727626459144,45,68,342
326,19,3,1162261592,0,0,1,0,0,1,0,0,1,0,0,1,0,0,1,0,0,0,1028,0,0,1,0,362,275,219
327,19,4,1162262092,65,0.252918287937743190661478599222,0,66,0.256809338521400778210116731518,0,60,0.233463035019455252918287937743,0,65,0.252918287937743190661478599222,0,73,0.284046692607003891050583657588,1,0,0,199,1028,0.193579766536964980544747081712,61,1028,0.0593385214007782101167315175097,89,94,317
328,19,5,1162264592,0,0,0,52,0.202334630350194552529182879377,0,55,0.214007782101167315175097276265,1,0,0,1,0,0,0,58,0.225680933852140077821011673152,165,1028,0.160505836575875486381322957198,-165,1028,-0.160505836575875486381322957198,363,342,66
329,19,6,1162277092,64,0.249027237354085603112840466926,1,0,0,0,59,0.229571984435797665369649805447,0,64,0.249027237354085603112840466926,0,78,0.303501945525291828793774319066,0,72,0.280155642023346303501945525292,209,1028,0.203307392996108949416342412451,47,1028,0.0457198443579766536964980544747,98,118,294
330,19,7,1162339592,0,0,1,0,0,1,0,0,1,0,0,1,0,0,1,0,0,0,1028,0,0,1,0,364,276,220
331,19,8,1162652092,0,0,1,0,0,0,60,0.233463035019455252918287937743,1,0,0,0,65,0.252918287937743190661478599222,0,63,0.245136186770428015564202334630,188,1028,0.182879377431906614785992217899,-47,257,-0.182879377431906614785992217899,365,350,59
332,19,9,1164214592,0,0,1,0,0,1,0,0,1,0,0,1,0,0,1,0,0,0,1028,0,0,1,0,366,277,221
333,19,10,1172027092,67,0.260700389105058365758754863813,0,67,0.260700389105058365758754863813,0,67,0.260700389105058365758754863813,0,67,0.260700389105058365758754863813,1,0,0,1,0,0,134,1028,0.130350194552529182879377431907,67,514,0.130350194552529182879377431907,64,19,390
334,19,11,1211089592,0,0,0,59,0.229571984435797665369649805447,0,49,0.190661478599221789883268482490,1,0,0,0,59,0.229571984435797665369649805447,0,54,0.210116731517509727626459143969,221,1028,0.214980544747081712062256809339,-221,1028,-0.214980544747081712062256809339,367,378,30
335,19,12,1406402092,61,0.237354085603112840466926070039,0,61,0.237354085603112840466926070039,0,70,0.272373540856031128404669260700,0,61,0.237354085603112840466926070039,0,74,0.287937743190661478599221789883,0,70,0.272373540856031128404669260700,275,1028,0.267509727626459143968871595331,-31,1028,-0.0301556420233463035019455252918,125,330,78
336,19,13,2382964592,0,0,1,0,0,1,0,0,1,0,0,1,0,0,1,0,0,0,1028,0,0,1,0,368,278,222
337,19,14,7265777092,66,0.256809338521400778210116731518,0,59,0.229571984435797665369649805447,0,61,0.237354085603112840466926070039,0,66,0.256809338521400778210116731518,0,74,0.287937743190661478599221789883,0,73,0.284046692607003891050583657588,267,1028,0.259727626459143968871595330739,-3,1028,-0.00291828793774319066147859922179,79,307,102
338,19,15,31679839592,0,0,1,0,0,1,0,0,1,0,0,1,0,0,1,0,0,0,1028,0,0,1,0,369,279,223
339,19,16,153750152092,69,0.268482490272373540856031128405,0,72,0.280155642023346303501945525292,0,65,0.252918287937743190661478599222,0,69,0.268482490272373540856031128405,0,67,0.260700389105058365758754863813,1,0,0,204,1028,0.198443579766536964980544747082,18,257,0.0700389105058365758754863813230,46,82,328
340,20,0,3486784402,61,0.237354085603112840466926070039,0,61,0.237354085603112840466926070039,1,0,0,0,61,0.237354085603112840466926070039,0,67,0.260700389105058365758754863813,1,0,0,128,1028,0.124513618677042801556420233463,29,257,0.112840466926070038910505836576,126,29,380
341,20,1,3486784406,0,0,1,0,0,1,0,0,1,0,0,1,0,0,1,0,0,0,1028,0,0,1,0,370,280,224
342,20,2,3486784426,58,0.225680933852140077821011673152,0,69,0.268482490272373540856031128405,0,64,0.249027237354085603112840466926,0,58,0.225680933852140077821011673152,0,65,0.252918287937743190661478599222,0,65,0.252918287937743190661478599222,263,1028,0.255836575875486381322957198444,-31,1028,-0.0301556420233463035019455252918,150,331,79
343,20,3,3486784526,0,0,1,0,0,1,0,0,1,0,0,1,0,0,1,0,0,0,1028,0,0,1,0,371,281,225
344,20,4,3486785026,58,0.225680933852140077821011673152,0,65,0.252918287937743190661478599222,0,65,0.252918287937743190661478599222,0,58,0.225680933852140077821011673152,0,67,0.260700389105058365758754863813,0,68,0.264591439688715953307392996109,265,1028,0.257782101167315175097276264591,-33,1028,-0.0321011673151750972762645914397,151,332,76
345,20,5,3486787526,53,0.206225680933852140077821011673,0,56,0.217898832684824902723735408560,0,50,0.194552529182879377431906614786,0,53,0.206225680933852140077821011673,0,47,0.182879377431906614785992217899,1,0,0,153,1028,0.148832684824902723735408560311,59,1028,0.0573929961089494163424124513619,168,98,311
346,20,6,3486800026,69,0.268482490272373540856031128405,0,68,0.264591439688715953307392996109,1,0,0,0,69,0.268482490272373540856031128405,0,60,0.233463035019455252918287937743,0,64,0.249027237354085603112840466926,192,1028,0.186770428015564202334630350195,21,257,0.0817120622568093385214007782101,47,59,351
347,20,7,3486862526,0,0,1,0,0,1,0,0,1,0,0,1,0,0,1,0,0,0,1028,0,0,1,0,372,282,226
348,20,8,3487175026,0,0,0,62,0.241245136186770428015564202335,0,66,0.256809338521400778210116731518,1,0,0,1,0,0,0,53,0.206225680933852140077821011673,181,1028,0.176070038910505836575875486381,-181,1028,-0.176070038910505836575875486381,373,345,63
349,20,9,3488737526,0,0,1,0,0,1,0,0,1,0,0,1,0,0,1,0,0,0,1028,0,0,1,0,374,283,227
350,20,10,3496550026,57,0.221789883268482490272373540856,0,72,0.280155642023346303501945525292,0,64,0.249027237354085603112840466926,0,57,0.221789883268482490272373540856,0,67,0.260700389105058365758754863813,1,0,0,203,1028,0.197470817120622568093385214008,25,1028,0.0243190661478599221789883268482,155,142,267
351,20,11,3535612526,49,0.190661478599221789883268482490,0,55,0.214007782101167315175097276265,0,46,0.178988326848249027237354085603,0,49,0.190661478599221789883268482490,0,60,0.233463035019455252918287937743,1,0,0,161,1028,0.156614785992217898832684824903,35,1028,0.0340466926070038910505836575875,180,133,275
352,20,12,3730925026,71,0.276264591439688715953307392996,0,68,0.264591439688715953307392996109,1,0,0,0,71,0.276264591439688715953307392996,1,0,0,0,69,0.268482490272373540856031128405,137,1028,0.133268482490272373540856031128,147,1028,0.142996108949416342412451361868,25,10,398
353,20,13,4707487526,0,0,1,0,0,1,0,0,1,0,0,1,0,0,1,0,0,0,1028,0,0,1,0,375,284,228
354,20,14,9590300026,0,0,0,58,0.225680933852140077821011673152,0,83,0.322957198443579766536964980545,1,0,0,0,73,0.284046692607003891050583657588,0,73,0.284046692607003891050583657588,287,1028,0.279182879377431906614785992218,-287,1028,-0.279182879377431906614785992218,376,407,1
355,20,15,34004362526,0,0,1,0,0,1,0,0,1,0,0,1,0,0,1,0,0,0,1028,0,0,1,0,377,285,229
356,20,16,156074675026,0,0,0,66,0.256809338521400778210116731518,0,66,0.256809338521400778210116731518,1,0,0,0,67,0.260700389105058365758754863813,0,70,0.272373540856031128404669260700,269,1028,0.261673151750972762645914396887,-269,1028,-0.261673151750972762645914396887,378,399,9
357,21,0,10460353204,54,0.210116731517509727626459143969,1,0,0,0,69,0.268482490272373540856031128405,0,54,0.210116731517509727626459143969,0,67,0.260700389105058365758754863813,0,75,0.291828793774319066147859922179,211,1028,0.205252918287937743190661478599,5,1028,0.00486381322957198443579766536965,165,154,254
358,21,1,10460353208,0,0,1,0,0,1,0,0,1,0,0,1,0,0,1,0,0,0,1028,0,0,1,0,379,286,230
359,21,2,10460353228,62,0.241245136186770428015564202335,0,63,0.245136186770428015564202334630,0,74,0.287937743190661478599221789883,0,62,0.241245136186770428015564202335,0,64,0.249027237354085603112840466926,0,76,0.295719844357976653696498054475,277,1028,0.269455252918287937743190661479,-29,1028,-0.0282101167315175097276264591440,117,326,83
360,21,3,10460353328,0,0,1,0,0,1,0,0,1,0,0,1,0,0,1,0,0,0,1028,0,0,1,0,380,287,231
361,21,4,10460353828,70,0.272373540856031128404669260700,0,72,0.280155642023346303501945525292,0,60,0.233463035019455252918287937743,0,70,0.272373540856031128404669260700,0,66,0.256809338521400778210116731518,0,56,0.217898832684824902723735408560,254,1028,0.247081712062256809338521400778,13,514,0.0252918287937743190661478599222,35,140,268
362,21,5,10460356328,50,0.194552529182879377431906614786,0,50,0.194552529182879377431906614786,0,53,0.206225680933852140077821011673,0,50,0.194552529182879377431906614786,1,0,0,1,0,0,103,1028,0.100194552529182879377431906615,97,1028,0.0943579766536964980544747081712,178,39,370
363,21,6,10460368828,0,0,1,0,0,0,58,0.225680933852140077821011673152,1,0,0,0,65,0.252918287937743190661478599222,0,67,0.260700389105058365758754863813,190,1028,0.184824902723735408560311284047,-95,514,-0.184824902723735408560311284047,381,354,55
364,21,7,10460431328,0,0,1,0,0,1,0,0,1,0,0,1,0,0,1,0,0,0,1028,0,0,1,0,382,288,232
365,21,8,10460743828,70,0.272373540856031128404669260700,0,61,0.237354085603112840466926070039,1,0,0,0,70,0.272373540856031128404669260700,0,57,0.221789883268482490272373540856,0,71,0.276264591439688715953307392996,189,1028,0.183852140077821011673151750973,91,1028,0.0885214007782101167315175097276,36,50,358
366,21,9,10462306328,0,0,1,0,0,1,0,0,1,0,0,1,0,0,1,0,0,0,1028,0,0,1,0,383,289,233
367,21,10,10470118828,71,0.276264591439688715953307392996,0,69,0.268482490272373540856031128405,0,63,0.245136186770428015564202334630,0,71,0.276264591439688715953307392996,0,71,0.276264591439688715953307392996,0,72,0.280155642023346303501945525292,275,1028,0.267509727626459143968871595331,9,1028,0.00875486381322957198443579766537,26,152,256
368,21,11,10509181328,0,0,0,52,0.202334630350194552529182879377,0,45,0.175097276264591439688715953307,1,0,0,1,0,0,0,61,0.237354085603112840466926070039,158,1028,0.153696498054474708171206225681,-79,514,-0.153696498054474708171206225681,384,339,69
369,21,12,10704493828,68,0.264591439688715953307392996109,1,0,0,0,66,0.256809338521400778210116731518,0,68,0.264591439688715953307392996109,0,61,0.237354085603112840466926070039,0,67,0.260700389105058365758754863813,194,1028,0.188715953307392996108949416342,39,514,0.0758754863813229571984435797665,54,72,337
370,21,13,11681056328,0,0,1,0,0,1,0,0,1,0,0,1,0,0,1,0,0,0,1028,0,0,1,0,385,290,234
371,21,14,16563868828,0,0,0,68,0.264591439688715953307392996109,1,0,0,1,0,0,0,57,0.221789883268482490272373540856,0,64,0.249027237354085603112840466926,189,1028,0.183852140077821011673151750973,-189,1028,-0.183852140077821011673151750973,386,352,57
372,21,15,40977931328,0,0,1,0,0,1,0,0,1,0,0,1,0,0,1,0,0,0,1028,0,0,1,0,387,291,235
373,21,16,163048243828,0,0,0,62,0.241245136186770428015564202335,0,66,0.256809338521400778210116731518,1,0,0,0,71,0.276264591439688715953307392996,0,66,0.256809338521400778210116731518,265,1028,0.257782101167315175097276264591,-265,1028,-0.257782101167315175097276264591,388,394,15
374,22,0,31381059610,70,0.272373540856031128404669260700,0,62,0.241245136186770428015564202335,0,67,0.260700389105058365758754863813,0,70,0.272373540856031128404669260700,0,69,0.268482490272373540856031128405,1,0,0,198,1028,0.192607003891050583657587548638,41,514,0.0797665369649805447470817120623,37,64,347
375,22,1,31381059614,0,0,1,0,0,1,0,0,1,0,0,1,0,0,1,0,0,0,1028,0,0,1,0,389,292,236
376,22,2,31381059634,65,0.252918287937743190661478599222,0,64,0.249027237354085603112840466926,0,64,0.249027237354085603112840466926,0,65,0.252918287937743190661478599222,0,63,0.245136186770428015564202334630,0,72,0.280155642023346303501945525292,263,1028,0.255836575875486381322957198444,-3,1028,-0.00291828793774319066147859922179,90,308,103
377,22,3,31381059734,0,0,1,0,0,1,0,0,1,0,0,1,0,0,1,0,0,0,1028,0,0,1,0,390,293,237
378,22,4,31381060234,0,0,0,60,0.233463035019455252918287937743,0,59,0.229571984435797665369649805447,1,0,0,0,65,0.252918287937743190661478599222,1,0,0,184,1028,0.178988326848249027237354085603,-46,257,-0.178988326848249027237354085603,391,347,62
379,22,5,31381062734,0,0,1,0,0,0,54,0.210116731517509727626459143969,1,0,0,0,55,0.214007782101167315175097276265,0,57,0.221789883268482490272373540856,166,1028,0.161478599221789883268482490272,-83,514,-0.161478599221789883268482490272,392,343,65
380,22,6,31381075234,67,0.260700389105058365758754863813,1,0,0,0,65,0.252918287937743190661478599222,0,67,0.260700389105058365758754863813,0,59,0.229571984435797665369649805447,1,0,0,124,1028,0.120622568093385214007782101167,36,257,0.140077821011673151750972762646,65,12,396
381,22,7,31381137734,0,0,1,0,0,1,0,0,1,0,0,1,0,0,1,0,0,0,1028,0,0,1,0,393,294,238
382,22,8,31381450234,74,0.287937743190661478599221789883,0,59,0.229571984435797665369649805447,0,69,0.268482490272373540856031128405,0,74,0.287937743190661478599221789883,0,74,0.287937743190661478599221789883,1,0,0,202,1028,0.196498054474708171206225680934,47,514,0.0914396887159533073929961089494,9,46,363
383,22,9,31383012734,0,0,1,0,0,1,0,0,1,0,0,1,0,0,1,0,0,0,1028,0,0,1,0,394,295,239
384,22,10,31390825234,0,0,0,66,0.256809338521400778210116731518,0,61,0.237354085603112840466926070039,1,0,0,0,71,0.276264591439688715953307392996,0,60,0.233463035019455252918287937743,258,1028,0.250972762645914396887159533074,-129,514,-0.250972762645914396887159533074,395,386,22
385,22,11,31429887734,48,0.186770428015564202334630350195,1,0,0,0,48,0.186770428015564202334630350195,0,48,0.186770428015564202334630350195,0,61,0.237354085603112840466926070039,0,54,0.210116731517509727626459143969,163,1028,0.158560311284046692607003891051,29,1028,0.0282101167315175097276264591440,181,139,270
386,22,12,31625200234,60,0.233463035019455252918287937743,0,67,0.260700389105058365758754863813,0,67,0.260700389105058365758754863813,0,60,0.233463035019455252918287937743,0,54,0.210116731517509727626459143969,1,0,0,188,1028,0.182879377431906614785992217899,13,257,0.0505836575875486381322957198444,136,109,301
387,22,13,32601762734,0,0,1,0,0,1,0,0,1,0,0,1,0,0,1,0,0,0,1028,0,0,1,0,396,296,240
388,22,14,37484575234,62,0.241245136186770428015564202335,1,0,0,0,59,0.229571984435797665369649805447,0,62,0.241245136186770428015564202335,0,62,0.241245136186770428015564202335,0,57,0.221789883268482490272373540856,178,1028,0.173151750972762645914396887160,35,514,0.0680933852140077821011673151751,118,84,324
389,22,15,61898637734,0,0,1,0,0,1,0,0,1,0,0,1,0,0,1,0,0,0,1028,0,0,1,0,397,297,241
390,22,16,183968950234,0,0,1,0,0,0,68,0.264591439688715953307392996109,1,0,0,0,63,0.245136186770428015564202334630,0,69,0.268482490272373540856031128405,200,1028,0.194552529182879377431906614786,-50,257,-0.194552529182879377431906614786,398,365,44
391,23,0,94143178828,63,0.245136186770428015564202334630,0,59,0.229571984435797665369649805447,0,68,0.264591439688715953307392996109,0,63,0.245136186770428015564202334630,0,70,0.272373540856031128404669260700,0,65,0.252918287937743190661478599222,262,1028,0.254863813229571984435797665370,-5,514,-0.00972762645914396887159533073930,108,313,95
392,23,1,94143178832,0,0,1,0,0,1,0,0,1,0,0,1,0,0,1,0,0,0,1028,0,0,1,0,399,298,242
393,23,2,94143178852,0,0,0,62,0.241245136186770428015564202335,0,65,0.252918287937743190661478599222,1,0,0,1,0,0,1,0,0,127,1028,0.123540856031128404669260700389,-127,1028,-0.123540856031128404669260700389,400,336,72
394,23,3,94143178952,0,0,1,0,0,1,0,0,1,0,0,1,0,0,1,0,0,0,1028,0,0,1,0,401,299,243
395,23,4,94143179452,62,0.241245136186770428015564202335,1,0,0,0,70,0.272373540856031128404669260700,0,62,0.241245136186770428015564202335,0,77,0.299610894941634241245136186770,0,63,0.245136186770428015564202334630,210,1028,0.204280155642023346303501945525,19,514,0.0369649805447470817120622568093,119,129,280
396,23,5,94143181952,50,0.194552529182879377431906614786,0,48,0.186770428015564202334630350195,0,56,0.217898832684824902723735408560,0,50,0.194552529182879377431906614786,0,51,0.198443579766536964980544747082,0,55,0.214007782101167315175097276265,210,1028,0.204280155642023346303501945525,-5,514,-0.00972762645914396887159533073930,179,314,96
397,23,6,94143194452,0,0,0,64,0.249027237354085603112840466926,0,62,0.241245136186770428015564202335,1,0,0,0,63,0.245136186770428015564202334630,0,68,0.264591439688715953307392996109,257,1028,0.25,-1,4,-0.25,402,385,24
398,23,7,94143256952,0,0,1,0,0,1,0,0,1,0,0,1,0,0,1,0,0,0,1028,0,0,1,0,403,300,244
399,23,8,94143569452,62,0.241245136186770428015564202335,0,72,0.280155642023346303501945525292,0,57,0.221789883268482490272373540856,0,62,0.241245136186770428015564202335,1,0,0,0,75,0.291828793774319066147859922179,204,1028,0.198443579766536964980544747082,11,257,0.0428015564202334630350194552529,120,122,287
400,23,9,94145131952,0,0,1,0,0,1,0,0,1,0,0,1,0,0,1,0,0,0,1028,0,0,1,0,404,301,245
401,23,10,94152944452,70,0.272373540856031128404669260700,1,0,0,0,73,0.284046692607003891050583657588,0,70,0.272373540856031128404669260700,0,63,0.245136186770428015564202334630,0,61,0.237354085603112840466926070039,197,1028,0.191634241245136186770428015564,83,1028,0.0807392996108949416342412451362,38,60,348
402,23,11,94192006952,45,0.175097276264591439688715953307,0,55,0.214007782101167315175097276265,0,54,0.210116731517509727626459143969,0,45,0.175097276264591439688715953307,0,50,0.194552529182879377431906614786,0,50,0.194552529182879377431906614786,209,1028,0.203307392996108949416342412451,-29,1028,-0.0282101167315175097276264591440,188,327,84
403,23,12,94387319452,0,0,0,65,0.252918287937743190661478599222,0,63,0.245136186770428015564202334630,1,0,0,0,69,0.268482490272373540856031128405,0,62,0.241245136186770428015564202335,259,1028,0.251945525291828793774319066148,-259,1028,-0.251945525291828793774319066148,405,387,21
404,23,13,95363881952,0,0,1,0,0,1,0,0,1,0,0,1,0,0,1,0,0,0,1028,0,0,1,0,406,302,246
405,23,14,100246694452,70,0.272373540856031128404669260700,1,0,0,0,61,0.237354085603112840466926070039,0,70,0.272373540856031128404669260700,0,59,0.229571984435797665369649805447,0,63,0.245136186770428015564202334630,183,1028,0.178015564202334630350194552529,97,1028,0.0943579766536964980544747081712,39,40,371
406,23,15,124660756952,0,0,1,0,0,1,0,0,1,0,0,1,0,0,1,0,0,0,1028,0,0,1,0,407,303,247
