interval_id,T,count,probability_exact,probability_decimal
PILOT-A,1,4,4/200000,0.000020000000000
PILOT-A,2,8,8/200000,0.000040000000000
PILOT-A,3,44,44/200000,0.000220000000000
PILOT-A,4,110,110/200000,0.000550000000000
PILOT-A,5,331,331/200000,0.001655000000000
PILOT-A,6,700,700/200000,0.003500000000000
PILOT-A,7,1381,1381/200000,0.006905000000000
PILOT-A,8,2471,2471/200000,0.012355000000000
PILOT-A,9,3748,3748/200000,0.018740000000000
PILOT-A,10,5332,5332/200000,0.026660000000000
PILOT-A,11,7210,7210/200000,0.036050000000000
PILOT-A,12,9203,9203/200000,0.046015000000000
PILOT-A,13,11047,11047/200000,0.055235000000000
PILOT-A,14,11903,11903/200000,0.059515000000000
PILOT-A,15,12539,12539/200000,0.062695000000000
PILOT-A,16,12453,12453/200000,0.062265000000000
PILOT-A,17,12168,12168/200000,0.060840000000000
PILOT-A,18,11599,11599/200000,0.057995000000000
PILOT-A,19,11346,11346/200000,0.056730000000000
PILOT-A,20,11261,11261/200000,0.056305000000000
PILOT-A,21,10731,10731/200000,0.053655000000000
PILOT-A,22,10227,10227/200000,0.051135000000000
PILOT-A,23,9927,9927/200000,0.049635000000000
PILOT-A,24,9002,9002/200000,0.045010000000000
PILOT-A,25,8235,8235/200000,0.041175000000000
PILOT-A,26,7104,7104/200000,0.035520000000000
PILOT-A,27,5873,5873/200000,0.029365000000000
PILOT-A,28,4696,4696/200000,0.023480000000000
PILOT-A,29,3455,3455/200000,0.017275000000000
PILOT-A,30,2420,2420/200000,0.012100000000000
PILOT-A,31,1528,1528/200000,0.007640000000000
PILOT-A,32,925,925/200000,0.004625000000000
PILOT-A,33,535,535/200000,0.002675000000000
PILOT-A,34,276,276/200000,0.001380000000000
PILOT-A,35,113,113/200000,0.000565000000000
PILOT-A,36,59,59/200000,0.000295000000000
PILOT-A,37,26,26/200000,0.000130000000000
PILOT-A,38,5,5/200000,0.000025000000000
PILOT-A,39,4,4/200000,0.000020000000000
PILOT-A,41,1,1/200000,0.000005000000000
PILOT-B,16,1,1/100000,0.000010000000000
PILOT-B,18,3,3/100000,0.000030000000000
PILOT-B,19,5,5/100000,0.000050000000000
PILOT-B,20,6,6/100000,0.000060000000000
PILOT-B,21,23,23/100000,0.000230000000000
PILOT-B,22,19,19/100000,0.000190000000000
PILOT-B,23,38,38/100000,0.000380000000000
PILOT-B,24,54,54/100000,0.000540000000000
PILOT-B,25,66,66/100000,0.000660000000000
PILOT-B,26,134,134/100000,0.001340000000000
PILOT-B,27,209,209/100000,0.002090000000000
PILOT-B,28,250,250/100000,0.002500000000000
PILOT-B,29,353,353/100000,0.003530000000000
PILOT-B,30,427,427/100000,0.004270000000000
PILOT-B,31,535,535/100000,0.005350000000000
PILOT-B,32,646,646/100000,0.006460000000000
PILOT-B,33,838,838/100000,0.008380000000000
PILOT-B,34,945,945/100000,0.009450000000000
PILOT-B,35,1055,1055/100000,0.010550000000000
PILOT-B,36,1225,1225/100000,0.012250000000000
PILOT-B,37,1285,1285/100000,0.012850000000000
PILOT-B,38,1328,1328/100000,0.013280000000000
PILOT-B,39,1481,1481/100000,0.014810000000000
PILOT-B,40,1578,1578/100000,0.015780000000000
PILOT-B,41,1566,1566/100000,0.015660000000000
PILOT-B,42,1665,1665/100000,0.016650000000000
PILOT-B,43,1819,1819/100000,0.018190000000000
PILOT-B,44,1889,1889/100000,0.018890000000000
PILOT-B,45,1975,1975/100000,0.019750000000000
PILOT-B,46,2053,2053/100000,0.020530000000000
PILOT-B,47,2124,2124/100000,0.021240000000000
PILOT-B,48,2122,2122/100000,0.021220000000000
PILOT-B,49,2165,2165/100000,0.021650000000000
PILOT-B,50,2235,2235/100000,0.022350000000000
PILOT-B,51,2185,2185/100000,0.021850000000000
PILOT-B,52,2180,2180/100000,0.021800000000000
PILOT-B,53,2100,2100/100000,0.021000000000000
PILOT-B,54,2104,2104/100000,0.021040000000000
PILOT-B,55,1905,1905/100000,0.019050000000000
PILOT-B,56,1821,1821/100000,0.018210000000000
PILOT-B,57,1729,1729/100000,0.017290000000000
PILOT-B,58,1681,1681/100000,0.016810000000000
PILOT-B,59,1617,1617/100000,0.016170000000000
PILOT-B,60,1465,1465/100000,0.014650000000000
PILOT-B,61,1521,1521/100000,0.015210000000000
PILOT-B,62,1411,1411/100000,0.014110000000000
PILOT-B,63,1394,1394/100000,0.013940000000000
PILOT-B,64,1400,1400/100000,0.014000000000000
PILOT-B,65,1412,1412/100000,0.014120000000000
PILOT-B,66,1458,1458/100000,0.014580000000000
PILOT-B,67,1478,1478/100000,0.014780000000000
PILOT-B,68,1527,1527/100000,0.015270000000000
PILOT-B,69,1638,1638/100000,0.016380000000000
PILOT-B,70,1710,1710/100000,0.017100000000000
PILOT-B,71,1751,1751/100000,0.017510000000000
PILOT-B,72,1670,1670/100000,0.016700000000000
PILOT-B,73,1782,1782/100000,0.017820000000000
PILOT-B,74,1810,1810/100000,0.018100000000000
PILOT-B,75,1974,1974/100000,0.019740000000000
PILOT-B,76,1926,1926/100000,0.019260000000000
PILOT-B,77,1951,1951/100000,0.019510000000000
PILOT-B,78,1837,1837/100000,0.018370000000000
PILOT-B,79,1933,1933/100000,0.019330000000000
PILOT-B,80,1829,1829/100000,0.018290000000000
PILOT-B,81,1777,1777/100000,0.017770000000000
PILOT-B,82,1714,1714/100000,0.017140000000000
PILOT-B,83,1599,1599/100000,0.015990000000000
PILOT-B,84,1442,1442/100000,0.014420000000000
PILOT-B,85,1334,1334/100000,0.013340000000000
PILOT-B,86,1215,1215/100000,0.012150000000000
PILOT-B,87,1105,1105/100000,0.011050000000000
PILOT-B,88,952,952/100000,0.009520000000000
PILOT-B,89,826,826/100000,0.008260000000000
PILOT-B,90,700,700/100000,0.007000000000000
PILOT-B,91,556,556/100000,0.005560000000000
PILOT-B,92,512,512/100000,0.005120000000000
PILOT-B,93,423,423/100000,0.004230000000000
PILOT-B,94,353,353/100000,0.003530000000000
PILOT-B,95,260,260/100000,0.002600000000000
PILOT-B,96,228,228/100000,0.002280000000000
PILOT-B,97,161,161/100000,0.001610000000000
PILOT-B,98,141,141/100000,0.001410000000000
PILOT-B,99,98,98/100000,0.000980000000000
PILOT-B,100,62,62/100000,0.000620000000000
PILOT-B,101,64,64/100000,0.000640000000000
PILOT-B,102,43,43/100000,0.000430000000000
PILOT-B,103,38,38/100000,0.000380000000000
PILOT-B,104,24,24/100000,0.000240000000000
PILOT-B,105,17,17/100000,0.000170000000000
PILOT-B,106,11,11/100000,0.000110000000000
PILOT-B,107,9,9/100000,0.000090000000000
PILOT-B,108,4,4/100000,0.000040000000000
PILOT-B,109,4,4/100000,0.000040000000000
PILOT-B,110,4,4/100000,0.000040000000000
PILOT-B,111,4,4/100000,0.000040000000000
PILOT-B,112,2,2/100000,0.000020000000000
PILOT-B,113,1,1/100000,0.000010000000000
PILOT-B,118,1,1/100000,0.000010000000000
