interval_id,T,count_at_T,cumulative_count,cumulative_fraction_exact,cumulative_fraction_decimal
PILOT-A,1,4,4,4/200000,0.000020000000000
PILOT-A,2,8,12,12/200000,0.000060000000000
PILOT-A,3,44,56,56/200000,0.000280000000000
PILOT-A,4,110,166,166/200000,0.000830000000000
PILOT-A,5,331,497,497/200000,0.002485000000000
PILOT-A,6,700,1197,1197/200000,0.005985000000000
PILOT-A,7,1381,2578,2578/200000,0.012890000000000
PILOT-A,8,2471,5049,5049/200000,0.025245000000000
PILOT-A,9,3748,8797,8797/200000,0.043985000000000
PILOT-A,10,5332,14129,14129/200000,0.070645000000000
PILOT-A,11,7210,21339,21339/200000,0.106695000000000
PILOT-A,12,9203,30542,30542/200000,0.152710000000000
PILOT-A,13,11047,41589,41589/200000,0.207945000000000
PILOT-A,14,11903,53492,53492/200000,0.267460000000000
PILOT-A,15,12539,66031,66031/200000,0.330155000000000
PILOT-A,16,12453,78484,78484/200000,0.392420000000000
PILOT-A,17,12168,90652,90652/200000,0.453260000000000
PILOT-A,18,11599,102251,102251/200000,0.511255000000000
PILOT-A,19,11346,113597,113597/200000,0.567985000000000
PILOT-A,20,11261,124858,124858/200000,0.624290000000000
PILOT-A,21,10731,135589,135589/200000,0.677945000000000
PILOT-A,22,10227,145816,145816/200000,0.729080000000000
PILOT-A,23,9927,155743,155743/200000,0.778715000000000
PILOT-A,24,9002,164745,164745/200000,0.823725000000000
PILOT-A,25,8235,172980,172980/200000,0.864900000000000
PILOT-A,26,7104,180084,180084/200000,0.900420000000000
PILOT-A,27,5873,185957,185957/200000,0.929785000000000
PILOT-A,28,4696,190653,190653/200000,0.953265000000000
PILOT-A,29,3455,194108,194108/200000,0.970540000000000
PILOT-A,30,2420,196528,196528/200000,0.982640000000000
PILOT-A,31,1528,198056,198056/200000,0.990280000000000
PILOT-A,32,925,198981,198981/200000,0.994905000000000
PILOT-A,33,535,199516,199516/200000,0.997580000000000
PILOT-A,34,276,199792,199792/200000,0.998960000000000
PILOT-A,35,113,199905,199905/200000,0.999525000000000
PILOT-A,36,59,199964,199964/200000,0.999820000000000
PILOT-A,37,26,199990,199990/200000,0.999950000000000
PILOT-A,38,5,199995,199995/200000,0.999975000000000
PILOT-A,39,4,199999,199999/200000,0.999995000000000
PILOT-A,41,1,200000,200000/200000,1.000000000000000
PILOT-B,16,1,1,1/100000,0.000010000000000
PILOT-B,18,3,4,4/100000,0.000040000000000
PILOT-B,19,5,9,9/100000,0.000090000000000
PILOT-B,20,6,15,15/100000,0.000150000000000
PILOT-B,21,23,38,38/100000,0.000380000000000
PILOT-B,22,19,57,57/100000,0.000570000000000
PILOT-B,23,38,95,95/100000,0.000950000000000
PILOT-B,24,54,149,149/100000,0.001490000000000
PILOT-B,25,66,215,215/100000,0.002150000000000
PILOT-B,26,134,349,349/100000,0.003490000000000
PILOT-B,27,209,558,558/100000,0.005580000000000
PILOT-B,28,250,808,808/100000,0.008080000000000
PILOT-B,29,353,1161,1161/100000,0.011610000000000
PILOT-B,30,427,1588,1588/100000,0.015880000000000
PILOT-B,31,535,2123,2123/100000,0.021230000000000
PILOT-B,32,646,2769,2769/100000,0.027690000000000
PILOT-B,33,838,3607,3607/100000,0.036070000000000
PILOT-B,34,945,4552,4552/100000,0.045520000000000
PILOT-B,35,1055,5607,5607/100000,0.056070000000000
PILOT-B,36,1225,6832,6832/100000,0.068320000000000
PILOT-B,37,1285,8117,8117/100000,0.081170000000000
PILOT-B,38,1328,9445,9445/100000,0.094450000000000
PILOT-B,39,1481,10926,10926/100000,0.109260000000000
PILOT-B,40,1578,12504,12504/100000,0.125040000000000
PILOT-B,41,1566,14070,14070/100000,0.140700000000000
PILOT-B,42,1665,15735,15735/100000,0.157350000000000
PILOT-B,43,1819,17554,17554/100000,0.175540000000000
PILOT-B,44,1889,19443,19443/100000,0.194430000000000
PILOT-B,45,1975,21418,21418/100000,0.214180000000000
PILOT-B,46,2053,23471,23471/100000,0.234710000000000
PILOT-B,47,2124,25595,25595/100000,0.255950000000000
PILOT-B,48,2122,27717,27717/100000,0.277170000000000
PILOT-B,49,2165,29882,29882/100000,0.298820000000000
PILOT-B,50,2235,32117,32117/100000,0.321170000000000
PILOT-B,51,2185,34302,34302/100000,0.343020000000000
PILOT-B,52,2180,36482,36482/100000,0.364820000000000
PILOT-B,53,2100,38582,38582/100000,0.385820000000000
PILOT-B,54,2104,40686,40686/100000,0.406860000000000
PILOT-B,55,1905,42591,42591/100000,0.425910000000000
PILOT-B,56,1821,44412,44412/100000,0.444120000000000
PILOT-B,57,1729,46141,46141/100000,0.461410000000000
PILOT-B,58,1681,47822,47822/100000,0.478220000000000
PILOT-B,59,1617,49439,49439/100000,0.494390000000000
PILOT-B,60,1465,50904,50904/100000,0.509040000000000
PILOT-B,61,1521,52425,52425/100000,0.524250000000000
PILOT-B,62,1411,53836,53836/100000,0.538360000000000
PILOT-B,63,1394,55230,55230/100000,0.552300000000000
PILOT-B,64,1400,56630,56630/100000,0.566300000000000
PILOT-B,65,1412,58042,58042/100000,0.580420000000000
PILOT-B,66,1458,59500,59500/100000,0.595000000000000
PILOT-B,67,1478,60978,60978/100000,0.609780000000000
PILOT-B,68,1527,62505,62505/100000,0.625050000000000
PILOT-B,69,1638,64143,64143/100000,0.641430000000000
PILOT-B,70,1710,65853,65853/100000,0.658530000000000
PILOT-B,71,1751,67604,67604/100000,0.676040000000000
PILOT-B,72,1670,69274,69274/100000,0.692740000000000
PILOT-B,73,1782,71056,71056/100000,0.710560000000000
PILOT-B,74,1810,72866,72866/100000,0.728660000000000
PILOT-B,75,1974,74840,74840/100000,0.748400000000000
PILOT-B,76,1926,76766,76766/100000,0.767660000000000
PILOT-B,77,1951,78717,78717/100000,0.787170000000000
PILOT-B,78,1837,80554,80554/100000,0.805540000000000
PILOT-B,79,1933,82487,82487/100000,0.824870000000000
PILOT-B,80,1829,84316,84316/100000,0.843160000000000
PILOT-B,81,1777,86093,86093/100000,0.860930000000000
PILOT-B,82,1714,87807,87807/100000,0.878070000000000
PILOT-B,83,1599,89406,89406/100000,0.894060000000000
PILOT-B,84,1442,90848,90848/100000,0.908480000000000
PILOT-B,85,1334,92182,92182/100000,0.921820000000000
PILOT-B,86,1215,93397,93397/100000,0.933970000000000
PILOT-B,87,1105,94502,94502/100000,0.945020000000000
PILOT-B,88,952,95454,95454/100000,0.954540000000000
PILOT-B,89,826,96280,96280/100000,0.962800000000000
PILOT-B,90,700,96980,96980/100000,0.969800000000000
PILOT-B,91,556,97536,97536/100000,0.975360000000000
PILOT-B,92,512,98048,98048/100000,0.980480000000000
PILOT-B,93,423,98471,98471/100000,0.984710000000000
PILOT-B,94,353,98824,98824/100000,0.988240000000000
PILOT-B,95,260,99084,99084/100000,0.990840000000000
PILOT-B,96,228,99312,99312/100000,0.993120000000000
PILOT-B,97,161,99473,99473/100000,0.994730000000000
PILOT-B,98,141,99614,99614/100000,0.996140000000000
PILOT-B,99,98,99712,99712/100000,0.997120000000000
PILOT-B,100,62,99774,99774/100000,0.997740000000000
PILOT-B,101,64,99838,99838/100000,0.998380000000000
PILOT-B,102,43,99881,99881/100000,0.998810000000000
PILOT-B,103,38,99919,99919/100000,0.999190000000000
PILOT-B,104,24,99943,99943/100000,0.999430000000000
PILOT-B,105,17,99960,99960/100000,0.999600000000000
PILOT-B,106,11,99971,99971/100000,0.999710000000000
PILOT-B,107,9,99980,99980/100000,0.999800000000000
PILOT-B,108,4,99984,99984/100000,0.999840000000000
PILOT-B,109,4,99988,99988/100000,0.999880000000000
PILOT-B,110,4,99992,99992/100000,0.999920000000000
PILOT-B,111,4,99996,99996/100000,0.999960000000000
PILOT-B,112,2,99998,99998/100000,0.999980000000000
PILOT-B,113,1,99999,99999/100000,0.999990000000000
PILOT-B,118,1,100000,100000/100000,1.000000000000000
