n,H8,live_projection_digest,full_mask_digest,CRT_class,confirmed_E1_E4_intersection,conservative_superset_intersection,unknown_exposure,confirmed_exact_T_intersection,possible_exact_T_intersection
184941344594,199,628f2e2e15a637a5deb93d1e564068fe59c5d6aca60c58f15ff735ec0f3b6f57,3c0e446ffa890386d5dcc8315ef75d145f9f2e68e1b512ff7d8aedb43b4ce131,894986714,False,UNKNOWN,True,False,UNKNOWN
192845175914,199,628f2e2e15a637a5deb93d1e564068fe59c5d6aca60c58f15ff735ec0f3b6f57,3c0e446ffa890386d5dcc8315ef75d145f9f2e68e1b512ff7d8aedb43b4ce131,894986714,False,UNKNOWN,True,False,UNKNOWN
200749007234,199,628f2e2e15a637a5deb93d1e564068fe59c5d6aca60c58f15ff735ec0f3b6f57,3c0e446ffa890386d5dcc8315ef75d145f9f2e68e1b512ff7d8aedb43b4ce131,894986714,False,UNKNOWN,True,False,UNKNOWN
208652838554,199,628f2e2e15a637a5deb93d1e564068fe59c5d6aca60c58f15ff735ec0f3b6f57,3c0e446ffa890386d5dcc8315ef75d145f9f2e68e1b512ff7d8aedb43b4ce131,894986714,False,UNKNOWN,True,False,UNKNOWN
216556669874,199,628f2e2e15a637a5deb93d1e564068fe59c5d6aca60c58f15ff735ec0f3b6f57,3c0e446ffa890386d5dcc8315ef75d145f9f2e68e1b512ff7d8aedb43b4ce131,894986714,False,UNKNOWN,True,False,UNKNOWN
224460501194,199,628f2e2e15a637a5deb93d1e564068fe59c5d6aca60c58f15ff735ec0f3b6f57,3c0e446ffa890386d5dcc8315ef75d145f9f2e68e1b512ff7d8aedb43b4ce131,894986714,False,UNKNOWN,True,False,UNKNOWN
232364332514,199,628f2e2e15a637a5deb93d1e564068fe59c5d6aca60c58f15ff735ec0f3b6f57,3c0e446ffa890386d5dcc8315ef75d145f9f2e68e1b512ff7d8aedb43b4ce131,894986714,False,UNKNOWN,True,False,UNKNOWN
242526401354,199,628f2e2e15a637a5deb93d1e564068fe59c5d6aca60c58f15ff735ec0f3b6f57,3c0e446ffa890386d5dcc8315ef75d145f9f2e68e1b512ff7d8aedb43b4ce131,894986714,False,UNKNOWN,True,False,UNKNOWN
184633403114,199,628f2e2e15a637a5deb93d1e564068fe59c5d6aca60c58f15ff735ec0f3b6f57,3c0e446ffa890386d5dcc8315ef75d145f9f2e68e1b512ff7d8aedb43b4ce131,587045234,False,UNKNOWN,True,False,UNKNOWN
192537234434,199,628f2e2e15a637a5deb93d1e564068fe59c5d6aca60c58f15ff735ec0f3b6f57,3c0e446ffa890386d5dcc8315ef75d145f9f2e68e1b512ff7d8aedb43b4ce131,587045234,False,UNKNOWN,True,False,UNKNOWN
200441065754,199,628f2e2e15a637a5deb93d1e564068fe59c5d6aca60c58f15ff735ec0f3b6f57,3c0e446ffa890386d5dcc8315ef75d145f9f2e68e1b512ff7d8aedb43b4ce131,587045234,False,UNKNOWN,True,False,UNKNOWN
208344897074,199,628f2e2e15a637a5deb93d1e564068fe59c5d6aca60c58f15ff735ec0f3b6f57,3c0e446ffa890386d5dcc8315ef75d145f9f2e68e1b512ff7d8aedb43b4ce131,587045234,False,UNKNOWN,True,False,UNKNOWN
216248728394,199,628f2e2e15a637a5deb93d1e564068fe59c5d6aca60c58f15ff735ec0f3b6f57,3c0e446ffa890386d5dcc8315ef75d145f9f2e68e1b512ff7d8aedb43b4ce131,587045234,False,UNKNOWN,True,False,UNKNOWN
224152559714,199,628f2e2e15a637a5deb93d1e564068fe59c5d6aca60c58f15ff735ec0f3b6f57,3c0e446ffa890386d5dcc8315ef75d145f9f2e68e1b512ff7d8aedb43b4ce131,587045234,False,UNKNOWN,True,False,UNKNOWN
232056391034,199,628f2e2e15a637a5deb93d1e564068fe59c5d6aca60c58f15ff735ec0f3b6f57,3c0e446ffa890386d5dcc8315ef75d145f9f2e68e1b512ff7d8aedb43b4ce131,587045234,False,UNKNOWN,True,False,UNKNOWN
239960222354,199,628f2e2e15a637a5deb93d1e564068fe59c5d6aca60c58f15ff735ec0f3b6f57,3c0e446ffa890386d5dcc8315ef75d145f9f2e68e1b512ff7d8aedb43b4ce131,587045234,False,UNKNOWN,True,False,UNKNOWN
184325461634,199,628f2e2e15a637a5deb93d1e564068fe59c5d6aca60c58f15ff735ec0f3b6f57,3c0e446ffa890386d5dcc8315ef75d145f9f2e68e1b512ff7d8aedb43b4ce131,279103754,False,UNKNOWN,True,False,UNKNOWN
192229292954,199,628f2e2e15a637a5deb93d1e564068fe59c5d6aca60c58f15ff735ec0f3b6f57,3c0e446ffa890386d5dcc8315ef75d145f9f2e68e1b512ff7d8aedb43b4ce131,279103754,False,UNKNOWN,True,False,UNKNOWN
200133124274,199,628f2e2e15a637a5deb93d1e564068fe59c5d6aca60c58f15ff735ec0f3b6f57,3c0e446ffa890386d5dcc8315ef75d145f9f2e68e1b512ff7d8aedb43b4ce131,279103754,False,UNKNOWN,True,False,UNKNOWN
208036955594,199,628f2e2e15a637a5deb93d1e564068fe59c5d6aca60c58f15ff735ec0f3b6f57,3c0e446ffa890386d5dcc8315ef75d145f9f2e68e1b512ff7d8aedb43b4ce131,279103754,False,UNKNOWN,True,False,UNKNOWN
215940786914,199,628f2e2e15a637a5deb93d1e564068fe59c5d6aca60c58f15ff735ec0f3b6f57,3c0e446ffa890386d5dcc8315ef75d145f9f2e68e1b512ff7d8aedb43b4ce131,279103754,False,UNKNOWN,True,False,UNKNOWN
223844618234,199,628f2e2e15a637a5deb93d1e564068fe59c5d6aca60c58f15ff735ec0f3b6f57,3c0e446ffa890386d5dcc8315ef75d145f9f2e68e1b512ff7d8aedb43b4ce131,279103754,False,UNKNOWN,True,False,UNKNOWN
231748449554,199,628f2e2e15a637a5deb93d1e564068fe59c5d6aca60c58f15ff735ec0f3b6f57,3c0e446ffa890386d5dcc8315ef75d145f9f2e68e1b512ff7d8aedb43b4ce131,279103754,False,UNKNOWN,True,False,UNKNOWN
239652280874,199,628f2e2e15a637a5deb93d1e564068fe59c5d6aca60c58f15ff735ec0f3b6f57,3c0e446ffa890386d5dcc8315ef75d145f9f2e68e1b512ff7d8aedb43b4ce131,279103754,False,UNKNOWN,True,False,UNKNOWN
184017520154,199,628f2e2e15a637a5deb93d1e564068fe59c5d6aca60c58f15ff735ec0f3b6f57,3c0e446ffa890386d5dcc8315ef75d145f9f2e68e1b512ff7d8aedb43b4ce131,1100281034,False,UNKNOWN,True,False,UNKNOWN
191921351474,199,628f2e2e15a637a5deb93d1e564068fe59c5d6aca60c58f15ff735ec0f3b6f57,3c0e446ffa890386d5dcc8315ef75d145f9f2e68e1b512ff7d8aedb43b4ce131,1100281034,False,UNKNOWN,True,False,UNKNOWN
199825182794,199,628f2e2e15a637a5deb93d1e564068fe59c5d6aca60c58f15ff735ec0f3b6f57,3c0e446ffa890386d5dcc8315ef75d145f9f2e68e1b512ff7d8aedb43b4ce131,1100281034,False,UNKNOWN,True,False,UNKNOWN
207729014114,199,628f2e2e15a637a5deb93d1e564068fe59c5d6aca60c58f15ff735ec0f3b6f57,3c0e446ffa890386d5dcc8315ef75d145f9f2e68e1b512ff7d8aedb43b4ce131,1100281034,False,UNKNOWN,True,False,UNKNOWN
215632845434,199,628f2e2e15a637a5deb93d1e564068fe59c5d6aca60c58f15ff735ec0f3b6f57,3c0e446ffa890386d5dcc8315ef75d145f9f2e68e1b512ff7d8aedb43b4ce131,1100281034,False,UNKNOWN,True,False,UNKNOWN
223536676754,199,628f2e2e15a637a5deb93d1e564068fe59c5d6aca60c58f15ff735ec0f3b6f57,3c0e446ffa890386d5dcc8315ef75d145f9f2e68e1b512ff7d8aedb43b4ce131,1100281034,False,UNKNOWN,True,False,UNKNOWN
231440508074,199,628f2e2e15a637a5deb93d1e564068fe59c5d6aca60c58f15ff735ec0f3b6f57,3c0e446ffa890386d5dcc8315ef75d145f9f2e68e1b512ff7d8aedb43b4ce131,1100281034,False,UNKNOWN,True,False,UNKNOWN
239344339394,199,628f2e2e15a637a5deb93d1e564068fe59c5d6aca60c58f15ff735ec0f3b6f57,3c0e446ffa890386d5dcc8315ef75d145f9f2e68e1b512ff7d8aedb43b4ce131,1100281034,False,UNKNOWN,True,False,UNKNOWN
184008594314,199,628f2e2e15a637a5deb93d1e564068fe59c5d6aca60c58f15ff735ec0f3b6f57,6a0555db66f17cc7bd916970edbafecd6c368f2aabfb33e58bedbf1c2839e82c,1091355194,False,UNKNOWN,True,False,UNKNOWN
191912425634,199,628f2e2e15a637a5deb93d1e564068fe59c5d6aca60c58f15ff735ec0f3b6f57,6a0555db66f17cc7bd916970edbafecd6c368f2aabfb33e58bedbf1c2839e82c,1091355194,False,UNKNOWN,True,False,UNKNOWN
199816256954,199,628f2e2e15a637a5deb93d1e564068fe59c5d6aca60c58f15ff735ec0f3b6f57,6a0555db66f17cc7bd916970edbafecd6c368f2aabfb33e58bedbf1c2839e82c,1091355194,False,UNKNOWN,True,False,UNKNOWN
207720088274,199,628f2e2e15a637a5deb93d1e564068fe59c5d6aca60c58f15ff735ec0f3b6f57,6a0555db66f17cc7bd916970edbafecd6c368f2aabfb33e58bedbf1c2839e82c,1091355194,False,UNKNOWN,True,False,UNKNOWN
215623919594,199,628f2e2e15a637a5deb93d1e564068fe59c5d6aca60c58f15ff735ec0f3b6f57,6a0555db66f17cc7bd916970edbafecd6c368f2aabfb33e58bedbf1c2839e82c,1091355194,False,UNKNOWN,True,False,UNKNOWN
223527750914,199,628f2e2e15a637a5deb93d1e564068fe59c5d6aca60c58f15ff735ec0f3b6f57,6a0555db66f17cc7bd916970edbafecd6c368f2aabfb33e58bedbf1c2839e82c,1091355194,False,UNKNOWN,True,False,UNKNOWN
231431582234,199,628f2e2e15a637a5deb93d1e564068fe59c5d6aca60c58f15ff735ec0f3b6f57,6a0555db66f17cc7bd916970edbafecd6c368f2aabfb33e58bedbf1c2839e82c,1091355194,False,UNKNOWN,True,False,UNKNOWN
239335413554,199,628f2e2e15a637a5deb93d1e564068fe59c5d6aca60c58f15ff735ec0f3b6f57,6a0555db66f17cc7bd916970edbafecd6c368f2aabfb33e58bedbf1c2839e82c,1091355194,False,UNKNOWN,True,False,UNKNOWN
184829771594,199,628f2e2e15a637a5deb93d1e564068fe59c5d6aca60c58f15ff735ec0f3b6f57,6a0555db66f17cc7bd916970edbafecd6c368f2aabfb33e58bedbf1c2839e82c,783413714,False,UNKNOWN,True,False,UNKNOWN
192733602914,199,628f2e2e15a637a5deb93d1e564068fe59c5d6aca60c58f15ff735ec0f3b6f57,6a0555db66f17cc7bd916970edbafecd6c368f2aabfb33e58bedbf1c2839e82c,783413714,False,UNKNOWN,True,False,UNKNOWN
200637434234,199,628f2e2e15a637a5deb93d1e564068fe59c5d6aca60c58f15ff735ec0f3b6f57,6a0555db66f17cc7bd916970edbafecd6c368f2aabfb33e58bedbf1c2839e82c,783413714,False,UNKNOWN,True,False,UNKNOWN
208541265554,199,628f2e2e15a637a5deb93d1e564068fe59c5d6aca60c58f15ff735ec0f3b6f57,6a0555db66f17cc7bd916970edbafecd6c368f2aabfb33e58bedbf1c2839e82c,783413714,False,UNKNOWN,True,False,UNKNOWN
216445096874,199,628f2e2e15a637a5deb93d1e564068fe59c5d6aca60c58f15ff735ec0f3b6f57,6a0555db66f17cc7bd916970edbafecd6c368f2aabfb33e58bedbf1c2839e82c,783413714,False,UNKNOWN,True,False,UNKNOWN
224348928194,199,628f2e2e15a637a5deb93d1e564068fe59c5d6aca60c58f15ff735ec0f3b6f57,6a0555db66f17cc7bd916970edbafecd6c368f2aabfb33e58bedbf1c2839e82c,783413714,False,UNKNOWN,True,False,UNKNOWN
232252759514,199,628f2e2e15a637a5deb93d1e564068fe59c5d6aca60c58f15ff735ec0f3b6f57,6a0555db66f17cc7bd916970edbafecd6c368f2aabfb33e58bedbf1c2839e82c,783413714,False,UNKNOWN,True,False,UNKNOWN
242414828354,199,628f2e2e15a637a5deb93d1e564068fe59c5d6aca60c58f15ff735ec0f3b6f57,6a0555db66f17cc7bd916970edbafecd6c368f2aabfb33e58bedbf1c2839e82c,783413714,False,UNKNOWN,True,False,UNKNOWN
184521830114,199,628f2e2e15a637a5deb93d1e564068fe59c5d6aca60c58f15ff735ec0f3b6f57,6a0555db66f17cc7bd916970edbafecd6c368f2aabfb33e58bedbf1c2839e82c,475472234,False,UNKNOWN,True,False,UNKNOWN
192425661434,199,628f2e2e15a637a5deb93d1e564068fe59c5d6aca60c58f15ff735ec0f3b6f57,6a0555db66f17cc7bd916970edbafecd6c368f2aabfb33e58bedbf1c2839e82c,475472234,False,UNKNOWN,True,False,UNKNOWN
200329492754,199,628f2e2e15a637a5deb93d1e564068fe59c5d6aca60c58f15ff735ec0f3b6f57,6a0555db66f17cc7bd916970edbafecd6c368f2aabfb33e58bedbf1c2839e82c,475472234,False,UNKNOWN,True,False,UNKNOWN
208233324074,199,628f2e2e15a637a5deb93d1e564068fe59c5d6aca60c58f15ff735ec0f3b6f57,6a0555db66f17cc7bd916970edbafecd6c368f2aabfb33e58bedbf1c2839e82c,475472234,False,UNKNOWN,True,False,UNKNOWN
216137155394,199,628f2e2e15a637a5deb93d1e564068fe59c5d6aca60c58f15ff735ec0f3b6f57,6a0555db66f17cc7bd916970edbafecd6c368f2aabfb33e58bedbf1c2839e82c,475472234,False,UNKNOWN,True,False,UNKNOWN
224040986714,199,628f2e2e15a637a5deb93d1e564068fe59c5d6aca60c58f15ff735ec0f3b6f57,6a0555db66f17cc7bd916970edbafecd6c368f2aabfb33e58bedbf1c2839e82c,475472234,False,UNKNOWN,True,False,UNKNOWN
231944818034,199,628f2e2e15a637a5deb93d1e564068fe59c5d6aca60c58f15ff735ec0f3b6f57,6a0555db66f17cc7bd916970edbafecd6c368f2aabfb33e58bedbf1c2839e82c,475472234,False,UNKNOWN,True,False,UNKNOWN
239848649354,199,628f2e2e15a637a5deb93d1e564068fe59c5d6aca60c58f15ff735ec0f3b6f57,6a0555db66f17cc7bd916970edbafecd6c368f2aabfb33e58bedbf1c2839e82c,475472234,False,UNKNOWN,True,False,UNKNOWN
184213888634,199,628f2e2e15a637a5deb93d1e564068fe59c5d6aca60c58f15ff735ec0f3b6f57,6a0555db66f17cc7bd916970edbafecd6c368f2aabfb33e58bedbf1c2839e82c,167530754,False,UNKNOWN,True,False,UNKNOWN
192117719954,199,628f2e2e15a637a5deb93d1e564068fe59c5d6aca60c58f15ff735ec0f3b6f57,6a0555db66f17cc7bd916970edbafecd6c368f2aabfb33e58bedbf1c2839e82c,167530754,False,UNKNOWN,True,False,UNKNOWN
200021551274,199,628f2e2e15a637a5deb93d1e564068fe59c5d6aca60c58f15ff735ec0f3b6f57,6a0555db66f17cc7bd916970edbafecd6c368f2aabfb33e58bedbf1c2839e82c,167530754,False,UNKNOWN,True,False,UNKNOWN
207925382594,199,628f2e2e15a637a5deb93d1e564068fe59c5d6aca60c58f15ff735ec0f3b6f57,6a0555db66f17cc7bd916970edbafecd6c368f2aabfb33e58bedbf1c2839e82c,167530754,False,UNKNOWN,True,False,UNKNOWN
215829213914,199,628f2e2e15a637a5deb93d1e564068fe59c5d6aca60c58f15ff735ec0f3b6f57,6a0555db66f17cc7bd916970edbafecd6c368f2aabfb33e58bedbf1c2839e82c,167530754,False,UNKNOWN,True,False,UNKNOWN
223733045234,199,628f2e2e15a637a5deb93d1e564068fe59c5d6aca60c58f15ff735ec0f3b6f57,6a0555db66f17cc7bd916970edbafecd6c368f2aabfb33e58bedbf1c2839e82c,167530754,False,UNKNOWN,True,False,UNKNOWN
231636876554,199,628f2e2e15a637a5deb93d1e564068fe59c5d6aca60c58f15ff735ec0f3b6f57,6a0555db66f17cc7bd916970edbafecd6c368f2aabfb33e58bedbf1c2839e82c,167530754,False,UNKNOWN,True,False,UNKNOWN
239540707874,199,628f2e2e15a637a5deb93d1e564068fe59c5d6aca60c58f15ff735ec0f3b6f57,6a0555db66f17cc7bd916970edbafecd6c368f2aabfb33e58bedbf1c2839e82c,167530754,False,UNKNOWN,True,False,UNKNOWN
184292779754,199,839e00d71e21cdbac743a0e0264caff99a239f23581a5e5ec5abe4628229cb68,275e013f2a5e9b0728071e38b73c59fadc7c1ff658153cec02c2e3372bdbba5a,246421874,False,UNKNOWN,True,False,UNKNOWN
192196611074,199,839e00d71e21cdbac743a0e0264caff99a239f23581a5e5ec5abe4628229cb68,275e013f2a5e9b0728071e38b73c59fadc7c1ff658153cec02c2e3372bdbba5a,246421874,False,UNKNOWN,True,False,UNKNOWN
200100442394,199,839e00d71e21cdbac743a0e0264caff99a239f23581a5e5ec5abe4628229cb68,275e013f2a5e9b0728071e38b73c59fadc7c1ff658153cec02c2e3372bdbba5a,246421874,False,UNKNOWN,True,False,UNKNOWN
208004273714,199,839e00d71e21cdbac743a0e0264caff99a239f23581a5e5ec5abe4628229cb68,275e013f2a5e9b0728071e38b73c59fadc7c1ff658153cec02c2e3372bdbba5a,246421874,False,UNKNOWN,True,False,UNKNOWN
215908105034,199,839e00d71e21cdbac743a0e0264caff99a239f23581a5e5ec5abe4628229cb68,275e013f2a5e9b0728071e38b73c59fadc7c1ff658153cec02c2e3372bdbba5a,246421874,False,UNKNOWN,True,False,UNKNOWN
223811936354,199,839e00d71e21cdbac743a0e0264caff99a239f23581a5e5ec5abe4628229cb68,275e013f2a5e9b0728071e38b73c59fadc7c1ff658153cec02c2e3372bdbba5a,246421874,False,UNKNOWN,True,False,UNKNOWN
231715767674,199,839e00d71e21cdbac743a0e0264caff99a239f23581a5e5ec5abe4628229cb68,275e013f2a5e9b0728071e38b73c59fadc7c1ff658153cec02c2e3372bdbba5a,246421874,False,UNKNOWN,True,False,UNKNOWN
239619598994,199,839e00d71e21cdbac743a0e0264caff99a239f23581a5e5ec5abe4628229cb68,275e013f2a5e9b0728071e38b73c59fadc7c1ff658153cec02c2e3372bdbba5a,246421874,False,UNKNOWN,True,False,UNKNOWN
183984838274,199,839e00d71e21cdbac743a0e0264caff99a239f23581a5e5ec5abe4628229cb68,275e013f2a5e9b0728071e38b73c59fadc7c1ff658153cec02c2e3372bdbba5a,1067599154,False,UNKNOWN,True,False,UNKNOWN
191888669594,199,839e00d71e21cdbac743a0e0264caff99a239f23581a5e5ec5abe4628229cb68,275e013f2a5e9b0728071e38b73c59fadc7c1ff658153cec02c2e3372bdbba5a,1067599154,False,UNKNOWN,True,False,UNKNOWN
199792500914,199,839e00d71e21cdbac743a0e0264caff99a239f23581a5e5ec5abe4628229cb68,275e013f2a5e9b0728071e38b73c59fadc7c1ff658153cec02c2e3372bdbba5a,1067599154,False,UNKNOWN,True,False,UNKNOWN
207696332234,199,839e00d71e21cdbac743a0e0264caff99a239f23581a5e5ec5abe4628229cb68,275e013f2a5e9b0728071e38b73c59fadc7c1ff658153cec02c2e3372bdbba5a,1067599154,False,UNKNOWN,True,False,UNKNOWN
215600163554,199,839e00d71e21cdbac743a0e0264caff99a239f23581a5e5ec5abe4628229cb68,275e013f2a5e9b0728071e38b73c59fadc7c1ff658153cec02c2e3372bdbba5a,1067599154,False,UNKNOWN,True,False,UNKNOWN
223503994874,199,839e00d71e21cdbac743a0e0264caff99a239f23581a5e5ec5abe4628229cb68,275e013f2a5e9b0728071e38b73c59fadc7c1ff658153cec02c2e3372bdbba5a,1067599154,False,UNKNOWN,True,False,UNKNOWN
231407826194,199,839e00d71e21cdbac743a0e0264caff99a239f23581a5e5ec5abe4628229cb68,275e013f2a5e9b0728071e38b73c59fadc7c1ff658153cec02c2e3372bdbba5a,1067599154,False,UNKNOWN,True,False,UNKNOWN
239311657514,199,839e00d71e21cdbac743a0e0264caff99a239f23581a5e5ec5abe4628229cb68,275e013f2a5e9b0728071e38b73c59fadc7c1ff658153cec02c2e3372bdbba5a,1067599154,False,UNKNOWN,True,False,UNKNOWN
184806015554,199,839e00d71e21cdbac743a0e0264caff99a239f23581a5e5ec5abe4628229cb68,275e013f2a5e9b0728071e38b73c59fadc7c1ff658153cec02c2e3372bdbba5a,759657674,False,UNKNOWN,True,False,UNKNOWN
192709846874,199,839e00d71e21cdbac743a0e0264caff99a239f23581a5e5ec5abe4628229cb68,275e013f2a5e9b0728071e38b73c59fadc7c1ff658153cec02c2e3372bdbba5a,759657674,False,UNKNOWN,True,False,UNKNOWN
200613678194,199,839e00d71e21cdbac743a0e0264caff99a239f23581a5e5ec5abe4628229cb68,275e013f2a5e9b0728071e38b73c59fadc7c1ff658153cec02c2e3372bdbba5a,759657674,False,UNKNOWN,True,False,UNKNOWN
208517509514,199,839e00d71e21cdbac743a0e0264caff99a239f23581a5e5ec5abe4628229cb68,275e013f2a5e9b0728071e38b73c59fadc7c1ff658153cec02c2e3372bdbba5a,759657674,False,UNKNOWN,True,False,UNKNOWN
216421340834,199,839e00d71e21cdbac743a0e0264caff99a239f23581a5e5ec5abe4628229cb68,275e013f2a5e9b0728071e38b73c59fadc7c1ff658153cec02c2e3372bdbba5a,759657674,False,UNKNOWN,True,False,UNKNOWN
224325172154,199,839e00d71e21cdbac743a0e0264caff99a239f23581a5e5ec5abe4628229cb68,275e013f2a5e9b0728071e38b73c59fadc7c1ff658153cec02c2e3372bdbba5a,759657674,False,UNKNOWN,True,False,UNKNOWN
232229003474,199,839e00d71e21cdbac743a0e0264caff99a239f23581a5e5ec5abe4628229cb68,275e013f2a5e9b0728071e38b73c59fadc7c1ff658153cec02c2e3372bdbba5a,759657674,False,UNKNOWN,True,False,UNKNOWN
242391072314,199,839e00d71e21cdbac743a0e0264caff99a239f23581a5e5ec5abe4628229cb68,275e013f2a5e9b0728071e38b73c59fadc7c1ff658153cec02c2e3372bdbba5a,759657674,False,UNKNOWN,True,False,UNKNOWN
184498074074,199,839e00d71e21cdbac743a0e0264caff99a239f23581a5e5ec5abe4628229cb68,275e013f2a5e9b0728071e38b73c59fadc7c1ff658153cec02c2e3372bdbba5a,451716194,False,UNKNOWN,True,False,UNKNOWN
192401905394,199,839e00d71e21cdbac743a0e0264caff99a239f23581a5e5ec5abe4628229cb68,275e013f2a5e9b0728071e38b73c59fadc7c1ff658153cec02c2e3372bdbba5a,451716194,False,UNKNOWN,True,False,UNKNOWN
200305736714,199,839e00d71e21cdbac743a0e0264caff99a239f23581a5e5ec5abe4628229cb68,275e013f2a5e9b0728071e38b73c59fadc7c1ff658153cec02c2e3372bdbba5a,451716194,False,UNKNOWN,True,False,UNKNOWN
208209568034,199,839e00d71e21cdbac743a0e0264caff99a239f23581a5e5ec5abe4628229cb68,275e013f2a5e9b0728071e38b73c59fadc7c1ff658153cec02c2e3372bdbba5a,451716194,False,UNKNOWN,True,False,UNKNOWN
216113399354,199,839e00d71e21cdbac743a0e0264caff99a239f23581a5e5ec5abe4628229cb68,275e013f2a5e9b0728071e38b73c59fadc7c1ff658153cec02c2e3372bdbba5a,451716194,False,UNKNOWN,True,False,UNKNOWN
224017230674,199,839e00d71e21cdbac743a0e0264caff99a239f23581a5e5ec5abe4628229cb68,275e013f2a5e9b0728071e38b73c59fadc7c1ff658153cec02c2e3372bdbba5a,451716194,False,UNKNOWN,True,False,UNKNOWN
231921061994,199,839e00d71e21cdbac743a0e0264caff99a239f23581a5e5ec5abe4628229cb68,275e013f2a5e9b0728071e38b73c59fadc7c1ff658153cec02c2e3372bdbba5a,451716194,False,UNKNOWN,True,False,UNKNOWN
239824893314,199,839e00d71e21cdbac743a0e0264caff99a239f23581a5e5ec5abe4628229cb68,275e013f2a5e9b0728071e38b73c59fadc7c1ff658153cec02c2e3372bdbba5a,451716194,False,UNKNOWN,True,False,UNKNOWN
184538240354,199,839e00d71e21cdbac743a0e0264caff99a239f23581a5e5ec5abe4628229cb68,c295c242d5a78a3dca44c4bc604cc6cccb8ea0fc737bb32206b533fab8ba7fdc,491882474,False,UNKNOWN,True,False,UNKNOWN
192442071674,199,839e00d71e21cdbac743a0e0264caff99a239f23581a5e5ec5abe4628229cb68,c295c242d5a78a3dca44c4bc604cc6cccb8ea0fc737bb32206b533fab8ba7fdc,491882474,False,UNKNOWN,True,False,UNKNOWN
200345902994,199,839e00d71e21cdbac743a0e0264caff99a239f23581a5e5ec5abe4628229cb68,c295c242d5a78a3dca44c4bc604cc6cccb8ea0fc737bb32206b533fab8ba7fdc,491882474,False,UNKNOWN,True,False,UNKNOWN
208249734314,199,839e00d71e21cdbac743a0e0264caff99a239f23581a5e5ec5abe4628229cb68,c295c242d5a78a3dca44c4bc604cc6cccb8ea0fc737bb32206b533fab8ba7fdc,491882474,False,UNKNOWN,True,False,UNKNOWN
216153565634,199,839e00d71e21cdbac743a0e0264caff99a239f23581a5e5ec5abe4628229cb68,c295c242d5a78a3dca44c4bc604cc6cccb8ea0fc737bb32206b533fab8ba7fdc,491882474,False,UNKNOWN,True,False,UNKNOWN
224057396954,199,839e00d71e21cdbac743a0e0264caff99a239f23581a5e5ec5abe4628229cb68,c295c242d5a78a3dca44c4bc604cc6cccb8ea0fc737bb32206b533fab8ba7fdc,491882474,False,UNKNOWN,True,False,UNKNOWN
231961228274,199,839e00d71e21cdbac743a0e0264caff99a239f23581a5e5ec5abe4628229cb68,c295c242d5a78a3dca44c4bc604cc6cccb8ea0fc737bb32206b533fab8ba7fdc,491882474,False,UNKNOWN,True,False,UNKNOWN
239865059594,199,839e00d71e21cdbac743a0e0264caff99a239f23581a5e5ec5abe4628229cb68,c295c242d5a78a3dca44c4bc604cc6cccb8ea0fc737bb32206b533fab8ba7fdc,491882474,False,UNKNOWN,True,False,UNKNOWN
184230298874,199,839e00d71e21cdbac743a0e0264caff99a239f23581a5e5ec5abe4628229cb68,c295c242d5a78a3dca44c4bc604cc6cccb8ea0fc737bb32206b533fab8ba7fdc,183940994,False,UNKNOWN,True,False,UNKNOWN
192134130194,199,839e00d71e21cdbac743a0e0264caff99a239f23581a5e5ec5abe4628229cb68,c295c242d5a78a3dca44c4bc604cc6cccb8ea0fc737bb32206b533fab8ba7fdc,183940994,False,UNKNOWN,True,False,UNKNOWN
200037961514,199,839e00d71e21cdbac743a0e0264caff99a239f23581a5e5ec5abe4628229cb68,c295c242d5a78a3dca44c4bc604cc6cccb8ea0fc737bb32206b533fab8ba7fdc,183940994,False,UNKNOWN,True,False,UNKNOWN
207941792834,199,839e00d71e21cdbac743a0e0264caff99a239f23581a5e5ec5abe4628229cb68,c295c242d5a78a3dca44c4bc604cc6cccb8ea0fc737bb32206b533fab8ba7fdc,183940994,False,UNKNOWN,True,False,UNKNOWN
215845624154,199,839e00d71e21cdbac743a0e0264caff99a239f23581a5e5ec5abe4628229cb68,c295c242d5a78a3dca44c4bc604cc6cccb8ea0fc737bb32206b533fab8ba7fdc,183940994,False,UNKNOWN,True,False,UNKNOWN
223749455474,199,839e00d71e21cdbac743a0e0264caff99a239f23581a5e5ec5abe4628229cb68,c295c242d5a78a3dca44c4bc604cc6cccb8ea0fc737bb32206b533fab8ba7fdc,183940994,False,UNKNOWN,True,False,UNKNOWN
231653286794,199,839e00d71e21cdbac743a0e0264caff99a239f23581a5e5ec5abe4628229cb68,c295c242d5a78a3dca44c4bc604cc6cccb8ea0fc737bb32206b533fab8ba7fdc,183940994,False,UNKNOWN,True,False,UNKNOWN
239557118114,199,839e00d71e21cdbac743a0e0264caff99a239f23581a5e5ec5abe4628229cb68,c295c242d5a78a3dca44c4bc604cc6cccb8ea0fc737bb32206b533fab8ba7fdc,183940994,False,UNKNOWN,True,False,UNKNOWN
185051476154,199,839e00d71e21cdbac743a0e0264caff99a239f23581a5e5ec5abe4628229cb68,c295c242d5a78a3dca44c4bc604cc6cccb8ea0fc737bb32206b533fab8ba7fdc,1005118274,False,UNKNOWN,True,False,UNKNOWN
192955307474,199,839e00d71e21cdbac743a0e0264caff99a239f23581a5e5ec5abe4628229cb68,c295c242d5a78a3dca44c4bc604cc6cccb8ea0fc737bb32206b533fab8ba7fdc,1005118274,False,UNKNOWN,True,False,UNKNOWN
200859138794,199,839e00d71e21cdbac743a0e0264caff99a239f23581a5e5ec5abe4628229cb68,c295c242d5a78a3dca44c4bc604cc6cccb8ea0fc737bb32206b533fab8ba7fdc,1005118274,False,UNKNOWN,True,False,UNKNOWN
208762970114,199,839e00d71e21cdbac743a0e0264caff99a239f23581a5e5ec5abe4628229cb68,c295c242d5a78a3dca44c4bc604cc6cccb8ea0fc737bb32206b533fab8ba7fdc,1005118274,False,UNKNOWN,True,False,UNKNOWN
216666801434,199,839e00d71e21cdbac743a0e0264caff99a239f23581a5e5ec5abe4628229cb68,c295c242d5a78a3dca44c4bc604cc6cccb8ea0fc737bb32206b533fab8ba7fdc,1005118274,False,UNKNOWN,True,False,UNKNOWN
224570632754,199,839e00d71e21cdbac743a0e0264caff99a239f23581a5e5ec5abe4628229cb68,c295c242d5a78a3dca44c4bc604cc6cccb8ea0fc737bb32206b533fab8ba7fdc,1005118274,False,UNKNOWN,True,False,UNKNOWN
232474464074,199,839e00d71e21cdbac743a0e0264caff99a239f23581a5e5ec5abe4628229cb68,c295c242d5a78a3dca44c4bc604cc6cccb8ea0fc737bb32206b533fab8ba7fdc,1005118274,False,UNKNOWN,True,False,UNKNOWN
242636532914,199,839e00d71e21cdbac743a0e0264caff99a239f23581a5e5ec5abe4628229cb68,c295c242d5a78a3dca44c4bc604cc6cccb8ea0fc737bb32206b533fab8ba7fdc,1005118274,False,UNKNOWN,True,False,UNKNOWN
184743534674,199,839e00d71e21cdbac743a0e0264caff99a239f23581a5e5ec5abe4628229cb68,c295c242d5a78a3dca44c4bc604cc6cccb8ea0fc737bb32206b533fab8ba7fdc,697176794,False,UNKNOWN,True,False,UNKNOWN
192647365994,199,839e00d71e21cdbac743a0e0264caff99a239f23581a5e5ec5abe4628229cb68,c295c242d5a78a3dca44c4bc604cc6cccb8ea0fc737bb32206b533fab8ba7fdc,697176794,False,UNKNOWN,True,False,UNKNOWN
200551197314,199,839e00d71e21cdbac743a0e0264caff99a239f23581a5e5ec5abe4628229cb68,c295c242d5a78a3dca44c4bc604cc6cccb8ea0fc737bb32206b533fab8ba7fdc,697176794,False,UNKNOWN,True,False,UNKNOWN
208455028634,199,839e00d71e21cdbac743a0e0264caff99a239f23581a5e5ec5abe4628229cb68,c295c242d5a78a3dca44c4bc604cc6cccb8ea0fc737bb32206b533fab8ba7fdc,697176794,False,UNKNOWN,True,False,UNKNOWN
216358859954,199,839e00d71e21cdbac743a0e0264caff99a239f23581a5e5ec5abe4628229cb68,c295c242d5a78a3dca44c4bc604cc6cccb8ea0fc737bb32206b533fab8ba7fdc,697176794,False,UNKNOWN,True,False,UNKNOWN
224262691274,199,839e00d71e21cdbac743a0e0264caff99a239f23581a5e5ec5abe4628229cb68,c295c242d5a78a3dca44c4bc604cc6cccb8ea0fc737bb32206b533fab8ba7fdc,697176794,False,UNKNOWN,True,False,UNKNOWN
232166522594,199,839e00d71e21cdbac743a0e0264caff99a239f23581a5e5ec5abe4628229cb68,c295c242d5a78a3dca44c4bc604cc6cccb8ea0fc737bb32206b533fab8ba7fdc,697176794,False,UNKNOWN,True,False,UNKNOWN
242328591434,199,839e00d71e21cdbac743a0e0264caff99a239f23581a5e5ec5abe4628229cb68,c295c242d5a78a3dca44c4bc604cc6cccb8ea0fc737bb32206b533fab8ba7fdc,697176794,False,UNKNOWN,True,False,UNKNOWN
184247346674,200,15565cee9b1127c06002e1b7d15b56c39ec8611a33daa5b12b9d2ce02c57ee8c,0f47ea2ad6e0c4519a27c01a8008a40c8b8c6b92172c0d4ac3f75f3284b03f78,200988794,False,UNKNOWN,True,False,UNKNOWN
192151177994,200,15565cee9b1127c06002e1b7d15b56c39ec8611a33daa5b12b9d2ce02c57ee8c,0f47ea2ad6e0c4519a27c01a8008a40c8b8c6b92172c0d4ac3f75f3284b03f78,200988794,False,UNKNOWN,True,False,UNKNOWN
200055009314,200,15565cee9b1127c06002e1b7d15b56c39ec8611a33daa5b12b9d2ce02c57ee8c,0f47ea2ad6e0c4519a27c01a8008a40c8b8c6b92172c0d4ac3f75f3284b03f78,200988794,False,UNKNOWN,True,False,UNKNOWN
207958840634,200,15565cee9b1127c06002e1b7d15b56c39ec8611a33daa5b12b9d2ce02c57ee8c,0f47ea2ad6e0c4519a27c01a8008a40c8b8c6b92172c0d4ac3f75f3284b03f78,200988794,False,UNKNOWN,True,False,UNKNOWN
215862671954,200,15565cee9b1127c06002e1b7d15b56c39ec8611a33daa5b12b9d2ce02c57ee8c,0f47ea2ad6e0c4519a27c01a8008a40c8b8c6b92172c0d4ac3f75f3284b03f78,200988794,False,UNKNOWN,True,False,UNKNOWN
223766503274,200,15565cee9b1127c06002e1b7d15b56c39ec8611a33daa5b12b9d2ce02c57ee8c,0f47ea2ad6e0c4519a27c01a8008a40c8b8c6b92172c0d4ac3f75f3284b03f78,200988794,False,UNKNOWN,True,False,UNKNOWN
231670334594,200,15565cee9b1127c06002e1b7d15b56c39ec8611a33daa5b12b9d2ce02c57ee8c,0f47ea2ad6e0c4519a27c01a8008a40c8b8c6b92172c0d4ac3f75f3284b03f78,200988794,False,UNKNOWN,True,False,UNKNOWN
239574165914,200,15565cee9b1127c06002e1b7d15b56c39ec8611a33daa5b12b9d2ce02c57ee8c,0f47ea2ad6e0c4519a27c01a8008a40c8b8c6b92172c0d4ac3f75f3284b03f78,200988794,False,UNKNOWN,True,False,UNKNOWN
185068523954,200,15565cee9b1127c06002e1b7d15b56c39ec8611a33daa5b12b9d2ce02c57ee8c,0f47ea2ad6e0c4519a27c01a8008a40c8b8c6b92172c0d4ac3f75f3284b03f78,1022166074,False,UNKNOWN,True,False,UNKNOWN
192972355274,200,15565cee9b1127c06002e1b7d15b56c39ec8611a33daa5b12b9d2ce02c57ee8c,0f47ea2ad6e0c4519a27c01a8008a40c8b8c6b92172c0d4ac3f75f3284b03f78,1022166074,False,UNKNOWN,True,False,UNKNOWN
200876186594,200,15565cee9b1127c06002e1b7d15b56c39ec8611a33daa5b12b9d2ce02c57ee8c,0f47ea2ad6e0c4519a27c01a8008a40c8b8c6b92172c0d4ac3f75f3284b03f78,1022166074,False,UNKNOWN,True,False,UNKNOWN
208780017914,200,15565cee9b1127c06002e1b7d15b56c39ec8611a33daa5b12b9d2ce02c57ee8c,0f47ea2ad6e0c4519a27c01a8008a40c8b8c6b92172c0d4ac3f75f3284b03f78,1022166074,False,UNKNOWN,True,False,UNKNOWN
216683849234,200,15565cee9b1127c06002e1b7d15b56c39ec8611a33daa5b12b9d2ce02c57ee8c,0f47ea2ad6e0c4519a27c01a8008a40c8b8c6b92172c0d4ac3f75f3284b03f78,1022166074,False,UNKNOWN,True,False,UNKNOWN
224587680554,200,15565cee9b1127c06002e1b7d15b56c39ec8611a33daa5b12b9d2ce02c57ee8c,0f47ea2ad6e0c4519a27c01a8008a40c8b8c6b92172c0d4ac3f75f3284b03f78,1022166074,False,UNKNOWN,True,False,UNKNOWN
232491511874,200,15565cee9b1127c06002e1b7d15b56c39ec8611a33daa5b12b9d2ce02c57ee8c,0f47ea2ad6e0c4519a27c01a8008a40c8b8c6b92172c0d4ac3f75f3284b03f78,1022166074,False,UNKNOWN,True,False,UNKNOWN
242653580714,200,15565cee9b1127c06002e1b7d15b56c39ec8611a33daa5b12b9d2ce02c57ee8c,0f47ea2ad6e0c4519a27c01a8008a40c8b8c6b92172c0d4ac3f75f3284b03f78,1022166074,False,UNKNOWN,True,False,UNKNOWN
184760582474,200,15565cee9b1127c06002e1b7d15b56c39ec8611a33daa5b12b9d2ce02c57ee8c,0f47ea2ad6e0c4519a27c01a8008a40c8b8c6b92172c0d4ac3f75f3284b03f78,714224594,False,UNKNOWN,True,False,UNKNOWN
192664413794,200,15565cee9b1127c06002e1b7d15b56c39ec8611a33daa5b12b9d2ce02c57ee8c,0f47ea2ad6e0c4519a27c01a8008a40c8b8c6b92172c0d4ac3f75f3284b03f78,714224594,False,UNKNOWN,True,False,UNKNOWN
200568245114,200,15565cee9b1127c06002e1b7d15b56c39ec8611a33daa5b12b9d2ce02c57ee8c,0f47ea2ad6e0c4519a27c01a8008a40c8b8c6b92172c0d4ac3f75f3284b03f78,714224594,False,UNKNOWN,True,False,UNKNOWN
208472076434,200,15565cee9b1127c06002e1b7d15b56c39ec8611a33daa5b12b9d2ce02c57ee8c,0f47ea2ad6e0c4519a27c01a8008a40c8b8c6b92172c0d4ac3f75f3284b03f78,714224594,False,UNKNOWN,True,False,UNKNOWN
216375907754,200,15565cee9b1127c06002e1b7d15b56c39ec8611a33daa5b12b9d2ce02c57ee8c,0f47ea2ad6e0c4519a27c01a8008a40c8b8c6b92172c0d4ac3f75f3284b03f78,714224594,False,UNKNOWN,True,False,UNKNOWN
224279739074,200,15565cee9b1127c06002e1b7d15b56c39ec8611a33daa5b12b9d2ce02c57ee8c,0f47ea2ad6e0c4519a27c01a8008a40c8b8c6b92172c0d4ac3f75f3284b03f78,714224594,False,UNKNOWN,True,False,UNKNOWN
232183570394,200,15565cee9b1127c06002e1b7d15b56c39ec8611a33daa5b12b9d2ce02c57ee8c,0f47ea2ad6e0c4519a27c01a8008a40c8b8c6b92172c0d4ac3f75f3284b03f78,714224594,False,UNKNOWN,True,False,UNKNOWN
242345639234,200,15565cee9b1127c06002e1b7d15b56c39ec8611a33daa5b12b9d2ce02c57ee8c,0f47ea2ad6e0c4519a27c01a8008a40c8b8c6b92172c0d4ac3f75f3284b03f78,714224594,False,UNKNOWN,True,False,UNKNOWN
184452640994,200,15565cee9b1127c06002e1b7d15b56c39ec8611a33daa5b12b9d2ce02c57ee8c,0f47ea2ad6e0c4519a27c01a8008a40c8b8c6b92172c0d4ac3f75f3284b03f78,406283114,False,UNKNOWN,True,False,UNKNOWN
192356472314,200,15565cee9b1127c06002e1b7d15b56c39ec8611a33daa5b12b9d2ce02c57ee8c,0f47ea2ad6e0c4519a27c01a8008a40c8b8c6b92172c0d4ac3f75f3284b03f78,406283114,False,UNKNOWN,True,False,UNKNOWN
200260303634,200,15565cee9b1127c06002e1b7d15b56c39ec8611a33daa5b12b9d2ce02c57ee8c,0f47ea2ad6e0c4519a27c01a8008a40c8b8c6b92172c0d4ac3f75f3284b03f78,406283114,False,UNKNOWN,True,False,UNKNOWN
208164134954,200,15565cee9b1127c06002e1b7d15b56c39ec8611a33daa5b12b9d2ce02c57ee8c,0f47ea2ad6e0c4519a27c01a8008a40c8b8c6b92172c0d4ac3f75f3284b03f78,406283114,False,UNKNOWN,True,False,UNKNOWN
216067966274,200,15565cee9b1127c06002e1b7d15b56c39ec8611a33daa5b12b9d2ce02c57ee8c,0f47ea2ad6e0c4519a27c01a8008a40c8b8c6b92172c0d4ac3f75f3284b03f78,406283114,False,UNKNOWN,True,False,UNKNOWN
223971797594,200,15565cee9b1127c06002e1b7d15b56c39ec8611a33daa5b12b9d2ce02c57ee8c,0f47ea2ad6e0c4519a27c01a8008a40c8b8c6b92172c0d4ac3f75f3284b03f78,406283114,False,UNKNOWN,True,False,UNKNOWN
231875628914,200,15565cee9b1127c06002e1b7d15b56c39ec8611a33daa5b12b9d2ce02c57ee8c,0f47ea2ad6e0c4519a27c01a8008a40c8b8c6b92172c0d4ac3f75f3284b03f78,406283114,False,UNKNOWN,True,False,UNKNOWN
239779460234,200,15565cee9b1127c06002e1b7d15b56c39ec8611a33daa5b12b9d2ce02c57ee8c,0f47ea2ad6e0c4519a27c01a8008a40c8b8c6b92172c0d4ac3f75f3284b03f78,406283114,False,UNKNOWN,True,False,UNKNOWN
184050978194,200,15565cee9b1127c06002e1b7d15b56c39ec8611a33daa5b12b9d2ce02c57ee8c,2863b38904c57654ca194cfcf3ef8c90821d4a6d5ac4dc73be44e6c28025db18,4620314,False,UNKNOWN,True,False,UNKNOWN
191954809514,200,15565cee9b1127c06002e1b7d15b56c39ec8611a33daa5b12b9d2ce02c57ee8c,2863b38904c57654ca194cfcf3ef8c90821d4a6d5ac4dc73be44e6c28025db18,4620314,False,UNKNOWN,True,False,UNKNOWN
199858640834,200,15565cee9b1127c06002e1b7d15b56c39ec8611a33daa5b12b9d2ce02c57ee8c,2863b38904c57654ca194cfcf3ef8c90821d4a6d5ac4dc73be44e6c28025db18,4620314,False,UNKNOWN,True,False,UNKNOWN
207762472154,200,15565cee9b1127c06002e1b7d15b56c39ec8611a33daa5b12b9d2ce02c57ee8c,2863b38904c57654ca194cfcf3ef8c90821d4a6d5ac4dc73be44e6c28025db18,4620314,False,UNKNOWN,True,False,UNKNOWN
215666303474,200,15565cee9b1127c06002e1b7d15b56c39ec8611a33daa5b12b9d2ce02c57ee8c,2863b38904c57654ca194cfcf3ef8c90821d4a6d5ac4dc73be44e6c28025db18,4620314,False,UNKNOWN,True,False,UNKNOWN
223570134794,200,15565cee9b1127c06002e1b7d15b56c39ec8611a33daa5b12b9d2ce02c57ee8c,2863b38904c57654ca194cfcf3ef8c90821d4a6d5ac4dc73be44e6c28025db18,4620314,False,UNKNOWN,True,False,UNKNOWN
231473966114,200,15565cee9b1127c06002e1b7d15b56c39ec8611a33daa5b12b9d2ce02c57ee8c,2863b38904c57654ca194cfcf3ef8c90821d4a6d5ac4dc73be44e6c28025db18,4620314,False,UNKNOWN,True,False,UNKNOWN
239377797434,200,15565cee9b1127c06002e1b7d15b56c39ec8611a33daa5b12b9d2ce02c57ee8c,2863b38904c57654ca194cfcf3ef8c90821d4a6d5ac4dc73be44e6c28025db18,4620314,False,UNKNOWN,True,False,UNKNOWN
184872155474,200,15565cee9b1127c06002e1b7d15b56c39ec8611a33daa5b12b9d2ce02c57ee8c,2863b38904c57654ca194cfcf3ef8c90821d4a6d5ac4dc73be44e6c28025db18,825797594,False,UNKNOWN,True,False,UNKNOWN
192775986794,200,15565cee9b1127c06002e1b7d15b56c39ec8611a33daa5b12b9d2ce02c57ee8c,2863b38904c57654ca194cfcf3ef8c90821d4a6d5ac4dc73be44e6c28025db18,825797594,False,UNKNOWN,True,False,UNKNOWN
200679818114,200,15565cee9b1127c06002e1b7d15b56c39ec8611a33daa5b12b9d2ce02c57ee8c,2863b38904c57654ca194cfcf3ef8c90821d4a6d5ac4dc73be44e6c28025db18,825797594,False,UNKNOWN,True,False,UNKNOWN
208583649434,200,15565cee9b1127c06002e1b7d15b56c39ec8611a33daa5b12b9d2ce02c57ee8c,2863b38904c57654ca194cfcf3ef8c90821d4a6d5ac4dc73be44e6c28025db18,825797594,False,UNKNOWN,True,False,UNKNOWN
216487480754,200,15565cee9b1127c06002e1b7d15b56c39ec8611a33daa5b12b9d2ce02c57ee8c,2863b38904c57654ca194cfcf3ef8c90821d4a6d5ac4dc73be44e6c28025db18,825797594,False,UNKNOWN,True,False,UNKNOWN
224391312074,200,15565cee9b1127c06002e1b7d15b56c39ec8611a33daa5b12b9d2ce02c57ee8c,2863b38904c57654ca194cfcf3ef8c90821d4a6d5ac4dc73be44e6c28025db18,825797594,False,UNKNOWN,True,False,UNKNOWN
232295143394,200,15565cee9b1127c06002e1b7d15b56c39ec8611a33daa5b12b9d2ce02c57ee8c,2863b38904c57654ca194cfcf3ef8c90821d4a6d5ac4dc73be44e6c28025db18,825797594,False,UNKNOWN,True,False,UNKNOWN
242457212234,200,15565cee9b1127c06002e1b7d15b56c39ec8611a33daa5b12b9d2ce02c57ee8c,2863b38904c57654ca194cfcf3ef8c90821d4a6d5ac4dc73be44e6c28025db18,825797594,False,UNKNOWN,True,False,UNKNOWN
184564213994,200,15565cee9b1127c06002e1b7d15b56c39ec8611a33daa5b12b9d2ce02c57ee8c,2863b38904c57654ca194cfcf3ef8c90821d4a6d5ac4dc73be44e6c28025db18,517856114,False,UNKNOWN,True,False,UNKNOWN
192468045314,200,15565cee9b1127c06002e1b7d15b56c39ec8611a33daa5b12b9d2ce02c57ee8c,2863b38904c57654ca194cfcf3ef8c90821d4a6d5ac4dc73be44e6c28025db18,517856114,False,UNKNOWN,True,False,UNKNOWN
200371876634,200,15565cee9b1127c06002e1b7d15b56c39ec8611a33daa5b12b9d2ce02c57ee8c,2863b38904c57654ca194cfcf3ef8c90821d4a6d5ac4dc73be44e6c28025db18,517856114,False,UNKNOWN,True,False,UNKNOWN
208275707954,200,15565cee9b1127c06002e1b7d15b56c39ec8611a33daa5b12b9d2ce02c57ee8c,2863b38904c57654ca194cfcf3ef8c90821d4a6d5ac4dc73be44e6c28025db18,517856114,False,UNKNOWN,True,False,UNKNOWN
216179539274,200,15565cee9b1127c06002e1b7d15b56c39ec8611a33daa5b12b9d2ce02c57ee8c,2863b38904c57654ca194cfcf3ef8c90821d4a6d5ac4dc73be44e6c28025db18,517856114,False,UNKNOWN,True,False,UNKNOWN
224083370594,200,15565cee9b1127c06002e1b7d15b56c39ec8611a33daa5b12b9d2ce02c57ee8c,2863b38904c57654ca194cfcf3ef8c90821d4a6d5ac4dc73be44e6c28025db18,517856114,False,UNKNOWN,True,False,UNKNOWN
231987201914,200,15565cee9b1127c06002e1b7d15b56c39ec8611a33daa5b12b9d2ce02c57ee8c,2863b38904c57654ca194cfcf3ef8c90821d4a6d5ac4dc73be44e6c28025db18,517856114,False,UNKNOWN,True,False,UNKNOWN
239891033234,200,15565cee9b1127c06002e1b7d15b56c39ec8611a33daa5b12b9d2ce02c57ee8c,2863b38904c57654ca194cfcf3ef8c90821d4a6d5ac4dc73be44e6c28025db18,517856114,False,UNKNOWN,True,False,UNKNOWN
184256272514,200,15565cee9b1127c06002e1b7d15b56c39ec8611a33daa5b12b9d2ce02c57ee8c,2863b38904c57654ca194cfcf3ef8c90821d4a6d5ac4dc73be44e6c28025db18,209914634,False,UNKNOWN,True,False,UNKNOWN
192160103834,200,15565cee9b1127c06002e1b7d15b56c39ec8611a33daa5b12b9d2ce02c57ee8c,2863b38904c57654ca194cfcf3ef8c90821d4a6d5ac4dc73be44e6c28025db18,209914634,False,UNKNOWN,True,False,UNKNOWN
200063935154,200,15565cee9b1127c06002e1b7d15b56c39ec8611a33daa5b12b9d2ce02c57ee8c,2863b38904c57654ca194cfcf3ef8c90821d4a6d5ac4dc73be44e6c28025db18,209914634,False,UNKNOWN,True,False,UNKNOWN
207967766474,200,15565cee9b1127c06002e1b7d15b56c39ec8611a33daa5b12b9d2ce02c57ee8c,2863b38904c57654ca194cfcf3ef8c90821d4a6d5ac4dc73be44e6c28025db18,209914634,False,UNKNOWN,True,False,UNKNOWN
215871597794,200,15565cee9b1127c06002e1b7d15b56c39ec8611a33daa5b12b9d2ce02c57ee8c,2863b38904c57654ca194cfcf3ef8c90821d4a6d5ac4dc73be44e6c28025db18,209914634,False,UNKNOWN,True,False,UNKNOWN
223775429114,200,15565cee9b1127c06002e1b7d15b56c39ec8611a33daa5b12b9d2ce02c57ee8c,2863b38904c57654ca194cfcf3ef8c90821d4a6d5ac4dc73be44e6c28025db18,209914634,False,UNKNOWN,True,False,UNKNOWN
231679260434,200,15565cee9b1127c06002e1b7d15b56c39ec8611a33daa5b12b9d2ce02c57ee8c,2863b38904c57654ca194cfcf3ef8c90821d4a6d5ac4dc73be44e6c28025db18,209914634,False,UNKNOWN,True,False,UNKNOWN
239583091754,200,15565cee9b1127c06002e1b7d15b56c39ec8611a33daa5b12b9d2ce02c57ee8c,2863b38904c57654ca194cfcf3ef8c90821d4a6d5ac4dc73be44e6c28025db18,209914634,False,UNKNOWN,True,False,UNKNOWN
184922439554,200,195f37c13482a5459e3074c6d63b2be8db1cb9a1b4d965e7273d9284509519ea,b1074abaa943cb9db1d5bb0155ad854b4577b108dab0da111f0dd2825ea993fa,876081674,False,UNKNOWN,True,False,UNKNOWN
192826270874,200,195f37c13482a5459e3074c6d63b2be8db1cb9a1b4d965e7273d9284509519ea,b1074abaa943cb9db1d5bb0155ad854b4577b108dab0da111f0dd2825ea993fa,876081674,False,UNKNOWN,True,False,UNKNOWN
200730102194,200,195f37c13482a5459e3074c6d63b2be8db1cb9a1b4d965e7273d9284509519ea,b1074abaa943cb9db1d5bb0155ad854b4577b108dab0da111f0dd2825ea993fa,876081674,False,UNKNOWN,True,False,UNKNOWN
208633933514,200,195f37c13482a5459e3074c6d63b2be8db1cb9a1b4d965e7273d9284509519ea,b1074abaa943cb9db1d5bb0155ad854b4577b108dab0da111f0dd2825ea993fa,876081674,False,UNKNOWN,True,False,UNKNOWN
216537764834,200,195f37c13482a5459e3074c6d63b2be8db1cb9a1b4d965e7273d9284509519ea,b1074abaa943cb9db1d5bb0155ad854b4577b108dab0da111f0dd2825ea993fa,876081674,False,UNKNOWN,True,False,UNKNOWN
224441596154,200,195f37c13482a5459e3074c6d63b2be8db1cb9a1b4d965e7273d9284509519ea,b1074abaa943cb9db1d5bb0155ad854b4577b108dab0da111f0dd2825ea993fa,876081674,False,UNKNOWN,True,False,UNKNOWN
232345427474,200,195f37c13482a5459e3074c6d63b2be8db1cb9a1b4d965e7273d9284509519ea,b1074abaa943cb9db1d5bb0155ad854b4577b108dab0da111f0dd2825ea993fa,876081674,False,UNKNOWN,True,False,UNKNOWN
242507496314,200,195f37c13482a5459e3074c6d63b2be8db1cb9a1b4d965e7273d9284509519ea,b1074abaa943cb9db1d5bb0155ad854b4577b108dab0da111f0dd2825ea993fa,876081674,False,UNKNOWN,True,False,UNKNOWN
184614498074,200,195f37c13482a5459e3074c6d63b2be8db1cb9a1b4d965e7273d9284509519ea,b1074abaa943cb9db1d5bb0155ad854b4577b108dab0da111f0dd2825ea993fa,568140194,False,UNKNOWN,True,False,UNKNOWN
192518329394,200,195f37c13482a5459e3074c6d63b2be8db1cb9a1b4d965e7273d9284509519ea,b1074abaa943cb9db1d5bb0155ad854b4577b108dab0da111f0dd2825ea993fa,568140194,False,UNKNOWN,True,False,UNKNOWN
200422160714,200,195f37c13482a5459e3074c6d63b2be8db1cb9a1b4d965e7273d9284509519ea,b1074abaa943cb9db1d5bb0155ad854b4577b108dab0da111f0dd2825ea993fa,568140194,False,UNKNOWN,True,False,UNKNOWN
208325992034,200,195f37c13482a5459e3074c6d63b2be8db1cb9a1b4d965e7273d9284509519ea,b1074abaa943cb9db1d5bb0155ad854b4577b108dab0da111f0dd2825ea993fa,568140194,False,UNKNOWN,True,False,UNKNOWN
216229823354,200,195f37c13482a5459e3074c6d63b2be8db1cb9a1b4d965e7273d9284509519ea,b1074abaa943cb9db1d5bb0155ad854b4577b108dab0da111f0dd2825ea993fa,568140194,False,UNKNOWN,True,False,UNKNOWN
224133654674,200,195f37c13482a5459e3074c6d63b2be8db1cb9a1b4d965e7273d9284509519ea,b1074abaa943cb9db1d5bb0155ad854b4577b108dab0da111f0dd2825ea993fa,568140194,False,UNKNOWN,True,False,UNKNOWN
232037485994,200,195f37c13482a5459e3074c6d63b2be8db1cb9a1b4d965e7273d9284509519ea,b1074abaa943cb9db1d5bb0155ad854b4577b108dab0da111f0dd2825ea993fa,568140194,False,UNKNOWN,True,False,UNKNOWN
239941317314,200,195f37c13482a5459e3074c6d63b2be8db1cb9a1b4d965e7273d9284509519ea,b1074abaa943cb9db1d5bb0155ad854b4577b108dab0da111f0dd2825ea993fa,568140194,False,UNKNOWN,True,False,UNKNOWN
184306556594,200,195f37c13482a5459e3074c6d63b2be8db1cb9a1b4d965e7273d9284509519ea,b1074abaa943cb9db1d5bb0155ad854b4577b108dab0da111f0dd2825ea993fa,260198714,False,UNKNOWN,True,False,UNKNOWN
192210387914,200,195f37c13482a5459e3074c6d63b2be8db1cb9a1b4d965e7273d9284509519ea,b1074abaa943cb9db1d5bb0155ad854b4577b108dab0da111f0dd2825ea993fa,260198714,False,UNKNOWN,True,False,UNKNOWN
200114219234,200,195f37c13482a5459e3074c6d63b2be8db1cb9a1b4d965e7273d9284509519ea,b1074abaa943cb9db1d5bb0155ad854b4577b108dab0da111f0dd2825ea993fa,260198714,False,UNKNOWN,True,False,UNKNOWN
208018050554,200,195f37c13482a5459e3074c6d63b2be8db1cb9a1b4d965e7273d9284509519ea,b1074abaa943cb9db1d5bb0155ad854b4577b108dab0da111f0dd2825ea993fa,260198714,False,UNKNOWN,True,False,UNKNOWN
215921881874,200,195f37c13482a5459e3074c6d63b2be8db1cb9a1b4d965e7273d9284509519ea,b1074abaa943cb9db1d5bb0155ad854b4577b108dab0da111f0dd2825ea993fa,260198714,False,UNKNOWN,True,False,UNKNOWN
223825713194,200,195f37c13482a5459e3074c6d63b2be8db1cb9a1b4d965e7273d9284509519ea,b1074abaa943cb9db1d5bb0155ad854b4577b108dab0da111f0dd2825ea993fa,260198714,False,UNKNOWN,True,False,UNKNOWN
231729544514,200,195f37c13482a5459e3074c6d63b2be8db1cb9a1b4d965e7273d9284509519ea,b1074abaa943cb9db1d5bb0155ad854b4577b108dab0da111f0dd2825ea993fa,260198714,False,UNKNOWN,True,False,UNKNOWN
239633375834,200,195f37c13482a5459e3074c6d63b2be8db1cb9a1b4d965e7273d9284509519ea,b1074abaa943cb9db1d5bb0155ad854b4577b108dab0da111f0dd2825ea993fa,260198714,False,UNKNOWN,True,False,UNKNOWN
183998615114,200,195f37c13482a5459e3074c6d63b2be8db1cb9a1b4d965e7273d9284509519ea,b1074abaa943cb9db1d5bb0155ad854b4577b108dab0da111f0dd2825ea993fa,1081375994,False,UNKNOWN,True,False,UNKNOWN
191902446434,200,195f37c13482a5459e3074c6d63b2be8db1cb9a1b4d965e7273d9284509519ea,b1074abaa943cb9db1d5bb0155ad854b4577b108dab0da111f0dd2825ea993fa,1081375994,False,UNKNOWN,True,False,UNKNOWN
199806277754,200,195f37c13482a5459e3074c6d63b2be8db1cb9a1b4d965e7273d9284509519ea,b1074abaa943cb9db1d5bb0155ad854b4577b108dab0da111f0dd2825ea993fa,1081375994,False,UNKNOWN,True,False,UNKNOWN
207710109074,200,195f37c13482a5459e3074c6d63b2be8db1cb9a1b4d965e7273d9284509519ea,b1074abaa943cb9db1d5bb0155ad854b4577b108dab0da111f0dd2825ea993fa,1081375994,False,UNKNOWN,True,False,UNKNOWN
215613940394,200,195f37c13482a5459e3074c6d63b2be8db1cb9a1b4d965e7273d9284509519ea,b1074abaa943cb9db1d5bb0155ad854b4577b108dab0da111f0dd2825ea993fa,1081375994,False,UNKNOWN,True,False,UNKNOWN
223517771714,200,195f37c13482a5459e3074c6d63b2be8db1cb9a1b4d965e7273d9284509519ea,b1074abaa943cb9db1d5bb0155ad854b4577b108dab0da111f0dd2825ea993fa,1081375994,False,UNKNOWN,True,False,UNKNOWN
231421603034,200,195f37c13482a5459e3074c6d63b2be8db1cb9a1b4d965e7273d9284509519ea,b1074abaa943cb9db1d5bb0155ad854b4577b108dab0da111f0dd2825ea993fa,1081375994,False,UNKNOWN,True,False,UNKNOWN
239325434354,200,195f37c13482a5459e3074c6d63b2be8db1cb9a1b4d965e7273d9284509519ea,b1074abaa943cb9db1d5bb0155ad854b4577b108dab0da111f0dd2825ea993fa,1081375994,False,UNKNOWN,True,False,UNKNOWN
184627886834,200,195f37c13482a5459e3074c6d63b2be8db1cb9a1b4d965e7273d9284509519ea,b22f6e9e331abeba3b0cc665a1bae7973fbbc098fbb85c7c46fa73fd0959f287,581528954,False,UNKNOWN,True,False,UNKNOWN
192531718154,200,195f37c13482a5459e3074c6d63b2be8db1cb9a1b4d965e7273d9284509519ea,b22f6e9e331abeba3b0cc665a1bae7973fbbc098fbb85c7c46fa73fd0959f287,581528954,False,UNKNOWN,True,False,UNKNOWN
200435549474,200,195f37c13482a5459e3074c6d63b2be8db1cb9a1b4d965e7273d9284509519ea,b22f6e9e331abeba3b0cc665a1bae7973fbbc098fbb85c7c46fa73fd0959f287,581528954,False,UNKNOWN,True,False,UNKNOWN
208339380794,200,195f37c13482a5459e3074c6d63b2be8db1cb9a1b4d965e7273d9284509519ea,b22f6e9e331abeba3b0cc665a1bae7973fbbc098fbb85c7c46fa73fd0959f287,581528954,False,UNKNOWN,True,False,UNKNOWN
216243212114,200,195f37c13482a5459e3074c6d63b2be8db1cb9a1b4d965e7273d9284509519ea,b22f6e9e331abeba3b0cc665a1bae7973fbbc098fbb85c7c46fa73fd0959f287,581528954,False,UNKNOWN,True,False,UNKNOWN
224147043434,200,195f37c13482a5459e3074c6d63b2be8db1cb9a1b4d965e7273d9284509519ea,b22f6e9e331abeba3b0cc665a1bae7973fbbc098fbb85c7c46fa73fd0959f287,581528954,False,UNKNOWN,True,False,UNKNOWN
232050874754,200,195f37c13482a5459e3074c6d63b2be8db1cb9a1b4d965e7273d9284509519ea,b22f6e9e331abeba3b0cc665a1bae7973fbbc098fbb85c7c46fa73fd0959f287,581528954,False,UNKNOWN,True,False,UNKNOWN
239954706074,200,195f37c13482a5459e3074c6d63b2be8db1cb9a1b4d965e7273d9284509519ea,b22f6e9e331abeba3b0cc665a1bae7973fbbc098fbb85c7c46fa73fd0959f287,581528954,False,UNKNOWN,True,False,UNKNOWN
184319945354,200,195f37c13482a5459e3074c6d63b2be8db1cb9a1b4d965e7273d9284509519ea,b22f6e9e331abeba3b0cc665a1bae7973fbbc098fbb85c7c46fa73fd0959f287,273587474,False,UNKNOWN,True,False,UNKNOWN
192223776674,200,195f37c13482a5459e3074c6d63b2be8db1cb9a1b4d965e7273d9284509519ea,b22f6e9e331abeba3b0cc665a1bae7973fbbc098fbb85c7c46fa73fd0959f287,273587474,False,UNKNOWN,True,False,UNKNOWN
200127607994,200,195f37c13482a5459e3074c6d63b2be8db1cb9a1b4d965e7273d9284509519ea,b22f6e9e331abeba3b0cc665a1bae7973fbbc098fbb85c7c46fa73fd0959f287,273587474,False,UNKNOWN,True,False,UNKNOWN
208031439314,200,195f37c13482a5459e3074c6d63b2be8db1cb9a1b4d965e7273d9284509519ea,b22f6e9e331abeba3b0cc665a1bae7973fbbc098fbb85c7c46fa73fd0959f287,273587474,False,UNKNOWN,True,False,UNKNOWN
215935270634,200,195f37c13482a5459e3074c6d63b2be8db1cb9a1b4d965e7273d9284509519ea,b22f6e9e331abeba3b0cc665a1bae7973fbbc098fbb85c7c46fa73fd0959f287,273587474,False,UNKNOWN,True,False,UNKNOWN
223839101954,200,195f37c13482a5459e3074c6d63b2be8db1cb9a1b4d965e7273d9284509519ea,b22f6e9e331abeba3b0cc665a1bae7973fbbc098fbb85c7c46fa73fd0959f287,273587474,False,UNKNOWN,True,False,UNKNOWN
231742933274,200,195f37c13482a5459e3074c6d63b2be8db1cb9a1b4d965e7273d9284509519ea,b22f6e9e331abeba3b0cc665a1bae7973fbbc098fbb85c7c46fa73fd0959f287,273587474,False,UNKNOWN,True,False,UNKNOWN
239646764594,200,195f37c13482a5459e3074c6d63b2be8db1cb9a1b4d965e7273d9284509519ea,b22f6e9e331abeba3b0cc665a1bae7973fbbc098fbb85c7c46fa73fd0959f287,273587474,False,UNKNOWN,True,False,UNKNOWN
184012003874,200,195f37c13482a5459e3074c6d63b2be8db1cb9a1b4d965e7273d9284509519ea,b22f6e9e331abeba3b0cc665a1bae7973fbbc098fbb85c7c46fa73fd0959f287,1094764754,False,UNKNOWN,True,False,UNKNOWN
191915835194,200,195f37c13482a5459e3074c6d63b2be8db1cb9a1b4d965e7273d9284509519ea,b22f6e9e331abeba3b0cc665a1bae7973fbbc098fbb85c7c46fa73fd0959f287,1094764754,False,UNKNOWN,True,False,UNKNOWN
199819666514,200,195f37c13482a5459e3074c6d63b2be8db1cb9a1b4d965e7273d9284509519ea,b22f6e9e331abeba3b0cc665a1bae7973fbbc098fbb85c7c46fa73fd0959f287,1094764754,False,UNKNOWN,True,False,UNKNOWN
207723497834,200,195f37c13482a5459e3074c6d63b2be8db1cb9a1b4d965e7273d9284509519ea,b22f6e9e331abeba3b0cc665a1bae7973fbbc098fbb85c7c46fa73fd0959f287,1094764754,False,UNKNOWN,True,False,UNKNOWN
215627329154,200,195f37c13482a5459e3074c6d63b2be8db1cb9a1b4d965e7273d9284509519ea,b22f6e9e331abeba3b0cc665a1bae7973fbbc098fbb85c7c46fa73fd0959f287,1094764754,False,UNKNOWN,True,False,UNKNOWN
223531160474,200,195f37c13482a5459e3074c6d63b2be8db1cb9a1b4d965e7273d9284509519ea,b22f6e9e331abeba3b0cc665a1bae7973fbbc098fbb85c7c46fa73fd0959f287,1094764754,False,UNKNOWN,True,False,UNKNOWN
231434991794,200,195f37c13482a5459e3074c6d63b2be8db1cb9a1b4d965e7273d9284509519ea,b22f6e9e331abeba3b0cc665a1bae7973fbbc098fbb85c7c46fa73fd0959f287,1094764754,False,UNKNOWN,True,False,UNKNOWN
239338823114,200,195f37c13482a5459e3074c6d63b2be8db1cb9a1b4d965e7273d9284509519ea,b22f6e9e331abeba3b0cc665a1bae7973fbbc098fbb85c7c46fa73fd0959f287,1094764754,False,UNKNOWN,True,False,UNKNOWN
184833181154,200,195f37c13482a5459e3074c6d63b2be8db1cb9a1b4d965e7273d9284509519ea,b22f6e9e331abeba3b0cc665a1bae7973fbbc098fbb85c7c46fa73fd0959f287,786823274,False,UNKNOWN,True,False,UNKNOWN
192737012474,200,195f37c13482a5459e3074c6d63b2be8db1cb9a1b4d965e7273d9284509519ea,b22f6e9e331abeba3b0cc665a1bae7973fbbc098fbb85c7c46fa73fd0959f287,786823274,False,UNKNOWN,True,False,UNKNOWN
200640843794,200,195f37c13482a5459e3074c6d63b2be8db1cb9a1b4d965e7273d9284509519ea,b22f6e9e331abeba3b0cc665a1bae7973fbbc098fbb85c7c46fa73fd0959f287,786823274,False,UNKNOWN,True,False,UNKNOWN
208544675114,200,195f37c13482a5459e3074c6d63b2be8db1cb9a1b4d965e7273d9284509519ea,b22f6e9e331abeba3b0cc665a1bae7973fbbc098fbb85c7c46fa73fd0959f287,786823274,False,UNKNOWN,True,False,UNKNOWN
216448506434,200,195f37c13482a5459e3074c6d63b2be8db1cb9a1b4d965e7273d9284509519ea,b22f6e9e331abeba3b0cc665a1bae7973fbbc098fbb85c7c46fa73fd0959f287,786823274,False,UNKNOWN,True,False,UNKNOWN
224352337754,200,195f37c13482a5459e3074c6d63b2be8db1cb9a1b4d965e7273d9284509519ea,b22f6e9e331abeba3b0cc665a1bae7973fbbc098fbb85c7c46fa73fd0959f287,786823274,False,UNKNOWN,True,False,UNKNOWN
232256169074,200,195f37c13482a5459e3074c6d63b2be8db1cb9a1b4d965e7273d9284509519ea,b22f6e9e331abeba3b0cc665a1bae7973fbbc098fbb85c7c46fa73fd0959f287,786823274,False,UNKNOWN,True,False,UNKNOWN
242418237914,200,195f37c13482a5459e3074c6d63b2be8db1cb9a1b4d965e7273d9284509519ea,b22f6e9e331abeba3b0cc665a1bae7973fbbc098fbb85c7c46fa73fd0959f287,786823274,False,UNKNOWN,True,False,UNKNOWN
184857491594,201,768f55d945aaf7be8a76b0fc24cb5ed0ab8a3f8ce0aca914b34ea381e5524ae5,0a825fb1ef86322330f2520a6456f1f494795b7ebba2d66c95607ab4d7f6762f,811133714,False,UNKNOWN,True,False,UNKNOWN
192761322914,201,768f55d945aaf7be8a76b0fc24cb5ed0ab8a3f8ce0aca914b34ea381e5524ae5,0a825fb1ef86322330f2520a6456f1f494795b7ebba2d66c95607ab4d7f6762f,811133714,False,UNKNOWN,True,False,UNKNOWN
200665154234,201,768f55d945aaf7be8a76b0fc24cb5ed0ab8a3f8ce0aca914b34ea381e5524ae5,0a825fb1ef86322330f2520a6456f1f494795b7ebba2d66c95607ab4d7f6762f,811133714,False,UNKNOWN,True,False,UNKNOWN
208568985554,201,768f55d945aaf7be8a76b0fc24cb5ed0ab8a3f8ce0aca914b34ea381e5524ae5,0a825fb1ef86322330f2520a6456f1f494795b7ebba2d66c95607ab4d7f6762f,811133714,False,UNKNOWN,True,False,UNKNOWN
216472816874,201,768f55d945aaf7be8a76b0fc24cb5ed0ab8a3f8ce0aca914b34ea381e5524ae5,0a825fb1ef86322330f2520a6456f1f494795b7ebba2d66c95607ab4d7f6762f,811133714,False,UNKNOWN,True,False,UNKNOWN
224376648194,201,768f55d945aaf7be8a76b0fc24cb5ed0ab8a3f8ce0aca914b34ea381e5524ae5,0a825fb1ef86322330f2520a6456f1f494795b7ebba2d66c95607ab4d7f6762f,811133714,False,UNKNOWN,True,False,UNKNOWN
232280479514,201,768f55d945aaf7be8a76b0fc24cb5ed0ab8a3f8ce0aca914b34ea381e5524ae5,0a825fb1ef86322330f2520a6456f1f494795b7ebba2d66c95607ab4d7f6762f,811133714,False,UNKNOWN,True,False,UNKNOWN
242442548354,201,768f55d945aaf7be8a76b0fc24cb5ed0ab8a3f8ce0aca914b34ea381e5524ae5,0a825fb1ef86322330f2520a6456f1f494795b7ebba2d66c95607ab4d7f6762f,811133714,False,UNKNOWN,True,False,UNKNOWN
184549550114,201,768f55d945aaf7be8a76b0fc24cb5ed0ab8a3f8ce0aca914b34ea381e5524ae5,0a825fb1ef86322330f2520a6456f1f494795b7ebba2d66c95607ab4d7f6762f,503192234,False,UNKNOWN,True,False,UNKNOWN
192453381434,201,768f55d945aaf7be8a76b0fc24cb5ed0ab8a3f8ce0aca914b34ea381e5524ae5,0a825fb1ef86322330f2520a6456f1f494795b7ebba2d66c95607ab4d7f6762f,503192234,False,UNKNOWN,True,False,UNKNOWN
200357212754,201,768f55d945aaf7be8a76b0fc24cb5ed0ab8a3f8ce0aca914b34ea381e5524ae5,0a825fb1ef86322330f2520a6456f1f494795b7ebba2d66c95607ab4d7f6762f,503192234,False,UNKNOWN,True,False,UNKNOWN
208261044074,201,768f55d945aaf7be8a76b0fc24cb5ed0ab8a3f8ce0aca914b34ea381e5524ae5,0a825fb1ef86322330f2520a6456f1f494795b7ebba2d66c95607ab4d7f6762f,503192234,False,UNKNOWN,True,False,UNKNOWN
216164875394,201,768f55d945aaf7be8a76b0fc24cb5ed0ab8a3f8ce0aca914b34ea381e5524ae5,0a825fb1ef86322330f2520a6456f1f494795b7ebba2d66c95607ab4d7f6762f,503192234,False,UNKNOWN,True,False,UNKNOWN
224068706714,201,768f55d945aaf7be8a76b0fc24cb5ed0ab8a3f8ce0aca914b34ea381e5524ae5,0a825fb1ef86322330f2520a6456f1f494795b7ebba2d66c95607ab4d7f6762f,503192234,False,UNKNOWN,True,False,UNKNOWN
231972538034,201,768f55d945aaf7be8a76b0fc24cb5ed0ab8a3f8ce0aca914b34ea381e5524ae5,0a825fb1ef86322330f2520a6456f1f494795b7ebba2d66c95607ab4d7f6762f,503192234,False,UNKNOWN,True,False,UNKNOWN
239876369354,201,768f55d945aaf7be8a76b0fc24cb5ed0ab8a3f8ce0aca914b34ea381e5524ae5,0a825fb1ef86322330f2520a6456f1f494795b7ebba2d66c95607ab4d7f6762f,503192234,False,UNKNOWN,True,False,UNKNOWN
184241608634,201,768f55d945aaf7be8a76b0fc24cb5ed0ab8a3f8ce0aca914b34ea381e5524ae5,0a825fb1ef86322330f2520a6456f1f494795b7ebba2d66c95607ab4d7f6762f,195250754,False,UNKNOWN,True,False,UNKNOWN
192145439954,201,768f55d945aaf7be8a76b0fc24cb5ed0ab8a3f8ce0aca914b34ea381e5524ae5,0a825fb1ef86322330f2520a6456f1f494795b7ebba2d66c95607ab4d7f6762f,195250754,False,UNKNOWN,True,False,UNKNOWN
200049271274,201,768f55d945aaf7be8a76b0fc24cb5ed0ab8a3f8ce0aca914b34ea381e5524ae5,0a825fb1ef86322330f2520a6456f1f494795b7ebba2d66c95607ab4d7f6762f,195250754,False,UNKNOWN,True,False,UNKNOWN
207953102594,201,768f55d945aaf7be8a76b0fc24cb5ed0ab8a3f8ce0aca914b34ea381e5524ae5,0a825fb1ef86322330f2520a6456f1f494795b7ebba2d66c95607ab4d7f6762f,195250754,False,UNKNOWN,True,False,UNKNOWN
215856933914,201,768f55d945aaf7be8a76b0fc24cb5ed0ab8a3f8ce0aca914b34ea381e5524ae5,0a825fb1ef86322330f2520a6456f1f494795b7ebba2d66c95607ab4d7f6762f,195250754,False,UNKNOWN,True,False,UNKNOWN
223760765234,201,768f55d945aaf7be8a76b0fc24cb5ed0ab8a3f8ce0aca914b34ea381e5524ae5,0a825fb1ef86322330f2520a6456f1f494795b7ebba2d66c95607ab4d7f6762f,195250754,False,UNKNOWN,True,False,UNKNOWN
231664596554,201,768f55d945aaf7be8a76b0fc24cb5ed0ab8a3f8ce0aca914b34ea381e5524ae5,0a825fb1ef86322330f2520a6456f1f494795b7ebba2d66c95607ab4d7f6762f,195250754,False,UNKNOWN,True,False,UNKNOWN
239568427874,201,768f55d945aaf7be8a76b0fc24cb5ed0ab8a3f8ce0aca914b34ea381e5524ae5,0a825fb1ef86322330f2520a6456f1f494795b7ebba2d66c95607ab4d7f6762f,195250754,False,UNKNOWN,True,False,UNKNOWN
185062785914,201,768f55d945aaf7be8a76b0fc24cb5ed0ab8a3f8ce0aca914b34ea381e5524ae5,0a825fb1ef86322330f2520a6456f1f494795b7ebba2d66c95607ab4d7f6762f,1016428034,False,UNKNOWN,True,False,UNKNOWN
192966617234,201,768f55d945aaf7be8a76b0fc24cb5ed0ab8a3f8ce0aca914b34ea381e5524ae5,0a825fb1ef86322330f2520a6456f1f494795b7ebba2d66c95607ab4d7f6762f,1016428034,False,UNKNOWN,True,False,UNKNOWN
200870448554,201,768f55d945aaf7be8a76b0fc24cb5ed0ab8a3f8ce0aca914b34ea381e5524ae5,0a825fb1ef86322330f2520a6456f1f494795b7ebba2d66c95607ab4d7f6762f,1016428034,False,UNKNOWN,True,False,UNKNOWN
208774279874,201,768f55d945aaf7be8a76b0fc24cb5ed0ab8a3f8ce0aca914b34ea381e5524ae5,0a825fb1ef86322330f2520a6456f1f494795b7ebba2d66c95607ab4d7f6762f,1016428034,False,UNKNOWN,True,False,UNKNOWN
216678111194,201,768f55d945aaf7be8a76b0fc24cb5ed0ab8a3f8ce0aca914b34ea381e5524ae5,0a825fb1ef86322330f2520a6456f1f494795b7ebba2d66c95607ab4d7f6762f,1016428034,False,UNKNOWN,True,False,UNKNOWN
224581942514,201,768f55d945aaf7be8a76b0fc24cb5ed0ab8a3f8ce0aca914b34ea381e5524ae5,0a825fb1ef86322330f2520a6456f1f494795b7ebba2d66c95607ab4d7f6762f,1016428034,False,UNKNOWN,True,False,UNKNOWN
232485773834,201,768f55d945aaf7be8a76b0fc24cb5ed0ab8a3f8ce0aca914b34ea381e5524ae5,0a825fb1ef86322330f2520a6456f1f494795b7ebba2d66c95607ab4d7f6762f,1016428034,False,UNKNOWN,True,False,UNKNOWN
242647842674,201,768f55d945aaf7be8a76b0fc24cb5ed0ab8a3f8ce0aca914b34ea381e5524ae5,0a825fb1ef86322330f2520a6456f1f494795b7ebba2d66c95607ab4d7f6762f,1016428034,False,UNKNOWN,True,False,UNKNOWN
185004767954,201,768f55d945aaf7be8a76b0fc24cb5ed0ab8a3f8ce0aca914b34ea381e5524ae5,7a0aaeb3e2f2338fef525247ae12155d97f4ca0c53685cc55ebac18dc8b539b1,958410074,False,UNKNOWN,True,False,UNKNOWN
192908599274,201,768f55d945aaf7be8a76b0fc24cb5ed0ab8a3f8ce0aca914b34ea381e5524ae5,7a0aaeb3e2f2338fef525247ae12155d97f4ca0c53685cc55ebac18dc8b539b1,958410074,False,UNKNOWN,True,False,UNKNOWN
200812430594,201,768f55d945aaf7be8a76b0fc24cb5ed0ab8a3f8ce0aca914b34ea381e5524ae5,7a0aaeb3e2f2338fef525247ae12155d97f4ca0c53685cc55ebac18dc8b539b1,958410074,False,UNKNOWN,True,False,UNKNOWN
208716261914,201,768f55d945aaf7be8a76b0fc24cb5ed0ab8a3f8ce0aca914b34ea381e5524ae5,7a0aaeb3e2f2338fef525247ae12155d97f4ca0c53685cc55ebac18dc8b539b1,958410074,False,UNKNOWN,True,False,UNKNOWN
216620093234,201,768f55d945aaf7be8a76b0fc24cb5ed0ab8a3f8ce0aca914b34ea381e5524ae5,7a0aaeb3e2f2338fef525247ae12155d97f4ca0c53685cc55ebac18dc8b539b1,958410074,False,UNKNOWN,True,False,UNKNOWN
224523924554,201,768f55d945aaf7be8a76b0fc24cb5ed0ab8a3f8ce0aca914b34ea381e5524ae5,7a0aaeb3e2f2338fef525247ae12155d97f4ca0c53685cc55ebac18dc8b539b1,958410074,False,UNKNOWN,True,False,UNKNOWN
232427755874,201,768f55d945aaf7be8a76b0fc24cb5ed0ab8a3f8ce0aca914b34ea381e5524ae5,7a0aaeb3e2f2338fef525247ae12155d97f4ca0c53685cc55ebac18dc8b539b1,958410074,False,UNKNOWN,True,False,UNKNOWN
242589824714,201,768f55d945aaf7be8a76b0fc24cb5ed0ab8a3f8ce0aca914b34ea381e5524ae5,7a0aaeb3e2f2338fef525247ae12155d97f4ca0c53685cc55ebac18dc8b539b1,958410074,False,UNKNOWN,True,False,UNKNOWN
184696826474,201,768f55d945aaf7be8a76b0fc24cb5ed0ab8a3f8ce0aca914b34ea381e5524ae5,7a0aaeb3e2f2338fef525247ae12155d97f4ca0c53685cc55ebac18dc8b539b1,650468594,False,UNKNOWN,True,False,UNKNOWN
192600657794,201,768f55d945aaf7be8a76b0fc24cb5ed0ab8a3f8ce0aca914b34ea381e5524ae5,7a0aaeb3e2f2338fef525247ae12155d97f4ca0c53685cc55ebac18dc8b539b1,650468594,False,UNKNOWN,True,False,UNKNOWN
200504489114,201,768f55d945aaf7be8a76b0fc24cb5ed0ab8a3f8ce0aca914b34ea381e5524ae5,7a0aaeb3e2f2338fef525247ae12155d97f4ca0c53685cc55ebac18dc8b539b1,650468594,False,UNKNOWN,True,False,UNKNOWN
208408320434,201,768f55d945aaf7be8a76b0fc24cb5ed0ab8a3f8ce0aca914b34ea381e5524ae5,7a0aaeb3e2f2338fef525247ae12155d97f4ca0c53685cc55ebac18dc8b539b1,650468594,False,UNKNOWN,True,False,UNKNOWN
216312151754,201,768f55d945aaf7be8a76b0fc24cb5ed0ab8a3f8ce0aca914b34ea381e5524ae5,7a0aaeb3e2f2338fef525247ae12155d97f4ca0c53685cc55ebac18dc8b539b1,650468594,False,UNKNOWN,True,False,UNKNOWN
224215983074,201,768f55d945aaf7be8a76b0fc24cb5ed0ab8a3f8ce0aca914b34ea381e5524ae5,7a0aaeb3e2f2338fef525247ae12155d97f4ca0c53685cc55ebac18dc8b539b1,650468594,False,UNKNOWN,True,False,UNKNOWN
232119814394,201,768f55d945aaf7be8a76b0fc24cb5ed0ab8a3f8ce0aca914b34ea381e5524ae5,7a0aaeb3e2f2338fef525247ae12155d97f4ca0c53685cc55ebac18dc8b539b1,650468594,False,UNKNOWN,True,False,UNKNOWN
242281883234,201,768f55d945aaf7be8a76b0fc24cb5ed0ab8a3f8ce0aca914b34ea381e5524ae5,7a0aaeb3e2f2338fef525247ae12155d97f4ca0c53685cc55ebac18dc8b539b1,650468594,False,UNKNOWN,True,False,UNKNOWN
184388884994,201,768f55d945aaf7be8a76b0fc24cb5ed0ab8a3f8ce0aca914b34ea381e5524ae5,7a0aaeb3e2f2338fef525247ae12155d97f4ca0c53685cc55ebac18dc8b539b1,342527114,False,UNKNOWN,True,False,UNKNOWN
192292716314,201,768f55d945aaf7be8a76b0fc24cb5ed0ab8a3f8ce0aca914b34ea381e5524ae5,7a0aaeb3e2f2338fef525247ae12155d97f4ca0c53685cc55ebac18dc8b539b1,342527114,False,UNKNOWN,True,False,UNKNOWN
200196547634,201,768f55d945aaf7be8a76b0fc24cb5ed0ab8a3f8ce0aca914b34ea381e5524ae5,7a0aaeb3e2f2338fef525247ae12155d97f4ca0c53685cc55ebac18dc8b539b1,342527114,False,UNKNOWN,True,False,UNKNOWN
208100378954,201,768f55d945aaf7be8a76b0fc24cb5ed0ab8a3f8ce0aca914b34ea381e5524ae5,7a0aaeb3e2f2338fef525247ae12155d97f4ca0c53685cc55ebac18dc8b539b1,342527114,False,UNKNOWN,True,False,UNKNOWN
216004210274,201,768f55d945aaf7be8a76b0fc24cb5ed0ab8a3f8ce0aca914b34ea381e5524ae5,7a0aaeb3e2f2338fef525247ae12155d97f4ca0c53685cc55ebac18dc8b539b1,342527114,False,UNKNOWN,True,False,UNKNOWN
223908041594,201,768f55d945aaf7be8a76b0fc24cb5ed0ab8a3f8ce0aca914b34ea381e5524ae5,7a0aaeb3e2f2338fef525247ae12155d97f4ca0c53685cc55ebac18dc8b539b1,342527114,False,UNKNOWN,True,False,UNKNOWN
231811872914,201,768f55d945aaf7be8a76b0fc24cb5ed0ab8a3f8ce0aca914b34ea381e5524ae5,7a0aaeb3e2f2338fef525247ae12155d97f4ca0c53685cc55ebac18dc8b539b1,342527114,False,UNKNOWN,True,False,UNKNOWN
239715704234,201,768f55d945aaf7be8a76b0fc24cb5ed0ab8a3f8ce0aca914b34ea381e5524ae5,7a0aaeb3e2f2338fef525247ae12155d97f4ca0c53685cc55ebac18dc8b539b1,342527114,False,UNKNOWN,True,False,UNKNOWN
184080943514,201,768f55d945aaf7be8a76b0fc24cb5ed0ab8a3f8ce0aca914b34ea381e5524ae5,7a0aaeb3e2f2338fef525247ae12155d97f4ca0c53685cc55ebac18dc8b539b1,34585634,False,UNKNOWN,True,False,UNKNOWN
191984774834,201,768f55d945aaf7be8a76b0fc24cb5ed0ab8a3f8ce0aca914b34ea381e5524ae5,7a0aaeb3e2f2338fef525247ae12155d97f4ca0c53685cc55ebac18dc8b539b1,34585634,False,UNKNOWN,True,False,UNKNOWN
199888606154,201,768f55d945aaf7be8a76b0fc24cb5ed0ab8a3f8ce0aca914b34ea381e5524ae5,7a0aaeb3e2f2338fef525247ae12155d97f4ca0c53685cc55ebac18dc8b539b1,34585634,False,UNKNOWN,True,False,UNKNOWN
207792437474,201,768f55d945aaf7be8a76b0fc24cb5ed0ab8a3f8ce0aca914b34ea381e5524ae5,7a0aaeb3e2f2338fef525247ae12155d97f4ca0c53685cc55ebac18dc8b539b1,34585634,False,UNKNOWN,True,False,UNKNOWN
215696268794,201,768f55d945aaf7be8a76b0fc24cb5ed0ab8a3f8ce0aca914b34ea381e5524ae5,7a0aaeb3e2f2338fef525247ae12155d97f4ca0c53685cc55ebac18dc8b539b1,34585634,False,UNKNOWN,True,False,UNKNOWN
223600100114,201,768f55d945aaf7be8a76b0fc24cb5ed0ab8a3f8ce0aca914b34ea381e5524ae5,7a0aaeb3e2f2338fef525247ae12155d97f4ca0c53685cc55ebac18dc8b539b1,34585634,False,UNKNOWN,True,False,UNKNOWN
231503931434,201,768f55d945aaf7be8a76b0fc24cb5ed0ab8a3f8ce0aca914b34ea381e5524ae5,7a0aaeb3e2f2338fef525247ae12155d97f4ca0c53685cc55ebac18dc8b539b1,34585634,False,UNKNOWN,True,False,UNKNOWN
239407762754,201,768f55d945aaf7be8a76b0fc24cb5ed0ab8a3f8ce0aca914b34ea381e5524ae5,7a0aaeb3e2f2338fef525247ae12155d97f4ca0c53685cc55ebac18dc8b539b1,34585634,False,UNKNOWN,True,False,UNKNOWN
184599834194,201,d73555ee307b766242564802e63d72e9e53ed86a6d38ef4f8168d99d41705f71,5d14bac81c6cdfec93e58982bd0e1bea923e8c6cfad0b6bbc2af0befd2e2b90e,553476314,False,UNKNOWN,True,False,UNKNOWN
192503665514,201,d73555ee307b766242564802e63d72e9e53ed86a6d38ef4f8168d99d41705f71,5d14bac81c6cdfec93e58982bd0e1bea923e8c6cfad0b6bbc2af0befd2e2b90e,553476314,False,UNKNOWN,True,False,UNKNOWN
200407496834,201,d73555ee307b766242564802e63d72e9e53ed86a6d38ef4f8168d99d41705f71,5d14bac81c6cdfec93e58982bd0e1bea923e8c6cfad0b6bbc2af0befd2e2b90e,553476314,False,UNKNOWN,True,False,UNKNOWN
208311328154,201,d73555ee307b766242564802e63d72e9e53ed86a6d38ef4f8168d99d41705f71,5d14bac81c6cdfec93e58982bd0e1bea923e8c6cfad0b6bbc2af0befd2e2b90e,553476314,False,UNKNOWN,True,False,UNKNOWN
216215159474,201,d73555ee307b766242564802e63d72e9e53ed86a6d38ef4f8168d99d41705f71,5d14bac81c6cdfec93e58982bd0e1bea923e8c6cfad0b6bbc2af0befd2e2b90e,553476314,False,UNKNOWN,True,False,UNKNOWN
224118990794,201,d73555ee307b766242564802e63d72e9e53ed86a6d38ef4f8168d99d41705f71,5d14bac81c6cdfec93e58982bd0e1bea923e8c6cfad0b6bbc2af0befd2e2b90e,553476314,False,UNKNOWN,True,False,UNKNOWN
232022822114,201,d73555ee307b766242564802e63d72e9e53ed86a6d38ef4f8168d99d41705f71,5d14bac81c6cdfec93e58982bd0e1bea923e8c6cfad0b6bbc2af0befd2e2b90e,553476314,False,UNKNOWN,True,False,UNKNOWN
239926653434,201,d73555ee307b766242564802e63d72e9e53ed86a6d38ef4f8168d99d41705f71,5d14bac81c6cdfec93e58982bd0e1bea923e8c6cfad0b6bbc2af0befd2e2b90e,553476314,False,UNKNOWN,True,False,UNKNOWN
184291892714,201,d73555ee307b766242564802e63d72e9e53ed86a6d38ef4f8168d99d41705f71,5d14bac81c6cdfec93e58982bd0e1bea923e8c6cfad0b6bbc2af0befd2e2b90e,245534834,False,UNKNOWN,True,False,UNKNOWN
192195724034,201,d73555ee307b766242564802e63d72e9e53ed86a6d38ef4f8168d99d41705f71,5d14bac81c6cdfec93e58982bd0e1bea923e8c6cfad0b6bbc2af0befd2e2b90e,245534834,False,UNKNOWN,True,False,UNKNOWN
200099555354,201,d73555ee307b766242564802e63d72e9e53ed86a6d38ef4f8168d99d41705f71,5d14bac81c6cdfec93e58982bd0e1bea923e8c6cfad0b6bbc2af0befd2e2b90e,245534834,False,UNKNOWN,True,False,UNKNOWN
208003386674,201,d73555ee307b766242564802e63d72e9e53ed86a6d38ef4f8168d99d41705f71,5d14bac81c6cdfec93e58982bd0e1bea923e8c6cfad0b6bbc2af0befd2e2b90e,245534834,False,UNKNOWN,True,False,UNKNOWN
215907217994,201,d73555ee307b766242564802e63d72e9e53ed86a6d38ef4f8168d99d41705f71,5d14bac81c6cdfec93e58982bd0e1bea923e8c6cfad0b6bbc2af0befd2e2b90e,245534834,False,UNKNOWN,True,False,UNKNOWN
223811049314,201,d73555ee307b766242564802e63d72e9e53ed86a6d38ef4f8168d99d41705f71,5d14bac81c6cdfec93e58982bd0e1bea923e8c6cfad0b6bbc2af0befd2e2b90e,245534834,False,UNKNOWN,True,False,UNKNOWN
231714880634,201,d73555ee307b766242564802e63d72e9e53ed86a6d38ef4f8168d99d41705f71,5d14bac81c6cdfec93e58982bd0e1bea923e8c6cfad0b6bbc2af0befd2e2b90e,245534834,False,UNKNOWN,True,False,UNKNOWN
239618711954,201,d73555ee307b766242564802e63d72e9e53ed86a6d38ef4f8168d99d41705f71,5d14bac81c6cdfec93e58982bd0e1bea923e8c6cfad0b6bbc2af0befd2e2b90e,245534834,False,UNKNOWN,True,False,UNKNOWN
183983951234,201,d73555ee307b766242564802e63d72e9e53ed86a6d38ef4f8168d99d41705f71,5d14bac81c6cdfec93e58982bd0e1bea923e8c6cfad0b6bbc2af0befd2e2b90e,1066712114,False,UNKNOWN,True,False,UNKNOWN
191887782554,201,d73555ee307b766242564802e63d72e9e53ed86a6d38ef4f8168d99d41705f71,5d14bac81c6cdfec93e58982bd0e1bea923e8c6cfad0b6bbc2af0befd2e2b90e,1066712114,False,UNKNOWN,True,False,UNKNOWN
199791613874,201,d73555ee307b766242564802e63d72e9e53ed86a6d38ef4f8168d99d41705f71,5d14bac81c6cdfec93e58982bd0e1bea923e8c6cfad0b6bbc2af0befd2e2b90e,1066712114,False,UNKNOWN,True,False,UNKNOWN
207695445194,201,d73555ee307b766242564802e63d72e9e53ed86a6d38ef4f8168d99d41705f71,5d14bac81c6cdfec93e58982bd0e1bea923e8c6cfad0b6bbc2af0befd2e2b90e,1066712114,False,UNKNOWN,True,False,UNKNOWN
215599276514,201,d73555ee307b766242564802e63d72e9e53ed86a6d38ef4f8168d99d41705f71,5d14bac81c6cdfec93e58982bd0e1bea923e8c6cfad0b6bbc2af0befd2e2b90e,1066712114,False,UNKNOWN,True,False,UNKNOWN
223503107834,201,d73555ee307b766242564802e63d72e9e53ed86a6d38ef4f8168d99d41705f71,5d14bac81c6cdfec93e58982bd0e1bea923e8c6cfad0b6bbc2af0befd2e2b90e,1066712114,False,UNKNOWN,True,False,UNKNOWN
231406939154,201,d73555ee307b766242564802e63d72e9e53ed86a6d38ef4f8168d99d41705f71,5d14bac81c6cdfec93e58982bd0e1bea923e8c6cfad0b6bbc2af0befd2e2b90e,1066712114,False,UNKNOWN,True,False,UNKNOWN
239310770474,201,d73555ee307b766242564802e63d72e9e53ed86a6d38ef4f8168d99d41705f71,5d14bac81c6cdfec93e58982bd0e1bea923e8c6cfad0b6bbc2af0befd2e2b90e,1066712114,False,UNKNOWN,True,False,UNKNOWN
184805128514,201,d73555ee307b766242564802e63d72e9e53ed86a6d38ef4f8168d99d41705f71,5d14bac81c6cdfec93e58982bd0e1bea923e8c6cfad0b6bbc2af0befd2e2b90e,758770634,False,UNKNOWN,True,False,UNKNOWN
192708959834,201,d73555ee307b766242564802e63d72e9e53ed86a6d38ef4f8168d99d41705f71,5d14bac81c6cdfec93e58982bd0e1bea923e8c6cfad0b6bbc2af0befd2e2b90e,758770634,False,UNKNOWN,True,False,UNKNOWN
200612791154,201,d73555ee307b766242564802e63d72e9e53ed86a6d38ef4f8168d99d41705f71,5d14bac81c6cdfec93e58982bd0e1bea923e8c6cfad0b6bbc2af0befd2e2b90e,758770634,False,UNKNOWN,True,False,UNKNOWN
208516622474,201,d73555ee307b766242564802e63d72e9e53ed86a6d38ef4f8168d99d41705f71,5d14bac81c6cdfec93e58982bd0e1bea923e8c6cfad0b6bbc2af0befd2e2b90e,758770634,False,UNKNOWN,True,False,UNKNOWN
216420453794,201,d73555ee307b766242564802e63d72e9e53ed86a6d38ef4f8168d99d41705f71,5d14bac81c6cdfec93e58982bd0e1bea923e8c6cfad0b6bbc2af0befd2e2b90e,758770634,False,UNKNOWN,True,False,UNKNOWN
224324285114,201,d73555ee307b766242564802e63d72e9e53ed86a6d38ef4f8168d99d41705f71,5d14bac81c6cdfec93e58982bd0e1bea923e8c6cfad0b6bbc2af0befd2e2b90e,758770634,False,UNKNOWN,True,False,UNKNOWN
232228116434,201,d73555ee307b766242564802e63d72e9e53ed86a6d38ef4f8168d99d41705f71,5d14bac81c6cdfec93e58982bd0e1bea923e8c6cfad0b6bbc2af0befd2e2b90e,758770634,False,UNKNOWN,True,False,UNKNOWN
242390185274,201,d73555ee307b766242564802e63d72e9e53ed86a6d38ef4f8168d99d41705f71,5d14bac81c6cdfec93e58982bd0e1bea923e8c6cfad0b6bbc2af0befd2e2b90e,758770634,False,UNKNOWN,True,False,UNKNOWN
185041663274,201,d73555ee307b766242564802e63d72e9e53ed86a6d38ef4f8168d99d41705f71,94ca7ecd33fdad596465e254761ce00d933290c667c96c0668e62b32e65365ac,995305394,False,UNKNOWN,True,False,UNKNOWN
192945494594,201,d73555ee307b766242564802e63d72e9e53ed86a6d38ef4f8168d99d41705f71,94ca7ecd33fdad596465e254761ce00d933290c667c96c0668e62b32e65365ac,995305394,False,UNKNOWN,True,False,UNKNOWN
200849325914,201,d73555ee307b766242564802e63d72e9e53ed86a6d38ef4f8168d99d41705f71,94ca7ecd33fdad596465e254761ce00d933290c667c96c0668e62b32e65365ac,995305394,False,UNKNOWN,True,False,UNKNOWN
208753157234,201,d73555ee307b766242564802e63d72e9e53ed86a6d38ef4f8168d99d41705f71,94ca7ecd33fdad596465e254761ce00d933290c667c96c0668e62b32e65365ac,995305394,False,UNKNOWN,True,False,UNKNOWN
216656988554,201,d73555ee307b766242564802e63d72e9e53ed86a6d38ef4f8168d99d41705f71,94ca7ecd33fdad596465e254761ce00d933290c667c96c0668e62b32e65365ac,995305394,False,UNKNOWN,True,False,UNKNOWN
224560819874,201,d73555ee307b766242564802e63d72e9e53ed86a6d38ef4f8168d99d41705f71,94ca7ecd33fdad596465e254761ce00d933290c667c96c0668e62b32e65365ac,995305394,False,UNKNOWN,True,False,UNKNOWN
232464651194,201,d73555ee307b766242564802e63d72e9e53ed86a6d38ef4f8168d99d41705f71,94ca7ecd33fdad596465e254761ce00d933290c667c96c0668e62b32e65365ac,995305394,False,UNKNOWN,True,False,UNKNOWN
242626720034,201,d73555ee307b766242564802e63d72e9e53ed86a6d38ef4f8168d99d41705f71,94ca7ecd33fdad596465e254761ce00d933290c667c96c0668e62b32e65365ac,995305394,False,UNKNOWN,True,False,UNKNOWN
184733721794,201,d73555ee307b766242564802e63d72e9e53ed86a6d38ef4f8168d99d41705f71,94ca7ecd33fdad596465e254761ce00d933290c667c96c0668e62b32e65365ac,687363914,False,UNKNOWN,True,False,UNKNOWN
192637553114,201,d73555ee307b766242564802e63d72e9e53ed86a6d38ef4f8168d99d41705f71,94ca7ecd33fdad596465e254761ce00d933290c667c96c0668e62b32e65365ac,687363914,False,UNKNOWN,True,False,UNKNOWN
200541384434,201,d73555ee307b766242564802e63d72e9e53ed86a6d38ef4f8168d99d41705f71,94ca7ecd33fdad596465e254761ce00d933290c667c96c0668e62b32e65365ac,687363914,False,UNKNOWN,True,False,UNKNOWN
208445215754,201,d73555ee307b766242564802e63d72e9e53ed86a6d38ef4f8168d99d41705f71,94ca7ecd33fdad596465e254761ce00d933290c667c96c0668e62b32e65365ac,687363914,False,UNKNOWN,True,False,UNKNOWN
216349047074,201,d73555ee307b766242564802e63d72e9e53ed86a6d38ef4f8168d99d41705f71,94ca7ecd33fdad596465e254761ce00d933290c667c96c0668e62b32e65365ac,687363914,False,UNKNOWN,True,False,UNKNOWN
224252878394,201,d73555ee307b766242564802e63d72e9e53ed86a6d38ef4f8168d99d41705f71,94ca7ecd33fdad596465e254761ce00d933290c667c96c0668e62b32e65365ac,687363914,False,UNKNOWN,True,False,UNKNOWN
232156709714,201,d73555ee307b766242564802e63d72e9e53ed86a6d38ef4f8168d99d41705f71,94ca7ecd33fdad596465e254761ce00d933290c667c96c0668e62b32e65365ac,687363914,False,UNKNOWN,True,False,UNKNOWN
242318778554,201,d73555ee307b766242564802e63d72e9e53ed86a6d38ef4f8168d99d41705f71,94ca7ecd33fdad596465e254761ce00d933290c667c96c0668e62b32e65365ac,687363914,False,UNKNOWN,True,False,UNKNOWN
184425780314,201,d73555ee307b766242564802e63d72e9e53ed86a6d38ef4f8168d99d41705f71,94ca7ecd33fdad596465e254761ce00d933290c667c96c0668e62b32e65365ac,379422434,False,UNKNOWN,True,False,UNKNOWN
192329611634,201,d73555ee307b766242564802e63d72e9e53ed86a6d38ef4f8168d99d41705f71,94ca7ecd33fdad596465e254761ce00d933290c667c96c0668e62b32e65365ac,379422434,False,UNKNOWN,True,False,UNKNOWN
200233442954,201,d73555ee307b766242564802e63d72e9e53ed86a6d38ef4f8168d99d41705f71,94ca7ecd33fdad596465e254761ce00d933290c667c96c0668e62b32e65365ac,379422434,False,UNKNOWN,True,False,UNKNOWN
208137274274,201,d73555ee307b766242564802e63d72e9e53ed86a6d38ef4f8168d99d41705f71,94ca7ecd33fdad596465e254761ce00d933290c667c96c0668e62b32e65365ac,379422434,False,UNKNOWN,True,False,UNKNOWN
216041105594,201,d73555ee307b766242564802e63d72e9e53ed86a6d38ef4f8168d99d41705f71,94ca7ecd33fdad596465e254761ce00d933290c667c96c0668e62b32e65365ac,379422434,False,UNKNOWN,True,False,UNKNOWN
223944936914,201,d73555ee307b766242564802e63d72e9e53ed86a6d38ef4f8168d99d41705f71,94ca7ecd33fdad596465e254761ce00d933290c667c96c0668e62b32e65365ac,379422434,False,UNKNOWN,True,False,UNKNOWN
231848768234,201,d73555ee307b766242564802e63d72e9e53ed86a6d38ef4f8168d99d41705f71,94ca7ecd33fdad596465e254761ce00d933290c667c96c0668e62b32e65365ac,379422434,False,UNKNOWN,True,False,UNKNOWN
239752599554,201,d73555ee307b766242564802e63d72e9e53ed86a6d38ef4f8168d99d41705f71,94ca7ecd33fdad596465e254761ce00d933290c667c96c0668e62b32e65365ac,379422434,False,UNKNOWN,True,False,UNKNOWN
184117838834,201,d73555ee307b766242564802e63d72e9e53ed86a6d38ef4f8168d99d41705f71,94ca7ecd33fdad596465e254761ce00d933290c667c96c0668e62b32e65365ac,71480954,False,UNKNOWN,True,False,UNKNOWN
192021670154,201,d73555ee307b766242564802e63d72e9e53ed86a6d38ef4f8168d99d41705f71,94ca7ecd33fdad596465e254761ce00d933290c667c96c0668e62b32e65365ac,71480954,False,UNKNOWN,True,False,UNKNOWN
199925501474,201,d73555ee307b766242564802e63d72e9e53ed86a6d38ef4f8168d99d41705f71,94ca7ecd33fdad596465e254761ce00d933290c667c96c0668e62b32e65365ac,71480954,False,UNKNOWN,True,False,UNKNOWN
207829332794,201,d73555ee307b766242564802e63d72e9e53ed86a6d38ef4f8168d99d41705f71,94ca7ecd33fdad596465e254761ce00d933290c667c96c0668e62b32e65365ac,71480954,False,UNKNOWN,True,False,UNKNOWN
215733164114,201,d73555ee307b766242564802e63d72e9e53ed86a6d38ef4f8168d99d41705f71,94ca7ecd33fdad596465e254761ce00d933290c667c96c0668e62b32e65365ac,71480954,False,UNKNOWN,True,False,UNKNOWN
223636995434,201,d73555ee307b766242564802e63d72e9e53ed86a6d38ef4f8168d99d41705f71,94ca7ecd33fdad596465e254761ce00d933290c667c96c0668e62b32e65365ac,71480954,False,UNKNOWN,True,False,UNKNOWN
231540826754,201,d73555ee307b766242564802e63d72e9e53ed86a6d38ef4f8168d99d41705f71,94ca7ecd33fdad596465e254761ce00d933290c667c96c0668e62b32e65365ac,71480954,False,UNKNOWN,True,False,UNKNOWN
239444658074,201,d73555ee307b766242564802e63d72e9e53ed86a6d38ef4f8168d99d41705f71,94ca7ecd33fdad596465e254761ce00d933290c667c96c0668e62b32e65365ac,71480954,False,UNKNOWN,True,False,UNKNOWN
