p,ord_p_3,ord_p_5,ord_p2_3,ord_p2_5,weight_1_over_max,maxfiber,alpha_exact
11,5,5,5,55,1/5,3,3/25
7,6,6,42,42,1/6,6,1/6
19,18,9,342,171,1/18,9,1/18
23,11,22,253,506,1/22,11,1/22
67,22,22,1474,1474,1/22,22,1/22
59,29,29,1711,1711,1/29,15,15/841
31,30,3,930,93,1/30,3,1/30
271,30,27,8130,7317,1/30,7,7/810
71,35,5,2485,355,1/35,4,4/175
43,42,42,1806,1806,1/42,42,1/42
47,23,46,1081,2162,1/46,23,1/46
131,65,65,8515,8515,1/65,33,33/4225
151,50,75,7550,11325,1/75,29,29/3750
79,78,39,6162,3081,1/78,39,1/78
83,41,82,3403,6806,1/82,41,1/82
179,89,89,15931,15931,1/89,45,45/7921
191,95,19,18145,3629,1/95,14,14/1805
2851,38,95,108338,270845,1/95,19,1/190
103,34,102,3502,10506,1/102,34,1/102
107,53,106,5671,11342,1/106,53,1/106
1091,109,109,118919,118919,1/109,17,17/11881
239,119,119,28441,28441,1/119,60,60/14161
367,122,122,44774,44774,1/122,122,1/122
251,125,25,31375,6275,1/125,16,16/3125
127,126,42,16002,5334,1/126,42,1/126
883,126,126,111258,111258,1/126,126,1/126
139,138,69,19182,9591,1/138,69,1/138
311,155,155,48205,48205,1/155,78,78/24025
163,162,54,26406,8802,1/162,54,1/162
167,83,166,13861,27722,1/166,83,1/166
1531,170,85,260270,130135,1/170,85,1/170
359,179,179,64261,64261,1/179,90,90/32041
199,198,33,39402,6567,1/198,33,1/198
419,209,209,87571,87571,1/209,105,105/43681
211,210,35,44310,7385,1/210,35,1/210
643,214,214,137602,137602,1/214,214,1/214
431,43,215,18533,92665,1/215,26,26/9245
439,146,219,64094,96141,1/219,80,40/15987
223,222,222,49506,49506,1/222,222,1/222
5107,138,222,704766,1133754,1/222,15,5/10212
227,113,226,25651,51302,1/226,113,1/226
6211,230,69,1428530,428559,1/230,23,1/690
1171,234,45,274014,52695,1/234,15,1/702
479,239,239,114481,114481,1/239,120,120/57121
491,49,245,24059,120295,1/245,28,4/1715
499,166,249,82834,124251,1/249,90,15/6889
2591,259,185,671069,479335,1/259,27,27/47915
263,131,262,34453,68906,1/262,131,1/262
4591,270,153,1239570,702423,1/270,18,1/2295
283,282,282,79806,79806,1/282,282,1/282
599,299,299,179101,179101,1/299,150,150/89401
307,34,306,10438,93942,1/306,34,1/306
619,206,309,127514,191271,1/309,111,37/21218
659,329,329,216811,216811,1/329,165,165/108241
331,330,165,109230,54615,1/330,165,1/330
347,173,346,60031,120062,1/346,173,1/346
719,359,359,258121,258121,1/359,180,180/128881
379,378,21,143262,7959,1/378,21,1/378
383,191,382,73153,146306,1/382,191,1/382
27091,258,387,6989478,10484217,1/387,129,1/774
827,413,118,341551,97586,1/413,71,71/48734
839,419,419,351541,351541,1/419,210,210/175561
1303,434,62,565502,80786,1/434,62,1/434
443,221,442,97903,195806,1/442,221,1/442
911,455,455,414505,414505,1/455,228,228/207025
919,306,459,281214,421821,1/459,162,1/867
463,462,462,213906,213906,1/462,462,1/462
467,233,466,108811,217622,1/466,233,1/466
971,485,485,470935,470935,1/485,243,243/235225
487,486,54,236682,26298,1/486,54,1/486
991,330,495,327030,490545,1/495,175,7/6534
503,251,502,126253,252506,1/502,251,1/502
205031,505,505,103540655,103540655,1/505,8,8/255025
1019,509,509,518671,518671,1/509,255,255/259081
3079,114,513,351006,1579527,1/513,57,1/1026
1031,515,515,530965,530965,1/515,258,258/265225
523,58,522,30334,273006,1/522,58,1/522
1051,210,525,220710,551775,1/525,116,58/55125
547,14,546,7658,298662,1/546,14,1/546
2791,558,465,1557378,1297815,1/558,111,37/86490
5591,559,559,3125369,3125369,1/559,69,69/312481
563,281,562,158203,316406,1/562,281,1/562
571,570,285,325470,162735,1/570,285,1/570
11971,570,315,6823470,3770865,1/570,28,2/12825
1151,575,575,661825,661825,1/575,288,288/330625
587,293,586,171991,343982,1/586,293,1/586
1759,586,293,1030774,515387,1/586,293,1/586
1783,594,162,1059102,288846,1/594,65,65/96228
607,606,606,367842,367842,1/606,606,1/606
1867,622,622,1161274,1161274,1/622,622,1/622
1259,629,629,791911,791911,1/629,315,315/395641
631,630,35,397530,22085,1/630,35,1/630
647,323,646,208981,417962,1/646,323,1/646
1319,659,659,869221,869221,1/659,330,330/434281
683,31,682,21173,465806,1/682,31,1/682
691,690,115,476790,79465,1/690,115,1/690
6971,205,697,1429055,4858787,1/697,37,37/142885
1399,466,699,651934,977901,1/699,244,122/162867
6991,466,699,3257806,4886709,1/699,233,1/1398
1439,719,719,1034641,1034641,1/719,360,360/516961
1451,725,725,1051975,1051975,1/725,363,363/525625
727,242,726,175934,527802,1/726,242,1/726
1471,294,735,432474,1081185,1/735,162,9/12005
739,738,123,545382,90897,1/738,123,1/738
5167,738,18,3813246,93006,1/738,18,1/738
743,371,742,275653,551306,1/742,371,1/742
1499,749,749,1122751,1122751,1/749,375,375/561001
751,750,375,563250,281625,1/750,375,1/750
1511,151,755,228161,1140805,1/755,87,87/114005
2287,762,254,1742694,580898,1/762,254,1/762
1559,779,779,1214461,1214461,1/779,390,390/606841
1571,785,785,1233235,1233235,1/785,393,393/616225
787,262,786,206194,618582,1/786,262,1/786
1619,809,809,1309771,1309771,1/809,405,405/654481
811,810,405,656910,328455,1/810,405,1/810
823,822,274,676506,225502,1/822,274,1/822
7507,834,834,6260838,6260838,1/834,834,1/834
859,858,429,737022,368511,1/858,429,1/858
863,431,862,371953,743906,1/862,431,1/862
887,443,886,392941,785882,1/886,443,1/886
8951,25,895,223775,8011145,1/895,9,9/22375
9011,901,901,8118911,8118911,1/901,109,109/811801
1811,905,905,1638955,1638955,1/905,453,453/819025
907,906,906,821742,821742,1/906,906,1/906
13711,914,457,12531854,6265927,1/914,457,1/914
2803,934,934,2618002,2618002,1/934,934,1/934
1871,17,935,31807,1749385,1/935,13,13/15895
1879,626,939,1176254,1764381,1/939,326,163/293907
947,473,946,447931,895862,1/946,473,1/946
1931,965,965,1863415,1863415,1/965,483,483/931225
967,322,966,311374,934122,1/966,322,1/966
983,491,982,482653,965306,1/982,491,1/982
9851,197,985,1940647,9703235,1/985,30,6/38809
1979,989,989,1957231,1957231,1/989,495,495/978121
10091,1009,1009,10181819,10181819,1/1009,120,120/1018081
6091,58,1015,353278,6182365,1/1015,29,1/2030
2039,1019,1019,2077741,2077741,1/1019,510,510/1038361
1039,1038,173,1078482,179747,1/1038,173,1/1038
2099,1049,1049,2201851,2201851,1/1049,525,525/1100401
2111,211,1055,445421,2227105,1/1055,115,23/44521
1063,1062,354,1128906,376302,1/1062,354,1/1062
2131,142,1065,302602,2269515,1/1065,88,44/75615
1087,1086,362,1180482,393494,1/1086,362,1/1086
2179,242,1089,527318,2372931,1/1089,139,139/263538
7687,854,1098,6564698,8440326,1/1098,139,139/937692
1103,551,1102,607753,1215506,1/1102,551,1/1102
1123,1122,374,1260006,420002,1/1122,374,1/1122
2251,250,1125,562750,2532375,1/1125,145,29/56250
10243,1138,1138,11656534,11656534,1/1138,1138,1/1138
1163,581,1162,675703,1351406,1/1162,581,1/1162
10459,1162,747,12153358,7812873,1/1162,107,107/868014
3499,1166,583,4079834,2039917,1/1166,583,1/1166
2339,1169,1169,2734291,2734291,1/1169,585,585/1366561
2351,1175,1175,2762425,2762425,1/1175,588,588/1380625
1187,593,1186,703891,1407782,1/1186,593,1/1186
2399,1199,1199,2876401,2876401,1/1199,600,600/1437601
2411,1205,1205,2905255,2905255,1/1205,603,603/1452025
3631,1210,363,4393510,1318053,1/1210,143,13/39930
1223,47,1222,57481,1494506,1/1222,47,1/1222
2459,1229,1229,3022111,3022111,1/1229,615,615/1510441
1231,1230,615,1514130,757065,1/1230,615,1/1230
2531,1265,1265,3201715,3201715,1/1265,633,633/1600225
2551,150,1275,382650,3252525,1/1275,87,29/63750
1279,1278,639,1634562,817281,1/1278,639,1/1278
1283,641,1282,822403,1644806,1/1282,641,1/1282
2579,1289,1289,3324331,3324331,1/1289,645,645/1661521
1291,1290,215,1665390,277565,1/1290,215,1/1290
1307,653,1306,853471,1706942,1/1306,653,1/1306
3967,1322,1322,5244374,5244374,1/1322,1322,1/1322
1327,1326,1326,1759602,1759602,1/1326,1326,1/1326
2671,890,1335,2377190,3565785,1/1335,462,77/198025
2699,1349,1349,3640951,3640951,1/1349,675,675/1819801
2711,1355,1355,3673405,3673405,1/1355,678,678/1836025
8191,910,1365,7453810,11180715,1/1365,455,1/2730
1367,683,1366,933661,1867322,1/1366,683,1/1366
34651,1386,315,48026286,10915065,1/1386,63,1/6930
2819,1409,1409,3971971,3971971,1/1409,705,705/1985281
1423,1422,474,2023506,674502,1/1422,474,1/1422
1427,713,1426,1017451,2034902,1/1426,713,1/1426
2879,1439,1439,4142881,4142881,1/1439,720,720/2070721
14411,1441,655,20766251,9439205,1/1441,84,84/943855
1447,1446,482,2092362,697454,1/1446,482,1/1446
1459,1458,243,2127222,354537,1/1458,243,1/1458
8779,418,1463,3669622,12843677,1/1463,209,1/2926
2939,1469,113,4317391,332107,1/1469,65,5/12769
19163,737,1474,14123131,28246262,1/1474,737,1/1474
1483,1482,1482,2197806,2197806,1/1482,1482,1/1482
2971,990,1485,2941290,4411935,1/1485,513,19/54450
1487,743,1486,1104841,2209682,1/1486,743,1/1486
2999,1499,1499,4495501,4495501,1/1499,750,750/2247001
3011,1505,1505,4531555,4531555,1/1505,753,753/2265025
3019,1006,1509,3037114,4555671,1/1509,520,260/759027
15131,1513,445,22893203,6733295,1/1513,65,13/134657
1523,761,1522,1159003,2318006,1/1522,761,1/1522
1543,514,1542,793102,2379306,1/1542,514,1/1542
3119,1559,1559,4862521,4862521,1/1559,780,780/2430481
1567,1566,1566,2453922,2453922,1/1566,1566,1/1566
98911,1570,471,155290270,46587081,1/1570,157,1/4710
1579,1578,789,2491662,1245831,1/1578,789,1/1578
1583,113,1582,178879,2504306,1/1582,113,1/1582
4783,1594,1594,7624102,7624102,1/1594,1594,1/1594
3191,319,1595,1017929,5089645,1/1595,172,172/508805
1607,803,1606,1290421,2580842,1/1606,803,1/1606
16111,1074,1611,17303214,25954821,1/1611,537,1/3222
3251,1625,1625,5282875,5282875,1/1625,813,813/2640625
1627,1626,542,2645502,881834,1/1626,542,1/1626
3299,1649,1649,5440051,5440051,1/1649,825,825/2719201
3319,1106,1659,3670814,5506221,1/1659,572,286/917427
1663,1662,1662,2763906,2763906,1/1662,1662,1/1662
1667,833,1666,1388611,2777222,1/1666,833,1/1666
3359,1679,1679,5639761,5639761,1/1679,840,840/2819041
16811,1681,1681,28259291,28259291,1/1681,207,207/2825761
3371,1685,1685,5680135,5680135,1/1685,843,843/2839225
5059,1686,843,8529474,4264737,1/1686,843,1/1686
462239,959,1687,443287201,779797193,1/1687,13,13/1617833
1699,1698,283,2884902,480817,1/1698,283,1/1698
1723,1722,574,2967006,989002,1/1722,574,1/1722
5179,1726,863,8938954,4469477,1/1726,863,1/1726
5227,1742,26,9105434,135902,1/1742,26,1/1742
3491,1745,1745,6091795,6091795,1/1745,873,873/3045025
1747,1746,1746,3050262,3050262,1/1746,1746,1/1746
3511,270,1755,947970,6161805,1/1755,151,151/473850
3539,1769,1769,6260491,6260491,1/1769,885,885/3129361
10639,1182,1773,12575298,18862947,1/1773,591,1/3546
1787,893,1786,1595791,3191582,1/1786,893,1/1786
1823,911,1822,1660753,3321506,1/1822,911,1/1822
3659,1829,1829,6692311,6692311,1/1829,915,915/3345241
1831,1830,305,3350730,558455,1/1830,305,1/1830
3671,1835,1835,6736285,6736285,1/1835,918,918/3367225
3691,738,1845,2723958,6809895,1/1845,389,389/1361610
1847,923,1846,1704781,3409562,1/1846,923,1/1846
3719,1859,1859,6913621,6913621,1/1859,930,930/3455881
3739,1246,1869,4658794,6988191,1/1869,642,107/388129
3779,1889,1889,7138531,7138531,1/1889,945,945/3568321
1907,953,1906,1817371,3634742,1/1906,953,1/1906
5743,522,1914,2997846,10992102,1/1914,199,199/999108
3851,11,1925,42361,7413175,1/1925,11,1/1925
5839,1946,417,11362694,2434863,1/1946,159,53/270494
1951,1950,975,3804450,1902225,1/1950,975,1/1950
3911,1955,1955,7646005,7646005,1/1955,978,978/3822025
45127,1962,1962,88539174,88539174,1/1962,1962,1/1962
146891,185,1985,27174835,291578635,1/1985,12,12/367225
1987,1986,1986,3946182,3946182,1/1986,1986,1/1986
1999,1998,999,3994002,1997001,1/1998,999,1/1998
19991,1999,1999,39962009,39962009,1/1999,218,218/3996001
2003,1001,2002,2005003,4010006,1/2002,1001,1/2002
4019,49,2009,196931,8074171,1/2009,32,32/98441
2011,2010,1005,4042110,2021055,1/2010,1005,1/2010
6067,674,2022,4089158,12267474,1/2022,674,1/2022
4051,810,2025,3281310,8203275,1/2025,429,143/546750
2027,1013,2026,2053351,4106702,1/2026,1013,1/2026
6079,2026,1013,12316054,6158027,1/2026,1013,1/2026
4079,2039,2039,8317081,8317081,1/2039,1020,1020/4157521
4091,2045,2045,8366095,8366095,1/2045,1023,1023/4182025
4099,1366,2049,5599234,8398851,1/2049,704,352/1399467
4111,822,2055,3379242,8448105,1/2055,431,431/1689210
2063,1031,2062,2126953,4253906,1/2062,1031,1/2062
4139,2069,2069,8563591,8563591,1/2069,1035,1035/4280761
2083,2082,2082,4336806,4336806,1/2082,2082,1/2082
2087,1043,2086,2176741,4353482,1/2086,1043,1/2086
6271,2090,19,13106390,119149,1/2090,19,1/2090
4211,2105,2105,8864155,8864155,1/2105,1053,1053/4431025
4259,2129,2129,9067411,9067411,1/2129,1065,1065/4532641
4271,2135,427,9118585,1823717,1/2135,238,34/130235
2143,2142,2142,4590306,4590306,1/2142,2142,1/2142
72931,1870,2145,136380970,156436995,1/2145,82,41/2005575
4339,482,2169,2091398,9411291,1/2169,262,131/522729
21851,2185,2185,47744435,47744435,1/2185,247,13/251275
4391,2195,2195,9638245,9638245,1/2195,1098,1098/4818025
2203,734,2202,1617002,4851006,1/2202,734,1/2202
2207,1103,2206,2434321,4868642,1/2206,1103,1/2206
13339,1026,2223,13685814,29652597,1/2223,202,101/1140399
4451,2225,2225,9903475,9903475,1/2225,1113,1113/4950625
2239,2238,373,5010882,835147,1/2238,373,1/2238
2243,1121,2242,2514403,5028806,1/2242,1121,1/2242
11251,2250,1125,25314750,12657375,1/2250,1125,1/2250
2267,1133,2266,2568511,5137022,1/2266,1133,1/2266
15919,2274,379,36199806,6033301,1/2274,379,1/2274
6883,62,2294,426746,15789602,1/2294,62,1/2294
2311,2310,165,5338410,381315,1/2310,165,1/2310
13879,1542,2313,21401418,32102127,1/2313,771,1/4626
4679,2339,2339,10944181,10944181,1/2339,1170,1170/5470921
4691,2345,2345,11000395,11000395,1/2345,1173,1173/5499025
2347,2346,2346,5506062,5506062,1/2346,2346,1/2346
2371,2370,1185,5619270,2809635,1/2370,1185,1/2370
4751,2375,2375,11283625,11283625,1/2375,1188,1188/5640625
2383,794,2382,1892102,5676306,1/2382,794,1/2382
4799,2399,2399,11512801,11512801,1/2399,1200,1200/5755201
7219,2406,1203,17368914,8684457,1/2406,1203,1/2406
2423,1211,2422,2934253,5868506,1/2422,1211,1/2422
4871,2435,2435,11860885,11860885,1/2435,1218,1218/5929225
24371,2437,2437,59392127,59392127,1/2437,280,280/5938969
2447,1223,2446,2992681,5985362,1/2446,1223,1/2446
4919,2459,2459,12095821,12095821,1/2459,1230,1230/6046681
4931,2465,2465,12154915,12154915,1/2465,1233,1233/6076225
2467,2466,2466,6083622,6083622,1/2466,2466,1/2466
4943,2471,706,12214153,3489758,1/2471,379,379/1744526
4951,330,2475,1633830,12253725,1/2475,181,181/816750
34679,2477,2477,85899883,85899883,1/2477,214,214/6135529
24971,1135,2497,28342085,62352587,1/2497,144,144/2834095
174931,490,2499,85716190,437152569,1/2499,49,1/24990
2503,2502,2502,6262506,6262506,1/2502,2502,1/2502
5011,1670,2505,8368370,12552555,1/2505,857,857/4183350
5039,2519,2519,12693241,12693241,1/2519,1260,1260/6345361
5051,2525,505,12753775,2550755,1/2525,273,273/1275125
2539,2538,1269,6443982,3221991,1/2538,1269,1/2538
2543,1271,2542,3232153,6464306,1/2542,1271,1/2542
5099,2549,2549,12997351,12997351,1/2549,1275,1275/6497401
5171,235,2585,1215185,13367035,1/2585,132,12/55225
5231,2615,2615,13679065,13679065,1/2615,1308,1308/6838225
5279,2639,2639,13931281,13931281,1/2639,1320,1320/6964321
2647,2646,2646,7003962,7003962,1/2646,2646,1/2646
2659,2658,1329,7067622,3533811,1/2658,1329,1/2658
2663,1331,2662,3544453,7088906,1/2662,1331,1/2662
8011,2670,445,21389370,3564895,1/2670,445,1/2670
5351,535,2675,2862785,14313925,1/2675,283,283/1431125
2683,2682,2682,7195806,7195806,1/2682,2682,1/2682
2687,1343,2686,3608641,7217282,1/2686,1343,1/2686
5399,2699,2699,14571901,14571901,1/2699,1350,1350/7284601
2707,2706,902,7325142,2441714,1/2706,902,1/2706
2719,2718,453,7390242,1231707,1/2718,453,1/2718
2731,2730,1365,7455630,3727815,1/2730,1365,1/2730
5471,2735,547,14963185,2992637,1/2735,298,298/1496045
5519,2759,2759,15226921,15226921,1/2759,1380,1380/7612081
5531,395,2765,2184745,15293215,1/2765,210,6/31205
2767,2766,2766,7653522,7653522,1/2766,2766,1/2766
5639,2819,2819,15896341,15896341,1/2819,1410,1410/7946761
5651,2825,2825,15964075,15964075,1/2825,1413,1413/7980625
5659,1886,2829,10672874,16009311,1/2829,967,967/5335494
2843,203,2842,577129,8079806,1/2842,203,1/2842
5711,2855,571,16304905,3260981,1/2855,306,306/1630205
2887,78,2886,225186,8331882,1/2886,78,1/2886
5783,2891,826,16718653,4776758,1/2891,433,433/2387966
5791,1930,2895,11176630,16764945,1/2895,990,33/186245
2903,1451,2902,4212253,8424506,1/2902,1451,1/2902
5851,1950,2925,11409450,17114175,1/2925,1000,4/22815
2927,209,2926,611743,8564402,1/2926,209,1/2926
5879,2939,2939,17278381,17278381,1/2939,1470,1470/8637721
2963,1481,2962,4388203,8776406,1/2962,1481,1/2962
5939,2969,2969,17632891,17632891,1/2969,1485,1485/8814961
6011,601,3005,3612611,18063055,1/3005,314,314/1806005
30091,102,3009,3069282,90543819,1/3009,51,1/6018
3023,1511,3022,4567753,9135506,1/3022,1511,1/3022
9103,3034,74,27618502,673622,1/3034,74,1/3034
91771,2622,3059,240623562,280727489,1/3059,437,1/18354
6131,3065,3065,18791515,18791515,1/3065,1533,1533/9394225
3067,1022,3066,3134474,9403422,1/3066,1022,1/3066
3083,1541,3082,4750903,9501806,1/3082,1541,1/3082
30971,3097,3097,95917187,95917187,1/3097,340,340/9591409
143291,3115,623,446351465,89270293,1/3115,32,32/1940645
472027,302,3126,142552154,1475556402,1/3126,11,11/944052
6287,3143,898,19760041,5645726,1/3143,476,34/201601
9439,3146,1573,29695094,14847547,1/3146,1573,1/3146
6299,3149,3149,19835551,19835551,1/3149,1575,1575/9916201
31511,3151,3151,99291161,99291161,1/3151,344,344/9928801
6311,631,3155,3982241,19911205,1/3155,334,334/1990805
3163,3162,3162,10001406,10001406,1/3162,3162,1/3162
3167,1583,3166,5013361,10026722,1/3166,1583,1/3166
28603,454,3178,12985762,90900334,1/3178,454,1/3178
6359,187,3179,1189133,20215261,1/3179,107,107/594473
3187,118,3186,376066,10153782,1/3186,118,1/3186
15991,3198,205,51139218,3278155,1/3198,59,59/655590
3203,1601,3202,5128003,10256006,1/3202,1601,1/3202
418471,962,3219,402569102,1347058149,1/3219,37,1/83694
6491,3245,3245,21063295,21063295,1/3245,1623,1623/10530025
3259,3258,1629,10617822,5308911,1/3258,1629,1/3258
205507,1398,3262,287298786,670363834,1/3262,466,1/9786
58771,1306,3265,76754926,191887315,1/3265,653,1/6530
3271,3270,1635,10696170,5348085,1/3270,1635,1/3270
6551,3275,3275,21454525,21454525,1/3275,1638,1638/10725625
6599,3299,3299,21770101,21770101,1/3299,1650,1650/10883401
3307,3306,3306,10932942,10932942,1/3306,3306,1/3306
3323,1661,3322,5519503,11039006,1/3322,1661,1/3322
6659,3329,3329,22167811,22167811,1/3329,1665,1665/11082241
3331,3330,1665,11092230,5546115,1/3330,1665,1/3330
90019,3334,1667,300123346,150061673,1/3334,1667,1/3334
6679,954,3339,6371766,22301181,1/3339,497,71/455058
3343,1114,3342,3724102,11172306,1/3342,1114,1/3342
3347,1673,3346,5599531,11199062,1/3346,1673,1/3346
6719,3359,3359,22569121,22569121,1/3359,1680,1680/11282881
33851,677,3385,22917127,114585635,1/3385,83,83/2291645
6779,3389,3389,22974031,22974031,1/3389,1695,1695/11485321
3391,3390,1695,11495490,5747745,1/3390,1695,1/3390
6791,3395,679,23055445,4611089,1/3395,368,368/2305205
74779,242,3399,18096518,254173821,1/3399,23,23/822558
3407,1703,3406,5802121,11604242,1/3406,1703,1/3406
6899,3449,3449,23794651,23794651,1/3449,1725,1725/11895601
34511,17,3451,586687,119097461,1/3451,7,1/8381
6911,3455,3455,23877505,23877505,1/3455,1728,1728/11937025
48371,3455,3455,167121805,167121805,1/3455,280,56/2387405
3463,3462,3462,11988906,11988906,1/3462,3462,1/3462
3467,1733,3466,6008311,12016622,1/3466,1733,1/3466
6959,3479,3479,24210361,24210361,1/3479,1740,1740/12103441
7019,3509,3509,24629671,24629671,1/3509,1755,1755/12313081
45631,3510,1521,160164810,69404751,1/3510,148,74/2669355
10567,3522,1174,37216974,12405658,1/3522,1174,1/3522
3527,1763,3526,6218101,12436202,1/3526,1763,1/3526
7079,3539,3539,25052581,25052581,1/3539,1770,1770/12524521
3547,3546,3546,12577662,12577662,1/3546,3546,1/3546
10651,3550,1065,37811050,11343315,1/3550,394,197/1890375
3559,3558,1779,12662922,6331461,1/3558,1779,1/3558
21379,3054,3563,65291466,76173377,1/3563,549,183/3627134
3571,3570,1785,12748470,6374235,1/3570,1785,1/3570
17851,3570,1275,63728070,22760025,1/3570,285,19/303450
7151,3575,715,25564825,5112965,1/3575,374,34/232375
35771,3577,3577,127952867,127952867,1/3577,385,55/1827847
3583,3582,3582,12834306,12834306,1/3582,3582,1/3582
7211,3605,3605,25995655,25995655,1/3605,1803,1803/12996025
3607,1202,3606,4335614,13006842,1/3606,1202,1/3606
10831,3610,1805,39099910,19549955,1/3610,1805,1/3610
3623,1811,3622,6561253,13122506,1/3622,1811,1/3622
3643,3642,3642,13267806,13267806,1/3642,3642,1/3642
7331,733,3665,5373623,26868115,1/3665,391,391/2686445
36671,3667,965,134472557,35387515,1/3667,119,119/3538655
7351,2450,3675,18009950,27014925,1/3675,1250,1/7203
7451,149,3725,1110199,27754975,1/3725,88,88/555025
3727,3726,414,13886802,1542978,1/3726,414,1/3726
7499,3749,3749,28113751,28113751,1/3749,1875,1875/14055001
3767,1883,3766,7093261,14186522,1/3766,1883,1/3766
7559,3779,3779,28565461,28565461,1/3779,1890,1890/14280841
7591,506,3795,3841046,28807845,1/3795,276,2/13915
3803,1901,3802,7229503,14459006,1/3802,1901,1/3802
7639,2546,3819,19448894,29173341,1/3819,1301,1301/9723174
3823,3822,1274,14611506,4870502,1/3822,1274,1/3822
7691,3845,769,29571895,5914379,1/3845,408,408/2956805
3847,1282,3846,4931854,14795562,1/3846,1282,1/3846
11551,3850,1925,44471350,22235675,1/3850,1925,1/3850
3863,1931,3862,7459453,14918906,1/3862,1931,1/3862
42571,3870,387,164749770,16474977,1/3870,387,1/3870
38711,2765,3871,107035915,149850281,1/3871,315,9/305809
19471,3894,3245,75820074,63183395,1/3894,694,347/6318015
58411,3894,2655,227452434,155081205,1/3894,212,106/5169285
3907,1302,3906,5086914,15260742,1/3906,1302,1/3906
3919,3918,1959,15354642,7677321,1/3918,1959,1/3918
3923,1961,3922,7693003,15386006,1/3922,1961,1/3922
3931,3930,1965,15448830,7724415,1/3930,1965,1/3930
3943,3942,3942,15543306,15543306,1/3942,3942,1/3942
3947,1973,3946,7787431,15574862,1/3946,1973,1/3946
87011,791,3955,68825701,344128505,1/3955,56,8/446915
7919,3959,3959,31351321,31351321,1/3959,1980,1980/15673681
7951,2650,3975,21070150,31605225,1/3975,1354,677/5266875
4003,4002,4002,16020006,16020006,1/4002,4002,1/4002
12007,4002,4002,48052014,48052014,1/4002,4002,1/4002
20011,4002,3335,80084022,66736685,1/4002,709,709/13346670
4007,2003,4006,8026021,16052042,1/4006,2003,1/4006
8039,4019,4019,32308741,32308741,1/4019,2010,2010/16152361
4027,4026,4026,16212702,16212702,1/4026,4026,1/4026
8111,4055,4055,32890105,32890105,1/4055,2028,2028/16443025
8171,4085,4085,33378535,33378535,1/4085,2043,2043/16687225
8219,4109,4109,33771871,33771871,1/4109,2055,2055/16883881
12343,4114,374,50779102,4616282,1/4114,374,1/4114
8231,4115,4115,33870565,33870565,1/4115,2058,2058/16933225
4127,2063,4126,8514001,17028002,1/4126,2063,1/4126
289171,2430,4131,702685530,1194565401,1/4131,243,1/41310
8291,4145,4145,34366195,34366195,1/4145,2073,2073/17181025
4159,4158,27,17293122,112293,1/4158,27,1/4158
62731,4182,615,262341042,38579565,1/4182,123,1/20910
4219,4218,703,17795742,2965957,1/4218,703,1/4218
4231,4230,235,17897130,994285,1/4230,235,1/4230
4243,4242,1414,17998806,5999602,1/4242,1414,1/4242
12799,4266,237,54600534,3033363,1/4266,237,1/4266
21391,4278,345,91510698,7379895,1/4278,88,44/737955
4283,2141,4282,9169903,18339806,1/4282,2141,1/4282
4327,4326,1442,18718602,6239534,1/4326,1442,1/4326
8699,4349,4349,37831951,37831951,1/4349,2175,2175/18913801
4363,4362,4362,19031406,19031406,1/4362,4362,1/4362
26251,150,4375,3937650,114848125,1/4375,41,41/656250
8819,4409,4409,38882971,38882971,1/4409,2205,2205/19439281
44111,4411,4411,194573621,194573621,1/4411,478,478/19456921
8831,883,4415,7797773,38988865,1/4415,464,464/3898445
4423,4422,4422,19558506,19558506,1/4422,4422,1/4422
92863,4422,1386,410640186,128708118,1/4422,90,5/340494
13291,4430,2215,58879130,29439565,1/4430,2215,1/4430
44351,4435,4435,196696685,196696685,1/4435,494,494/19669225
4447,4446,494,19771362,2196818,1/4446,494,1/4446
4463,2231,4462,9956953,19913906,1/4462,2231,1/4462
4483,1494,4482,6697602,20092806,1/4482,1494,1/4482
8999,4499,4499,40486501,40486501,1/4499,2250,2250/20241001
4507,4506,4506,20308542,20308542,1/4506,4506,1/4506
4519,4518,753,20416842,3402807,1/4518,753,1/4518
4523,2261,4522,10226503,20453006,1/4522,2261,1/4522
9059,647,4529,5861173,41028211,1/4529,352,352/2930263
4547,2273,4546,10335331,20670662,1/4546,2273,1/4546
4567,4566,4566,20852922,20852922,1/4566,4566,1/4566
4583,2291,4582,10499653,20999306,1/4582,2291,1/4582
13759,4586,2293,63098774,31549387,1/4586,2293,1/4586
4603,4602,4602,21183006,21183006,1/4602,4602,1/4602
9239,4619,4619,42674941,42674941,1/4619,2310,2310/21335161
4639,4638,773,21515682,3585947,1/4638,773,1/4638
4643,2321,4642,10776403,21552806,1/4642,2321,1/4642
4651,4650,2325,21627150,10813575,1/4650,2325,1/4650
9311,4655,133,43342705,1238363,1/4655,84,12/88445
358667,2329,4658,835335443,1670670886,1/4658,2329,1/4658
4663,4662,518,21738906,2415434,1/4662,518,1/4662
51283,2442,4662,125233086,239081346,1/4662,269,269/11384604
214499,4663,4663,1000208837,1000208837,1/4663,144,144/21743569
14011,4670,2335,65431370,32715685,1/4670,2335,1/4670
9371,4685,4685,43903135,43903135,1/4685,2343,2343/21949225
4703,2351,4702,11056753,22113506,1/4702,2351,1/4702
9419,4709,4709,44354071,44354071,1/4709,2355,2355/22174681
9431,4715,4715,44467165,44467165,1/4715,2358,2358/22231225
4723,4722,1574,22302006,7434002,1/4722,1574,1/4722
47351,4735,4735,224206985,224206985,1/4735,518,518/22420225
9479,4739,4739,44920981,44920981,1/4739,2370,2370/22458121
9491,4745,949,45034795,9006959,1/4745,503,503/4503005
4759,4758,2379,22643322,11321661,1/4758,2379,1/4758
9539,4769,4769,45491491,45491491,1/4769,2385,2385/22743361
9551,4775,4775,45606025,45606025,1/4775,2388,2388/22800625
4787,2393,4786,11455291,22910582,1/4786,2393,1/4786
14407,4802,4802,69182414,69182414,1/4802,4802,1/4802
9619,3206,4809,30838514,46257771,1/4809,1632,272/2569609
221951,4825,4825,1070913575,1070913575,1/4825,132,132/23280625
4831,4830,2415,23333730,11666865,1/4830,2415,1/4830
183959,4841,4841,890545519,890545519,1/4841,184,184/23435281
9719,4859,4859,47224621,47224621,1/4859,2430,2430/23609881
29179,3242,4863,94598318,141897477,1/4863,1621,1/9726
9791,4895,4895,47926945,47926945,1/4895,2448,2448/23961025
4903,4902,4902,24034506,24034506,1/4902,4902,1/4902
14731,4910,1473,72329210,21698763,1/4910,531,177/2410810
9839,4919,4919,48398041,48398041,1/4919,2460,2460/24196561
9859,3286,4929,32396674,48595011,1/4929,1675,1675/16196694
9923,4961,902,49228003,8950546,1/4961,485,485/4474822
9931,3310,4965,32871610,49307415,1/4965,1684,842/8217075
4967,2483,4966,12333061,24666122,1/4966,2483,1/4966
29851,1194,4975,35642094,148508725,1/4975,229,229/5940150
4987,4986,4986,24865182,24865182,1/4986,4986,1/4986
4999,4998,119,24985002,594881,1/4998,119,1/4998
