pair_index,c,d,shift,odd_winner_numerator,odd_denominator,even_winner_numerator,even_denominator,pool_winner_numerator,pool_denominator,odd_class_prevalence,even_class_prevalence,pool_class_prevalence
0,0,0,2,495,2334,499,2337,994,4671,42,42,84
1,0,1,6,0,2334,0,2337,0,4671,0,0,0
2,0,2,26,0,2334,0,2337,0,4671,0,0,0
3,0,3,126,0,2334,0,2337,0,4671,0,0,0
4,0,4,626,0,2334,0,2337,0,4671,0,0,0
5,0,5,3126,622,2334,616,2337,1238,4671,42,42,84
6,0,6,15626,0,2334,0,2337,0,4671,0,0,0
7,0,7,78126,602,2334,607,2337,1209,4671,42,42,84
8,0,8,390626,0,2334,0,2337,0,4671,0,0,0
9,0,9,1953126,0,2334,0,2337,0,4671,0,0,0
10,0,10,9765626,0,2334,0,2337,0,4671,0,0,0
11,0,11,48828126,0,2334,0,2337,0,4671,0,0,0
12,0,12,244140626,493,2334,494,2337,987,4671,42,42,84
13,0,13,1220703126,602,2334,609,2337,1211,4671,42,42,84
14,0,14,6103515626,0,2334,0,2337,0,4671,0,0,0
15,0,15,30517578126,0,2334,0,2337,0,4671,0,0,0
16,0,16,152587890626,0,2334,0,2337,0,4671,0,0,0
17,1,0,4,0,2334,0,2337,0,4671,0,0,0
18,1,1,8,0,2334,0,2337,0,4671,0,0,0
19,1,2,28,0,2334,0,2337,0,4671,0,0,0
20,1,3,128,954,2334,937,2337,1891,4671,42,42,84
21,1,4,628,0,2334,0,2337,0,4671,0,0,0
22,1,5,3128,0,2334,0,2337,0,4671,0,0,0
23,1,6,15628,0,2334,0,2337,0,4671,0,0,0
24,1,7,78128,0,2334,0,2337,0,4671,0,0,0
25,1,8,390628,0,2334,0,2337,0,4671,0,0,0
26,1,9,1953128,952,2334,917,2337,1869,4671,42,42,84
27,1,10,9765628,0,2334,0,2337,0,4671,0,0,0
28,1,11,48828128,0,2334,0,2337,0,4671,0,0,0
29,1,12,244140628,0,2334,0,2337,0,4671,0,0,0
30,1,13,1220703128,0,2334,0,2337,0,4671,0,0,0
31,1,14,6103515628,0,2334,0,2337,0,4671,0,0,0
32,1,15,30517578128,919,2334,961,2337,1880,4671,42,42,84
33,1,16,152587890628,0,2334,0,2337,0,4671,0,0,0
34,2,0,10,624,2334,618,2337,1242,4671,42,42,84
35,2,1,14,0,2334,0,2337,0,4671,0,0,0
36,2,2,34,671,2334,648,2337,1319,4671,42,42,84
37,2,3,134,0,2334,0,2337,0,4671,0,0,0
38,2,4,634,643,2334,663,2337,1306,4671,42,42,84
39,2,5,3134,484,2334,500,2337,984,4671,42,42,84
40,2,6,15634,0,2334,0,2337,0,4671,0,0,0
41,2,7,78134,0,2334,0,2337,0,4671,0,0,0
42,2,8,390634,651,2334,644,2337,1295,4671,42,42,84
43,2,9,1953134,0,2334,0,2337,0,4671,0,0,0
44,2,10,9765634,651,2334,666,2337,1317,4671,42,42,84
45,2,11,48828134,508,2334,490,2337,998,4671,42,42,84
46,2,12,244140634,643,2334,649,2337,1292,4671,42,42,84
47,2,13,1220703134,0,2334,0,2337,0,4671,0,0,0
48,2,14,6103515634,648,2334,648,2337,1296,4671,42,42,84
49,2,15,30517578134,0,2334,0,2337,0,4671,0,0,0
50,2,16,152587890634,647,2334,677,2337,1324,4671,42,42,84
51,3,0,28,0,2334,0,2337,0,4671,0,0,0
52,3,1,32,0,2334,0,2337,0,4671,0,0,0
53,3,2,52,0,2334,0,2337,0,4671,0,0,0
54,3,3,152,0,2334,0,2337,0,4671,0,0,0
55,3,4,652,0,2334,0,2337,0,4671,0,0,0
56,3,5,3152,0,2334,0,2337,0,4671,0,0,0
57,3,6,15652,0,2334,0,2337,0,4671,0,0,0
58,3,7,78152,0,2334,0,2337,0,4671,0,0,0
59,3,8,390652,0,2334,0,2337,0,4671,0,0,0
60,3,9,1953152,0,2334,0,2337,0,4671,0,0,0
61,3,10,9765652,0,2334,0,2337,0,4671,0,0,0
62,3,11,48828152,955,2334,956,2337,1911,4671,42,42,84
63,3,12,244140652,0,2334,0,2337,0,4671,0,0,0
64,3,13,1220703152,0,2334,0,2337,0,4671,0,0,0
65,3,14,6103515652,0,2334,0,2337,0,4671,0,0,0
66,3,15,30517578152,0,2334,0,2337,0,4671,0,0,0
67,3,16,152587890652,0,2334,0,2337,0,4671,0,0,0
68,4,0,82,621,2334,622,2337,1243,4671,42,42,84
69,4,1,86,0,2334,0,2337,0,4671,0,0,0
70,4,2,106,596,2334,629,2337,1225,4671,42,42,84
71,4,3,206,0,2334,0,2337,0,4671,0,0,0
72,4,4,706,611,2334,607,2337,1218,4671,42,42,84
73,4,5,3206,0,2334,0,2337,0,4671,0,0,0
74,4,6,15706,631,2334,611,2337,1242,4671,42,42,84
75,4,7,78206,0,2334,0,2337,0,4671,0,0,0
76,4,8,390706,619,2334,616,2337,1235,4671,42,42,84
77,4,9,1953206,0,2334,0,2337,0,4671,0,0,0
78,4,10,9765706,638,2334,618,2337,1256,4671,42,42,84
79,4,11,48828206,0,2334,0,2337,0,4671,0,0,0
80,4,12,244140706,625,2334,627,2337,1252,4671,42,42,84
81,4,13,1220703206,0,2334,0,2337,0,4671,0,0,0
82,4,14,6103515706,607,2334,634,2337,1241,4671,42,42,84
83,4,15,30517578206,0,2334,0,2337,0,4671,0,0,0
84,4,16,152587890706,646,2334,658,2337,1304,4671,42,42,84
85,5,0,244,0,2334,0,2337,0,4671,0,0,0
86,5,1,248,0,2334,0,2337,0,4671,0,0,0
87,5,2,268,0,2334,0,2337,0,4671,0,0,0
88,5,3,368,0,2334,0,2337,0,4671,0,0,0
89,5,4,868,0,2334,0,2337,0,4671,0,0,0
90,5,5,3368,931,2334,926,2337,1857,4671,42,42,84
91,5,6,15868,0,2334,0,2337,0,4671,0,0,0
92,5,7,78368,0,2334,0,2337,0,4671,0,0,0
93,5,8,390868,0,2334,0,2337,0,4671,0,0,0
94,5,9,1953368,0,2334,0,2337,0,4671,0,0,0
95,5,10,9765868,0,2334,0,2337,0,4671,0,0,0
96,5,11,48828368,0,2334,0,2337,0,4671,0,0,0
97,5,12,244140868,0,2334,0,2337,0,4671,0,0,0
98,5,13,1220703368,0,2334,0,2337,0,4671,0,0,0
99,5,14,6103515868,0,2334,0,2337,0,4671,0,0,0
100,5,15,30517578368,0,2334,0,2337,0,4671,0,0,0
101,5,16,152587890868,0,2334,0,2337,0,4671,0,0,0
102,6,0,730,0,2334,0,2337,0,4671,0,0,0
103,6,1,734,0,2334,0,2337,0,4671,0,0,0
104,6,2,754,0,2334,0,2337,0,4671,0,0,0
105,6,3,854,0,2334,0,2337,0,4671,0,0,0
106,6,4,1354,651,2334,627,2337,1278,4671,42,42,84
107,6,5,3854,509,2334,485,2337,994,4671,42,42,84
108,6,6,16354,666,2334,648,2337,1314,4671,42,42,84
109,6,7,78854,0,2334,0,2337,0,4671,0,0,0
110,6,8,391354,654,2334,669,2337,1323,4671,42,42,84
111,6,9,1953854,0,2334,0,2337,0,4671,0,0,0
112,6,10,9766354,647,2334,629,2337,1276,4671,42,42,84
113,6,11,48828854,513,2334,495,2337,1008,4671,42,42,84
114,6,12,244141354,0,2334,0,2337,0,4671,0,0,0
115,6,13,1220703854,0,2334,0,2337,0,4671,0,0,0
116,6,14,6103516354,666,2334,653,2337,1319,4671,42,42,84
117,6,15,30517578854,0,2334,0,2337,0,4671,0,0,0
118,6,16,152587891354,666,2334,677,2337,1343,4671,42,42,84
119,7,0,2188,0,2334,0,2337,0,4671,0,0,0
120,7,1,2192,0,2334,0,2337,0,4671,0,0,0
121,7,2,2212,0,2334,0,2337,0,4671,0,0,0
122,7,3,2312,0,2334,0,2337,0,4671,0,0,0
123,7,4,2812,0,2334,0,2337,0,4671,0,0,0
124,7,5,5312,948,2334,924,2337,1872,4671,42,42,84
125,7,6,17812,0,2334,0,2337,0,4671,0,0,0
126,7,7,80312,0,2334,0,2337,0,4671,0,0,0
127,7,8,392812,0,2334,0,2337,0,4671,0,0,0
128,7,9,1955312,0,2334,0,2337,0,4671,0,0,0
129,7,10,9767812,0,2334,0,2337,0,4671,0,0,0
130,7,11,48830312,960,2334,936,2337,1896,4671,42,42,84
131,7,12,244142812,0,2334,0,2337,0,4671,0,0,0
132,7,13,1220705312,0,2334,0,2337,0,4671,0,0,0
133,7,14,6103517812,0,2334,0,2337,0,4671,0,0,0
134,7,15,30517580312,0,2334,0,2337,0,4671,0,0,0
135,7,16,152587892812,0,2334,0,2337,0,4671,0,0,0
136,8,0,6562,0,2334,0,2337,0,4671,0,0,0
137,8,1,6566,0,2334,0,2337,0,4671,0,0,0
138,8,2,6586,614,2334,661,2337,1275,4671,42,42,84
139,8,3,6686,0,2334,0,2337,0,4671,0,0,0
140,8,4,7186,618,2334,648,2337,1266,4671,42,42,84
141,8,5,9686,0,2334,0,2337,0,4671,0,0,0
142,8,6,22186,642,2334,625,2337,1267,4671,42,42,84
143,8,7,84686,0,2334,0,2337,0,4671,0,0,0
144,8,8,397186,602,2334,652,2337,1254,4671,42,42,84
145,8,9,1959686,0,2334,0,2337,0,4671,0,0,0
146,8,10,9772186,0,2334,0,2337,0,4671,0,0,0
147,8,11,48834686,486,2334,471,2337,957,4671,42,42,84
148,8,12,244147186,613,2334,597,2337,1210,4671,42,42,84
149,8,13,1220709686,0,2334,0,2337,0,4671,0,0,0
150,8,14,6103522186,609,2334,637,2337,1246,4671,42,42,84
151,8,15,30517584686,0,2334,0,2337,0,4671,0,0,0
152,8,16,152587897186,656,2334,616,2337,1272,4671,42,42,84
153,9,0,19684,0,2334,0,2337,0,4671,0,0,0
154,9,1,19688,0,2334,0,2337,0,4671,0,0,0
155,9,2,19708,0,2334,0,2337,0,4671,0,0,0
156,9,3,19808,0,2334,0,2337,0,4671,0,0,0
157,9,4,20308,0,2334,0,2337,0,4671,0,0,0
158,9,5,22808,962,2334,921,2337,1883,4671,42,42,84
159,9,6,35308,0,2334,0,2337,0,4671,0,0,0
160,9,7,97808,0,2334,0,2337,0,4671,0,0,0
161,9,8,410308,0,2334,0,2337,0,4671,0,0,0
162,9,9,1972808,0,2334,0,2337,0,4671,0,0,0
163,9,10,9785308,0,2334,0,2337,0,4671,0,0,0
164,9,11,48847808,0,2334,0,2337,0,4671,0,0,0
165,9,12,244160308,0,2334,0,2337,0,4671,0,0,0
166,9,13,1220722808,0,2334,0,2337,0,4671,0,0,0
167,9,14,6103535308,0,2334,0,2337,0,4671,0,0,0
168,9,15,30517597808,0,2334,0,2337,0,4671,0,0,0
169,9,16,152587910308,0,2334,0,2337,0,4671,0,0,0
170,10,0,59050,615,2334,609,2337,1224,4671,42,42,84
171,10,1,59054,0,2334,0,2337,0,4671,0,0,0
172,10,2,59074,652,2334,642,2337,1294,4671,42,42,84
173,10,3,59174,0,2334,0,2337,0,4671,0,0,0
174,10,4,59674,658,2334,666,2337,1324,4671,42,42,84
175,10,5,62174,0,2334,0,2337,0,4671,0,0,0
176,10,6,74674,0,2334,0,2337,0,4671,0,0,0
177,10,7,137174,0,2334,0,2337,0,4671,0,0,0
178,10,8,449674,655,2334,637,2337,1292,4671,42,42,84
179,10,9,2012174,0,2334,0,2337,0,4671,0,0,0
180,10,10,9824674,0,2334,0,2337,0,4671,0,0,0
181,10,11,48887174,0,2334,0,2337,0,4671,0,0,0
182,10,12,244199674,647,2334,640,2337,1287,4671,42,42,84
183,10,13,1220762174,0,2334,0,2337,0,4671,0,0,0
184,10,14,6103574674,662,2334,659,2337,1321,4671,42,42,84
185,10,15,30517637174,0,2334,0,2337,0,4671,0,0,0
186,10,16,152587949674,0,2334,0,2337,0,4671,0,0,0
187,11,0,177148,0,2334,0,2337,0,4671,0,0,0
188,11,1,177152,0,2334,0,2337,0,4671,0,0,0
189,11,2,177172,0,2334,0,2337,0,4671,0,0,0
190,11,3,177272,0,2334,0,2337,0,4671,0,0,0
191,11,4,177772,0,2334,0,2337,0,4671,0,0,0
192,11,5,180272,977,2334,937,2337,1914,4671,42,42,84
193,11,6,192772,0,2334,0,2337,0,4671,0,0,0
194,11,7,255272,0,2334,0,2337,0,4671,0,0,0
195,11,8,567772,0,2334,0,2337,0,4671,0,0,0
196,11,9,2130272,0,2334,0,2337,0,4671,0,0,0
197,11,10,9942772,0,2334,0,2337,0,4671,0,0,0
198,11,11,49005272,944,2334,928,2337,1872,4671,42,42,84
199,11,12,244317772,0,2334,0,2337,0,4671,0,0,0
200,11,13,1220880272,0,2334,0,2337,0,4671,0,0,0
201,11,14,6103692772,0,2334,0,2337,0,4671,0,0,0
202,11,15,30517755272,0,2334,0,2337,0,4671,0,0,0
203,11,16,152588067772,0,2334,0,2337,0,4671,0,0,0
204,12,0,531442,610,2334,634,2337,1244,4671,42,42,84
205,12,1,531446,0,2334,0,2337,0,4671,0,0,0
206,12,2,531466,623,2334,610,2337,1233,4671,42,42,84
207,12,3,531566,0,2334,0,2337,0,4671,0,0,0
208,12,4,532066,612,2334,622,2337,1234,4671,42,42,84
209,12,5,534566,478,2334,468,2337,946,4671,42,42,84
210,12,6,547066,625,2334,641,2337,1266,4671,42,42,84
211,12,7,609566,0,2334,0,2337,0,4671,0,0,0
212,12,8,922066,613,2334,614,2337,1227,4671,42,42,84
213,12,9,2484566,0,2334,0,2337,0,4671,0,0,0
214,12,10,10297066,627,2334,611,2337,1238,4671,42,42,84
215,12,11,49359566,472,2334,468,2337,940,4671,42,42,84
216,12,12,244672066,608,2334,640,2337,1248,4671,42,42,84
217,12,13,1221234566,0,2334,0,2337,0,4671,0,0,0
218,12,14,6104047066,599,2334,646,2337,1245,4671,42,42,84
219,12,15,30518109566,0,2334,0,2337,0,4671,0,0,0
220,12,16,152588422066,682,2334,643,2337,1325,4671,42,42,84
221,13,0,1594324,0,2334,0,2337,0,4671,0,0,0
222,13,1,1594328,0,2334,0,2337,0,4671,0,0,0
223,13,2,1594348,0,2334,0,2337,0,4671,0,0,0
224,13,3,1594448,0,2334,0,2337,0,4671,0,0,0
225,13,4,1594948,0,2334,0,2337,0,4671,0,0,0
226,13,5,1597448,0,2334,0,2337,0,4671,0,0,0
227,13,6,1609948,0,2334,0,2337,0,4671,0,0,0
228,13,7,1672448,0,2334,0,2337,0,4671,0,0,0
229,13,8,1984948,0,2334,0,2337,0,4671,0,0,0
230,13,9,3547448,0,2334,0,2337,0,4671,0,0,0
231,13,10,11359948,0,2334,0,2337,0,4671,0,0,0
232,13,11,50422448,911,2334,942,2337,1853,4671,42,42,84
233,13,12,245734948,0,2334,0,2337,0,4671,0,0,0
234,13,13,1222297448,0,2334,0,2337,0,4671,0,0,0
235,13,14,6105109948,0,2334,0,2337,0,4671,0,0,0
236,13,15,30519172448,0,2334,0,2337,0,4671,0,0,0
237,13,16,152589484948,0,2334,0,2337,0,4671,0,0,0
238,14,0,4782970,644,2334,646,2337,1290,4671,42,42,84
239,14,1,4782974,0,2334,0,2337,0,4671,0,0,0
240,14,2,4782994,632,2334,661,2337,1293,4671,42,42,84
241,14,3,4783094,0,2334,0,2337,0,4671,0,0,0
242,14,4,4783594,642,2334,662,2337,1304,4671,42,42,84
243,14,5,4786094,489,2334,501,2337,990,4671,42,42,84
244,14,6,4798594,649,2334,665,2337,1314,4671,42,42,84
245,14,7,4861094,0,2334,0,2337,0,4671,0,0,0
246,14,8,5173594,649,2334,667,2337,1316,4671,42,42,84
247,14,9,6736094,0,2334,0,2337,0,4671,0,0,0
248,14,10,14548594,646,2334,660,2337,1306,4671,42,42,84
249,14,11,53611094,493,2334,499,2337,992,4671,42,42,84
250,14,12,248923594,652,2334,631,2337,1283,4671,42,42,84
251,14,13,1225486094,0,2334,0,2337,0,4671,0,0,0
252,14,14,6108298594,0,2334,0,2337,0,4671,0,0,0
253,14,15,30522361094,0,2334,0,2337,0,4671,0,0,0
254,14,16,152592673594,652,2334,703,2337,1355,4671,42,42,84
255,15,0,14348908,0,2334,0,2337,0,4671,0,0,0
256,15,1,14348912,0,2334,0,2337,0,4671,0,0,0
257,15,2,14348932,0,2334,0,2337,0,4671,0,0,0
258,15,3,14349032,0,2334,0,2337,0,4671,0,0,0
259,15,4,14349532,0,2334,0,2337,0,4671,0,0,0
260,15,5,14352032,947,2334,934,2337,1881,4671,42,42,84
261,15,6,14364532,0,2334,0,2337,0,4671,0,0,0
262,15,7,14427032,0,2334,0,2337,0,4671,0,0,0
263,15,8,14739532,0,2334,0,2337,0,4671,0,0,0
264,15,9,16302032,0,2334,0,2337,0,4671,0,0,0
265,15,10,24114532,0,2334,0,2337,0,4671,0,0,0
266,15,11,63177032,0,2334,0,2337,0,4671,0,0,0
267,15,12,258489532,0,2334,0,2337,0,4671,0,0,0
268,15,13,1235052032,0,2334,0,2337,0,4671,0,0,0
269,15,14,6117864532,0,2334,0,2337,0,4671,0,0,0
270,15,15,30531927032,0,2334,0,2337,0,4671,0,0,0
271,15,16,152602239532,0,2334,0,2337,0,4671,0,0,0
272,16,0,43046722,630,2334,610,2337,1240,4671,42,42,84
273,16,1,43046726,0,2334,0,2337,0,4671,0,0,0
274,16,2,43046746,0,2334,0,2337,0,4671,0,0,0
275,16,3,43046846,0,2334,0,2337,0,4671,0,0,0
276,16,4,43047346,0,2334,0,2337,0,4671,0,0,0
277,16,5,43049846,0,2334,0,2337,0,4671,0,0,0
278,16,6,43062346,616,2334,613,2337,1229,4671,42,42,84
279,16,7,43124846,0,2334,0,2337,0,4671,0,0,0
280,16,8,43437346,615,2334,613,2337,1228,4671,42,42,84
281,16,9,44999846,0,2334,0,2337,0,4671,0,0,0
282,16,10,52812346,640,2334,616,2337,1256,4671,42,42,84
283,16,11,91874846,0,2334,0,2337,0,4671,0,0,0
284,16,12,287187346,0,2334,0,2337,0,4671,0,0,0
285,16,13,1263749846,0,2334,0,2337,0,4671,0,0,0
286,16,14,6146562346,625,2334,632,2337,1257,4671,42,42,84
287,16,15,30560624846,0,2334,0,2337,0,4671,0,0,0
288,16,16,152630937346,650,2334,626,2337,1276,4671,42,42,84
289,17,0,129140164,0,2334,0,2337,0,4671,0,0,0
290,17,1,129140168,0,2334,0,2337,0,4671,0,0,0
291,17,2,129140188,0,2334,0,2337,0,4671,0,0,0
292,17,3,129140288,0,2334,0,2337,0,4671,0,0,0
293,17,4,129140788,0,2334,0,2337,0,4671,0,0,0
294,17,5,129143288,940,2334,932,2337,1872,4671,42,42,84
295,17,6,129155788,0,2334,0,2337,0,4671,0,0,0
296,17,7,129218288,0,2334,0,2337,0,4671,0,0,0
297,17,8,129530788,0,2334,0,2337,0,4671,0,0,0
298,17,9,131093288,0,2334,0,2337,0,4671,0,0,0
299,17,10,138905788,0,2334,0,2337,0,4671,0,0,0
300,17,11,177968288,916,2334,938,2337,1854,4671,42,42,84
301,17,12,373280788,0,2334,0,2337,0,4671,0,0,0
302,17,13,1349843288,0,2334,0,2337,0,4671,0,0,0
303,17,14,6232655788,0,2334,0,2337,0,4671,0,0,0
304,17,15,30646718288,0,2334,0,2337,0,4671,0,0,0
305,17,16,152717030788,0,2334,0,2337,0,4671,0,0,0
306,18,0,387420490,0,2334,0,2337,0,4671,0,0,0
307,18,1,387420494,0,2334,0,2337,0,4671,0,0,0
308,18,2,387420514,660,2334,646,2337,1306,4671,42,42,84
309,18,3,387420614,0,2334,0,2337,0,4671,0,0,0
310,18,4,387421114,660,2334,655,2337,1315,4671,42,42,84
311,18,5,387423614,0,2334,0,2337,0,4671,0,0,0
312,18,6,387436114,626,2334,659,2337,1285,4671,42,42,84
313,18,7,387498614,0,2334,0,2337,0,4671,0,0,0
314,18,8,387811114,630,2334,645,2337,1275,4671,42,42,84
315,18,9,389373614,0,2334,0,2337,0,4671,0,0,0
316,18,10,397186114,0,2334,0,2337,0,4671,0,0,0
317,18,11,436248614,497,2334,477,2337,974,4671,42,42,84
318,18,12,631561114,663,2334,656,2337,1319,4671,42,42,84
319,18,13,1608123614,0,2334,0,2337,0,4671,0,0,0
320,18,14,6490936114,661,2334,660,2337,1321,4671,42,42,84
321,18,15,30904998614,0,2334,0,2337,0,4671,0,0,0
322,18,16,152975311114,650,2334,684,2337,1334,4671,42,42,84
323,19,0,1162261468,0,2334,0,2337,0,4671,0,0,0
324,19,1,1162261472,0,2334,0,2337,0,4671,0,0,0
325,19,2,1162261492,0,2334,0,2337,0,4671,0,0,0
326,19,3,1162261592,0,2334,0,2337,0,4671,0,0,0
327,19,4,1162262092,0,2334,0,2337,0,4671,0,0,0
328,19,5,1162264592,938,2334,940,2337,1878,4671,42,42,84
329,19,6,1162277092,0,2334,0,2337,0,4671,0,0,0
330,19,7,1162339592,0,2334,0,2337,0,4671,0,0,0
331,19,8,1162652092,0,2334,0,2337,0,4671,0,0,0
332,19,9,1164214592,0,2334,0,2337,0,4671,0,0,0
333,19,10,1172027092,0,2334,0,2337,0,4671,0,0,0
334,19,11,1211089592,948,2334,944,2337,1892,4671,42,42,84
335,19,12,1406402092,0,2334,0,2337,0,4671,0,0,0
336,19,13,2382964592,0,2334,0,2337,0,4671,0,0,0
337,19,14,7265777092,0,2334,0,2337,0,4671,0,0,0
338,19,15,31679839592,0,2334,0,2337,0,4671,0,0,0
339,19,16,153750152092,0,2334,0,2337,0,4671,0,0,0
340,20,0,3486784402,639,2334,619,2337,1258,4671,42,42,84
341,20,1,3486784406,0,2334,0,2337,0,4671,0,0,0
342,20,2,3486784426,630,2334,598,2337,1228,4671,42,42,84
343,20,3,3486784526,0,2334,0,2337,0,4671,0,0,0
344,20,4,3486785026,634,2334,635,2337,1269,4671,42,42,84
345,20,5,3486787526,484,2334,479,2337,963,4671,42,42,84
346,20,6,3486800026,0,2334,0,2337,0,4671,0,0,0
347,20,7,3486862526,0,2334,0,2337,0,4671,0,0,0
348,20,8,3487175026,649,2334,606,2337,1255,4671,42,42,84
349,20,9,3488737526,0,2334,0,2337,0,4671,0,0,0
350,20,10,3496550026,610,2334,643,2337,1253,4671,42,42,84
351,20,11,3535612526,0,2334,0,2337,0,4671,0,0,0
352,20,12,3730925026,640,2334,615,2337,1255,4671,42,42,84
353,20,13,4707487526,0,2334,0,2337,0,4671,0,0,0
354,20,14,9590300026,623,2334,616,2337,1239,4671,42,42,84
355,20,15,34004362526,0,2334,0,2337,0,4671,0,0,0
356,20,16,156074675026,0,2334,0,2337,0,4671,0,0,0
357,21,0,10460353204,0,2334,0,2337,0,4671,0,0,0
358,21,1,10460353208,0,2334,0,2337,0,4671,0,0,0
359,21,2,10460353228,0,2334,0,2337,0,4671,0,0,0
360,21,3,10460353328,0,2334,0,2337,0,4671,0,0,0
361,21,4,10460353828,0,2334,0,2337,0,4671,0,0,0
362,21,5,10460356328,949,2334,945,2337,1894,4671,42,42,84
363,21,6,10460368828,0,2334,0,2337,0,4671,0,0,0
364,21,7,10460431328,0,2334,0,2337,0,4671,0,0,0
365,21,8,10460743828,0,2334,0,2337,0,4671,0,0,0
366,21,9,10462306328,0,2334,0,2337,0,4671,0,0,0
367,21,10,10470118828,0,2334,0,2337,0,4671,0,0,0
368,21,11,10509181328,927,2334,971,2337,1898,4671,42,42,84
369,21,12,10704493828,0,2334,0,2337,0,4671,0,0,0
370,21,13,11681056328,0,2334,0,2337,0,4671,0,0,0
371,21,14,16563868828,0,2334,0,2337,0,4671,0,0,0
372,21,15,40977931328,0,2334,0,2337,0,4671,0,0,0
373,21,16,163048243828,0,2334,0,2337,0,4671,0,0,0
374,22,0,31381059610,618,2334,620,2337,1238,4671,42,42,84
375,22,1,31381059614,0,2334,0,2337,0,4671,0,0,0
376,22,2,31381059634,654,2334,651,2337,1305,4671,42,42,84
377,22,3,31381059734,0,2334,0,2337,0,4671,0,0,0
378,22,4,31381060234,662,2334,643,2337,1305,4671,42,42,84
379,22,5,31381062734,0,2334,0,2337,0,4671,0,0,0
380,22,6,31381075234,627,2334,656,2337,1283,4671,42,42,84
381,22,7,31381137734,0,2334,0,2337,0,4671,0,0,0
382,22,8,31381450234,0,2334,0,2337,0,4671,0,0,0
383,22,9,31383012734,0,2334,0,2337,0,4671,0,0,0
384,22,10,31390825234,642,2334,652,2337,1294,4671,42,42,84
385,22,11,31429887734,0,2334,0,2337,0,4671,0,0,0
386,22,12,31625200234,636,2334,663,2337,1299,4671,42,42,84
387,22,13,32601762734,0,2334,0,2337,0,4671,0,0,0
388,22,14,37484575234,666,2334,648,2337,1314,4671,42,42,84
389,22,15,61898637734,0,2334,0,2337,0,4671,0,0,0
390,22,16,183968950234,682,2334,684,2337,1366,4671,42,42,84
391,23,0,94143178828,0,2334,0,2337,0,4671,0,0,0
392,23,1,94143178832,0,2334,0,2337,0,4671,0,0,0
393,23,2,94143178852,0,2334,0,2337,0,4671,0,0,0
394,23,3,94143178952,0,2334,0,2337,0,4671,0,0,0
395,23,4,94143179452,0,2334,0,2337,0,4671,0,0,0
396,23,5,94143181952,0,2334,0,2337,0,4671,0,0,0
397,23,6,94143194452,0,2334,0,2337,0,4671,0,0,0
398,23,7,94143256952,0,2334,0,2337,0,4671,0,0,0
399,23,8,94143569452,0,2334,0,2337,0,4671,0,0,0
400,23,9,94145131952,0,2334,0,2337,0,4671,0,0,0
401,23,10,94152944452,0,2334,0,2337,0,4671,0,0,0
402,23,11,94192006952,927,2334,992,2337,1919,4671,42,42,84
403,23,12,94387319452,0,2334,0,2337,0,4671,0,0,0
404,23,13,95363881952,0,2334,0,2337,0,4671,0,0,0
405,23,14,100246694452,0,2334,0,2337,0,4671,0,0,0
406,23,15,124660756952,0,2334,0,2337,0,4671,0,0,0
