k,target_T,control_h_-720_T,control_h_-360_T,control_h_360_T,control_h_720_T,control_median,control_minimum,control_maximum,target_minus_control_median,target_rank_among_five,target_unique_minimum,target_tied_minimum,target_below_all_four_controls,target_below_at_least_three_controls
-128,30,30,35,34,25,32,25,35,-2,2,0,0,0,0
-127,59,51,56,46,46,48.5,46,56,10.5,5,0,0,0,0
-126,65,62,71,76,57,66.5,57,76,-1.5,3,0,0,0,0
-125,52,42,55,43,46,44.5,42,55,7.5,4,0,0,0,0
-124,59,61,71,77,75,73,61,77,-14,1,1,0,1,1
-123,42,62,46,58,41,52,41,62,-10,2,0,0,0,1
-122,38,29,40,31,32,31.5,29,40,6.5,4,0,0,0,0
-121,44,38,59,44,48,46,38,59,-2,2,0,0,0,0
-120,30,41,34,33,34,34,33,41,-4,1,1,0,1,1
-119,39,49,46,65,44,47.5,44,65,-8.5,1,1,0,1,1
-118,63,66,65,63,53,64,53,66,-1,2,0,0,0,0
-117,43,44,57,49,53,51,44,57,-8,1,1,0,1,1
-116,64,60,71,76,70,70.5,60,76,-6.5,2,0,0,0,1
-115,41,53,64,55,47,54,47,64,-13,1,1,0,1,1
-114,32,30,36,44,41,38.5,30,44,-6.5,2,0,0,0,1
-113,56,33,64,54,47,50.5,33,64,5.5,4,0,0,0,0
-112,32,39,46,30,26,34.5,26,46,-2.5,3,0,0,0,0
-111,46,57,46,54,48,51,46,57,-5,1,0,1,0,1
-110,66,78,75,74,57,74.5,57,78,-8.5,2,0,0,0,1
-109,52,41,61,50,63,55.5,41,63,-3.5,3,0,0,0,0
-108,60,69,73,68,61,68.5,61,73,-8.5,1,1,0,1,1
-107,42,50,56,55,49,52.5,49,56,-10.5,1,1,0,1,1
-106,33,25,37,44,27,32,25,44,1,3,0,0,0,0
-105,46,42,46,52,52,49,42,52,-3,2,0,0,0,0
-104,38,28,35,37,31,33,28,37,5,5,0,0,0,0
-103,50,62,49,56,49,52.5,49,62,-2.5,3,0,0,0,0
-102,62,67,65,74,69,68,65,74,-6,1,1,0,1,1
-101,51,34,56,55,51,53,34,56,-2,2,0,0,0,0
-100,74,60,78,63,61,62,60,78,12,4,0,0,0,0
-99,42,63,53,48,41,50.5,41,63,-8.5,2,0,0,0,1
-98,39,35,32,34,38,34.5,32,38,4.5,5,0,0,0,0
-97,45,40,65,52,56,54,40,65,-9,2,0,0,0,1
-96,22,48,30,42,27,36,27,48,-14,1,1,0,1,1
-95,50,44,55,47,49,48,44,55,2,4,0,0,0,0
-94,55,67,62,68,69,67.5,62,69,-12.5,1,1,0,1,1
-93,36,50,52,49,56,51,49,56,-15,1,1,0,1,1
-92,69,58,77,70,62,66,58,77,3,3,0,0,0,0
-91,44,54,62,56,50,55,50,62,-11,1,1,0,1,1
-90,31,32,46,34,39,36.5,32,46,-5.5,1,1,0,1,1
-89,54,44,53,47,49,48,44,53,6,5,0,0,0,0
-88,25,31,41,40,29,35.5,29,41,-10.5,1,1,0,1,1
-87,47,46,51,56,44,48.5,44,56,-1.5,3,0,0,0,0
-86,60,60,67,71,70,68.5,60,71,-8.5,1,0,1,0,1
-85,48,33,63,51,63,57,33,63,-9,2,0,0,0,1
-84,75,68,71,77,62,69.5,62,77,5.5,4,0,0,0,0
-83,46,53,49,62,41,51,41,62,-5,2,0,0,0,1
-82,38,24,42,41,39,40,24,42,-2,2,0,0,0,1
-81,47,46,58,56,42,51,42,58,-4,3,0,0,0,0
-80,27,43,34,34,41,37.5,34,43,-10.5,1,1,0,1,1
-79,48,53,55,53,52,53,52,55,-5,1,1,0,1,1
-78,51,67,75,57,59,63,57,75,-12,1,1,0,1,1
-77,54,45,58,52,41,48.5,41,58,5.5,4,0,0,0,0
-76,70,58,81,60,64,62,58,81,8,4,0,0,0,0
-75,43,54,40,56,41,47.5,40,56,-4.5,3,0,0,0,0
-74,35,27,30,35,38,32.5,27,38,2.5,3,0,0,0,0
-73,46,41,64,53,53,53,41,64,-7,2,0,0,0,1
-72,30,34,35,44,31,34.5,31,44,-4.5,1,1,0,1,1
-71,50,54,45,53,43,49,43,54,1,3,0,0,0,0
-70,56,61,63,71,67,65,61,71,-9,1,1,0,1,1
-69,58,42,52,48,51,49.5,42,52,8.5,5,0,0,0,0
-68,62,60,82,76,63,69.5,60,82,-7.5,2,0,0,0,1
-67,49,55,56,45,46,50.5,45,56,-1.5,3,0,0,0,0
-66,33,33,28,39,39,36,28,39,-3,2,0,0,0,0
-65,55,37,63,50,53,51.5,37,63,3.5,4,0,0,0,0
-64,32,37,45,27,34,35.5,27,45,-3.5,2,0,0,0,1
-63,46,53,44,65,42,48.5,42,65,-2.5,3,0,0,0,0
-62,67,69,76,69,56,69,56,76,-2,2,0,0,0,1
-61,44,39,53,40,51,45.5,39,53,-1.5,3,0,0,0,0
-60,62,68,72,77,64,70,64,77,-8,1,1,0,1,1
-59,45,51,56,59,37,53.5,37,59,-8.5,2,0,0,0,1
-58,27,32,51,32,37,34.5,32,51,-7.5,1,1,0,1,1
-57,48,46,54,56,61,55,46,61,-7,2,0,0,0,1
-56,37,26,34,35,23,30,23,35,7,5,0,0,0,0
-55,48,48,63,45,42,46.5,42,63,1.5,3,0,0,0,0
-54,62,64,72,72,71,71.5,64,72,-9.5,1,1,0,1,1
-53,43,44,54,47,49,48,44,54,-5,1,1,0,1,1
-52,57,66,66,75,60,66,60,75,-9,1,1,0,1,1
-51,47,60,46,51,40,48.5,40,60,-1.5,3,0,0,0,0
-50,31,26,46,39,30,34.5,26,46,-3.5,3,0,0,0,0
-49,48,55,52,47,62,53.5,47,62,-5.5,2,0,0,0,1
-48,27,26,36,34,38,35,26,38,-8,2,0,0,0,1
-47,44,49,55,47,46,48,46,55,-4,1,1,0,1,1
-46,60,57,67,59,62,60.5,57,67,-0.5,3,0,0,0,0
-45,51,46,63,53,52,52.5,46,63,-1.5,2,0,0,0,1
-44,63,62,71,80,60,66.5,60,80,-3.5,3,0,0,0,0
-43,42,44,59,46,48,47,44,59,-5,1,1,0,1,1
-42,32,33,38,43,28,35.5,28,43,-3.5,2,0,0,0,1
-41,50,38,51,47,42,44.5,38,51,5.5,4,0,0,0,0
-40,23,37,46,33,38,37.5,33,46,-14.5,1,1,0,1,1
-39,33,45,57,53,53,53,45,57,-20,1,1,0,1,1
-38,62,70,65,71,60,67.5,60,71,-5.5,2,0,0,0,1
-37,55,43,58,57,49,53,43,58,2,3,0,0,0,0
-36,71,59,74,72,68,70,59,74,1,3,0,0,0,0
-35,51,51,49,53,54,52,49,54,-1,2,0,0,0,0
-34,33,19,49,38,39,38.5,19,49,-5.5,2,0,0,0,1
-33,49,46,54,54,57,54,46,57,-5,2,0,0,0,1
-32,27,35,40,24,29,32,24,40,-5,2,0,0,0,1
-31,43,47,56,40,50,48.5,40,56,-5.5,2,0,0,0,1
-30,51,69,67,69,67,68,67,69,-17,1,1,0,1,1
-29,54,36,51,52,64,51.5,36,64,2.5,4,0,0,0,0
-28,56,59,67,58,70,63,58,70,-7,1,1,0,1,1
-27,44,52,55,62,44,53.5,44,62,-9.5,1,0,1,0,1
-26,37,30,34,31,45,32.5,30,45,4.5,4,0,0,0,0
-25,44,47,59,54,67,56.5,47,67,-12.5,1,1,0,1,1
-24,35,41,32,35,28,33.5,28,41,1.5,3,0,0,0,0
-23,47,50,54,52,39,51,39,54,-4,2,0,0,0,1
-22,65,68,67,72,66,67.5,66,72,-2.5,1,1,0,1,1
-21,50,42,45,48,51,46.5,42,51,3.5,4,0,0,0,0
-20,72,72,68,65,74,70,65,74,2,3,0,0,0,0
-19,48,44,54,53,51,52,44,54,-4,2,0,0,0,1
-18,29,40,39,44,31,39.5,31,44,-10.5,1,1,0,1,1
-17,46,42,47,47,40,44.5,40,47,1.5,3,0,0,0,0
-16,25,35,35,26,40,35,26,40,-10,1,1,0,1,1
-15,50,47,49,52,54,50.5,47,54,-0.5,3,0,0,0,0
-14,57,71,74,65,51,68,51,74,-11,2,0,0,0,1
-13,49,44,63,45,50,47.5,44,63,1.5,3,0,0,0,0
-12,59,68,78,68,73,70.5,68,78,-11.5,1,1,0,1,1
-11,39,44,44,61,42,44,42,61,-5,1,1,0,1,1
-10,41,25,43,28,40,34,25,43,7,4,0,0,0,0
-9,40,49,54,57,47,51.5,47,57,-11.5,1,1,0,1,1
-8,32,47,38,35,36,37,35,47,-5,1,1,0,1,1
-7,46,54,57,56,46,55,46,57,-9,1,0,1,0,1
-6,65,69,71,69,55,69,55,71,-4,2,0,0,0,1
-5,61,43,67,50,56,53,43,67,8,4,0,0,0,0
-4,67,59,77,70,76,73,59,77,-6,2,0,0,0,1
-3,43,55,45,53,49,51,45,55,-8,1,1,0,1,1
-2,32,27,33,40,29,31,27,40,1,3,0,0,0,0
-1,43,38,54,51,50,50.5,38,54,-7.5,2,0,0,0,1
0,16,39,45,39,34,39,34,45,-23,1,1,0,1,1
1,49,50,55,56,51,53,50,56,-4,1,1,0,1,1
2,71,66,81,77,67,72,66,81,-1,3,0,0,0,0
3,49,39,50,52,49,49.5,39,52,-0.5,2,0,0,0,0
4,72,63,77,79,70,73.5,63,79,-1.5,3,0,0,0,0
5,42,41,48,49,46,47,41,49,-5,2,0,0,0,1
6,33,30,38,39,34,36,30,39,-3,2,0,0,0,1
7,46,38,54,44,46,45,38,54,1,3,0,0,0,0
8,24,37,41,27,37,37,27,41,-13,1,1,0,1,1
9,58,54,46,62,48,51,46,62,7,4,0,0,0,0
10,64,71,68,76,73,72,68,76,-8,1,1,0,1,1
11,47,35,63,49,57,53,35,63,-6,2,0,0,0,1
12,65,64,70,75,68,69,64,75,-4,2,0,0,0,1
13,47,50,56,50,43,50,43,56,-3,2,0,0,0,1
14,31,26,46,32,38,35,26,46,-4,2,0,0,0,1
15,36,43,62,47,56,51.5,43,62,-15.5,1,1,0,1,1
16,27,34,37,39,25,35.5,25,39,-8.5,2,0,0,0,1
17,47,49,55,54,54,54,49,55,-7,1,1,0,1,1
18,59,73,73,73,59,73,59,73,-14,1,0,1,0,1
19,46,41,50,49,55,49.5,41,55,-3.5,2,0,0,0,1
20,67,65,79,75,63,70,63,79,-3,3,0,0,0,0
21,36,51,48,52,45,49.5,45,52,-13.5,1,1,0,1,1
22,30,31,44,30,31,31,30,44,-1,1,0,1,0,1
23,45,42,62,52,52,52,42,62,-7,2,0,0,0,1
24,29,44,29,37,40,38.5,29,44,-9.5,1,0,1,0,1
25,44,46,40,59,45,45.5,40,59,-1.5,2,0,0,0,1
26,62,69,75,65,67,68,65,75,-6,1,1,0,1,1
27,43,49,60,60,50,55,49,60,-12,1,1,0,1,1
28,67,58,76,81,70,73,58,81,-6,2,0,0,0,1
29,42,55,52,56,42,53.5,42,56,-11.5,1,0,1,0,1
30,45,35,37,32,39,36,32,39,9,5,0,0,0,0
31,49,39,59,40,43,41.5,39,59,7.5,4,0,0,0,0
32,25,48,43,25,38,40.5,25,48,-15.5,1,0,1,0,1
33,44,60,49,59,34,54,34,60,-10,2,0,0,0,1
34,60,65,54,72,51,59.5,51,72,0.5,3,0,0,0,0
35,41,39,58,48,45,46.5,39,58,-5.5,2,0,0,0,1
36,65,60,80,76,57,68,57,80,-3,3,0,0,0,0
37,52,46,53,51,40,48.5,40,53,3.5,4,0,0,0,0
38,24,29,51,24,34,31.5,24,51,-7.5,1,0,1,0,1
39,49,42,57,56,45,50.5,42,57,-1.5,3,0,0,0,0
40,36,37,38,30,29,33.5,29,38,2.5,3,0,0,0,0
41,49,50,59,60,44,54.5,44,60,-5.5,2,0,0,0,1
42,54,70,59,68,61,64.5,59,70,-10.5,1,1,0,1,1
43,50,40,47,51,56,49,40,56,1,3,0,0,0,0
44,74,50,70,80,66,68,50,80,6,4,0,0,0,0
45,41,59,60,51,41,55,41,60,-14,1,0,1,0,1
46,43,31,37,39,39,38,31,39,5,5,0,0,0,0
47,45,45,64,50,44,47.5,44,64,-2.5,2,0,0,0,0
48,31,36,39,33,28,34.5,28,39,-3.5,2,0,0,0,1
49,53,50,54,60,49,52,49,60,1,3,0,0,0,0
50,61,64,74,62,68,66,62,74,-5,1,1,0,1,1
51,41,47,59,53,53,53,47,59,-12,1,1,0,1,1
52,59,65,77,68,64,66.5,64,77,-7.5,1,1,0,1,1
53,49,53,60,45,52,52.5,45,60,-3.5,2,0,0,0,1
54,25,35,41,41,35,38,35,41,-13,1,1,0,1,1
55,43,41,56,43,58,49.5,41,58,-6.5,2,0,0,0,0
56,30,31,42,37,32,34.5,31,42,-4.5,1,1,0,1,1
57,40,57,51,61,45,54,45,61,-14,1,1,0,1,1
58,52,66,63,63,61,63,61,66,-11,1,1,0,1,1
59,45,42,57,49,56,52.5,42,57,-7.5,2,0,0,0,1
60,61,64,77,71,65,68,64,77,-7,1,1,0,1,1
61,45,58,45,59,38,51.5,38,59,-6.5,2,0,0,0,0
62,40,31,44,30,33,32,30,44,8,4,0,0,0,0
63,41,39,57,49,46,47.5,39,57,-6.5,2,0,0,0,1
64,28,45,38,28,24,33,24,45,-5,2,0,0,0,0
65,45,44,48,51,51,49.5,44,51,-4.5,2,0,0,0,1
66,62,55,62,66,50,58.5,50,66,3.5,3,0,0,0,0
67,47,48,56,50,52,51,48,56,-4,1,1,0,1,1
68,64,48,76,70,69,69.5,48,76,-5.5,2,0,0,0,1
69,42,59,48,63,46,53.5,46,63,-11.5,1,1,0,1,1
70,45,27,34,42,30,32,27,42,13,5,0,0,0,0
71,50,41,56,42,49,45.5,41,56,4.5,4,0,0,0,0
72,33,44,41,38,33,39.5,33,44,-6.5,1,0,1,0,1
73,40,48,47,56,48,48,47,56,-8,1,1,0,1,1
74,60,59,67,76,68,67.5,59,76,-7.5,2,0,0,0,1
75,43,50,48,60,46,49,46,60,-6,1,1,0,1,1
76,71,60,92,71,66,68.5,60,92,2.5,3,0,0,0,0
77,35,46,53,46,55,49.5,46,55,-14.5,1,1,0,1,1
78,33,34,27,36,45,35,27,45,-2,2,0,0,0,1
79,46,42,56,54,38,48,38,56,-2,3,0,0,0,0
80,25,42,39,29,31,35,29,42,-10,1,1,0,1,1
81,41,49,50,59,45,49.5,45,59,-8.5,1,1,0,1,1
82,52,75,69,72,72,72,69,75,-20,1,1,0,1,1
83,42,36,61,48,53,50.5,36,61,-8.5,2,0,0,0,1
84,66,60,71,68,70,69,60,71,-3,2,0,0,0,1
85,50,56,64,57,48,56.5,48,64,-6.5,2,0,0,0,1
86,32,36,38,35,44,37,35,44,-5,1,1,0,1,1
87,51,35,59,56,48,52,35,59,-1,3,0,0,0,0
88,32,30,29,38,16,29.5,16,38,2.5,4,0,0,0,0
89,44,55,55,50,50,52.5,50,55,-8.5,1,1,0,1,1
90,69,76,65,72,66,69,65,76,0,3,0,0,0,0
91,48,36,55,46,54,50,36,55,-2,3,0,0,0,0
92,63,45,74,68,60,64,45,74,-1,3,0,0,0,0
93,49,53,41,53,48,50.5,41,53,-1.5,3,0,0,0,0
94,46,25,53,43,37,40,25,53,6,4,0,0,0,0
95,46,40,64,51,61,56,40,64,-10,2,0,0,0,1
96,30,40,31,39,35,37,31,40,-7,1,1,0,1,1
97,47,47,51,64,49,50,47,64,-3,1,0,1,0,1
98,66,71,72,60,58,65.5,58,72,0.5,3,0,0,0,0
99,38,53,60,48,50,51.5,48,60,-13.5,1,1,0,1,1
100,61,64,61,63,75,63.5,61,75,-2.5,1,0,1,0,1
101,38,51,57,63,47,54,47,63,-16,1,1,0,1,1
102,34,30,38,37,31,34,30,38,0,3,0,0,0,0
103,37,43,57,51,46,48.5,43,57,-11.5,1,1,0,1,1
104,30,37,43,30,34,35.5,30,43,-5.5,1,0,1,0,1
105,41,52,44,47,47,47,44,52,-6,1,1,0,1,1
106,63,69,70,56,53,62.5,53,70,0.5,3,0,0,0,0
107,54,37,61,48,47,47.5,37,61,6.5,4,0,0,0,0
108,55,63,75,69,71,70,63,75,-15,1,1,0,1,1
109,43,50,55,51,46,50.5,46,55,-7.5,1,1,0,1,1
110,24,34,47,41,39,40,34,47,-16,1,1,0,1,1
111,49,41,48,59,62,53.5,41,62,-4.5,3,0,0,0,0
112,38,37,37,30,28,33.5,28,37,4.5,5,0,0,0,0
113,44,44,50,51,45,47.5,44,51,-3.5,1,0,1,0,1
114,65,69,72,61,73,70.5,61,73,-5.5,2,0,0,0,1
115,40,32,47,59,44,45.5,32,59,-5.5,2,0,0,0,1
116,63,67,76,79,67,71.5,67,79,-8.5,1,1,0,1,1
117,42,60,48,60,48,54,48,60,-12,1,1,0,1,1
118,37,28,40,37,34,35.5,28,40,1.5,3,0,0,0,0
119,50,44,62,55,56,55.5,44,62,-5.5,2,0,0,0,1
120,28,37,33,34,34,34,33,37,-6,1,1,0,1,1
121,51,56,51,55,37,53,37,56,-2,2,0,0,0,0
122,62,64,74,70,66,68,64,74,-6,1,1,0,1,1
123,42,40,47,53,70,50,40,70,-8,2,0,0,0,1
124,65,54,62,79,72,67,54,79,-2,3,0,0,0,0
125,46,61,66,49,42,55,42,66,-9,2,0,0,0,1
126,27,32,46,34,38,36,32,46,-9,1,1,0,1,1
127,47,53,46,60,53,53,46,60,-6,2,0,0,0,1
128,27,41,40,38,34,39,34,41,-12,1,1,0,1,1
