h,k,n,backend_a_T,backend_b_T,active_pairs,pointwise_equal
-720,-128,236386824842,30,30,407,1
-720,-127,236415052811,51,51,407,1
-720,-126,236443280780,62,62,407,1
-720,-125,236471508749,42,42,407,1
-720,-124,236499736718,61,61,407,1
-720,-123,236527964687,62,62,407,1
-720,-122,236556192656,29,29,407,1
-720,-121,236584420625,38,38,407,1
-720,-120,236612648594,41,41,407,1
-720,-119,236640876563,49,49,407,1
-720,-118,236669104532,66,66,407,1
-720,-117,236697332501,44,44,407,1
-720,-116,236725560470,60,60,407,1
-720,-115,236753788439,53,53,407,1
-720,-114,236782016408,30,30,407,1
-720,-113,236810244377,33,33,407,1
-720,-112,236838472346,39,39,407,1
-720,-111,236866700315,57,57,407,1
-720,-110,236894928284,78,78,407,1
-720,-109,236923156253,41,41,407,1
-720,-108,236951384222,69,69,407,1
-720,-107,236979612191,50,50,407,1
-720,-106,237007840160,25,25,407,1
-720,-105,237036068129,42,42,407,1
-720,-104,237064296098,28,28,407,1
-720,-103,237092524067,62,62,407,1
-720,-102,237120752036,67,67,407,1
-720,-101,237148980005,34,34,407,1
-720,-100,237177207974,60,60,407,1
-720,-99,237205435943,63,63,407,1
-720,-98,237233663912,35,35,407,1
-720,-97,237261891881,40,40,407,1
-720,-96,237290119850,48,48,407,1
-720,-95,237318347819,44,44,407,1
-720,-94,237346575788,67,67,407,1
-720,-93,237374803757,50,50,407,1
-720,-92,237403031726,58,58,407,1
-720,-91,237431259695,54,54,407,1
-720,-90,237459487664,32,32,407,1
-720,-89,237487715633,44,44,407,1
-720,-88,237515943602,31,31,407,1
-720,-87,237544171571,46,46,407,1
-720,-86,237572399540,60,60,407,1
-720,-85,237600627509,33,33,407,1
-720,-84,237628855478,68,68,407,1
-720,-83,237657083447,53,53,407,1
-720,-82,237685311416,24,24,407,1
-720,-81,237713539385,46,46,407,1
-720,-80,237741767354,43,43,407,1
-720,-79,237769995323,53,53,407,1
-720,-78,237798223292,67,67,407,1
-720,-77,237826451261,45,45,407,1
-720,-76,237854679230,58,58,407,1
-720,-75,237882907199,54,54,407,1
-720,-74,237911135168,27,27,407,1
-720,-73,237939363137,41,41,407,1
-720,-72,237967591106,34,34,407,1
-720,-71,237995819075,54,54,407,1
-720,-70,238024047044,61,61,407,1
-720,-69,238052275013,42,42,407,1
-720,-68,238080502982,60,60,407,1
-720,-67,238108730951,55,55,407,1
-720,-66,238136958920,33,33,407,1
-720,-65,238165186889,37,37,407,1
-720,-64,238193414858,37,37,407,1
-720,-63,238221642827,53,53,407,1
-720,-62,238249870796,69,69,407,1
-720,-61,238278098765,39,39,407,1
-720,-60,238306326734,68,68,407,1
-720,-59,238334554703,51,51,407,1
-720,-58,238362782672,32,32,407,1
-720,-57,238391010641,46,46,407,1
-720,-56,238419238610,26,26,407,1
-720,-55,238447466579,48,48,407,1
-720,-54,238475694548,64,64,407,1
-720,-53,238503922517,44,44,407,1
-720,-52,238532150486,66,66,407,1
-720,-51,238560378455,60,60,407,1
-720,-50,238588606424,26,26,407,1
-720,-49,238616834393,55,55,407,1
-720,-48,238645062362,26,26,407,1
-720,-47,238673290331,49,49,407,1
-720,-46,238701518300,57,57,407,1
-720,-45,238729746269,46,46,407,1
-720,-44,238757974238,62,62,407,1
-720,-43,238786202207,44,44,407,1
-720,-42,238814430176,33,33,407,1
-720,-41,238842658145,38,38,407,1
-720,-40,238870886114,37,37,407,1
-720,-39,238899114083,45,45,407,1
-720,-38,238927342052,70,70,407,1
-720,-37,238955570021,43,43,407,1
-720,-36,238983797990,59,59,407,1
-720,-35,239012025959,51,51,407,1
-720,-34,239040253928,19,19,407,1
-720,-33,239068481897,46,46,407,1
-720,-32,239096709866,35,35,407,1
-720,-31,239124937835,47,47,407,1
-720,-30,239153165804,69,69,407,1
-720,-29,239181393773,36,36,407,1
-720,-28,239209621742,59,59,407,1
-720,-27,239237849711,52,52,407,1
-720,-26,239266077680,30,30,407,1
-720,-25,239294305649,47,47,407,1
-720,-24,239322533618,41,41,407,1
-720,-23,239350761587,50,50,407,1
-720,-22,239378989556,68,68,407,1
-720,-21,239407217525,42,42,407,1
-720,-20,239435445494,72,72,407,1
-720,-19,239463673463,44,44,407,1
-720,-18,239491901432,40,40,407,1
-720,-17,239520129401,42,42,407,1
-720,-16,239548357370,35,35,407,1
-720,-15,239576585339,47,47,407,1
-720,-14,239604813308,71,71,407,1
-720,-13,239633041277,44,44,407,1
-720,-12,239661269246,68,68,407,1
-720,-11,239689497215,44,44,407,1
-720,-10,239717725184,25,25,407,1
-720,-9,239745953153,49,49,407,1
-720,-8,239774181122,47,47,407,1
-720,-7,239802409091,54,54,407,1
-720,-6,239830637060,69,69,407,1
-720,-5,239858865029,43,43,407,1
-720,-4,239887092998,59,59,407,1
-720,-3,239915320967,55,55,407,1
-720,-2,239943548936,27,27,407,1
-720,-1,239971776905,38,38,407,1
-720,0,240000004874,39,39,407,1
-720,1,240028232843,50,50,407,1
-720,2,240056460812,66,66,407,1
-720,3,240084688781,39,39,407,1
-720,4,240112916750,63,63,407,1
-720,5,240141144719,41,41,407,1
-720,6,240169372688,30,30,407,1
-720,7,240197600657,38,38,407,1
-720,8,240225828626,37,37,407,1
-720,9,240254056595,54,54,407,1
-720,10,240282284564,71,71,407,1
-720,11,240310512533,35,35,407,1
-720,12,240338740502,64,64,407,1
-720,13,240366968471,50,50,407,1
-720,14,240395196440,26,26,407,1
-720,15,240423424409,43,43,407,1
-720,16,240451652378,34,34,407,1
-720,17,240479880347,49,49,407,1
-720,18,240508108316,73,73,407,1
-720,19,240536336285,41,41,407,1
-720,20,240564564254,65,65,407,1
-720,21,240592792223,51,51,407,1
-720,22,240621020192,31,31,407,1
-720,23,240649248161,42,42,407,1
-720,24,240677476130,44,44,407,1
-720,25,240705704099,46,46,407,1
-720,26,240733932068,69,69,407,1
-720,27,240762160037,49,49,407,1
-720,28,240790388006,58,58,407,1
-720,29,240818615975,55,55,407,1
-720,30,240846843944,35,35,407,1
-720,31,240875071913,39,39,407,1
-720,32,240903299882,48,48,407,1
-720,33,240931527851,60,60,407,1
-720,34,240959755820,65,65,407,1
-720,35,240987983789,39,39,407,1
-720,36,241016211758,60,60,407,1
-720,37,241044439727,46,46,407,1
-720,38,241072667696,29,29,407,1
-720,39,241100895665,42,42,407,1
-720,40,241129123634,37,37,407,1
-720,41,241157351603,50,50,407,1
-720,42,241185579572,70,70,407,1
-720,43,241213807541,40,40,407,1
-720,44,241242035510,50,50,407,1
-720,45,241270263479,59,59,407,1
-720,46,241298491448,31,31,407,1
-720,47,241326719417,45,45,407,1
-720,48,241354947386,36,36,407,1
-720,49,241383175355,50,50,407,1
-720,50,241411403324,64,64,407,1
-720,51,241439631293,47,47,407,1
-720,52,241467859262,65,65,407,1
-720,53,241496087231,53,53,407,1
-720,54,241524315200,35,35,407,1
-720,55,241552543169,41,41,407,1
-720,56,241580771138,31,31,407,1
-720,57,241608999107,57,57,407,1
-720,58,241637227076,66,66,407,1
-720,59,241665455045,42,42,407,1
-720,60,241693683014,64,64,407,1
-720,61,241721910983,58,58,407,1
-720,62,241750138952,31,31,407,1
-720,63,241778366921,39,39,407,1
-720,64,241806594890,45,45,407,1
-720,65,241834822859,44,44,407,1
-720,66,241863050828,55,55,407,1
-720,67,241891278797,48,48,407,1
-720,68,241919506766,48,48,407,1
-720,69,241947734735,59,59,407,1
-720,70,241975962704,27,27,407,1
-720,71,242004190673,41,41,407,1
-720,72,242032418642,44,44,407,1
-720,73,242060646611,48,48,407,1
-720,74,242088874580,59,59,407,1
-720,75,242117102549,50,50,407,1
-720,76,242145330518,60,60,407,1
-720,77,242173558487,46,46,407,1
-720,78,242201786456,34,34,407,1
-720,79,242230014425,42,42,407,1
-720,80,242258242394,42,42,407,1
-720,81,242286470363,49,49,407,1
-720,82,242314698332,75,75,407,1
-720,83,242342926301,36,36,407,1
-720,84,242371154270,60,60,407,1
-720,85,242399382239,56,56,407,1
-720,86,242427610208,36,36,407,1
-720,87,242455838177,35,35,407,1
-720,88,242484066146,30,30,407,1
-720,89,242512294115,55,55,407,1
-720,90,242540522084,76,76,407,1
-720,91,242568750053,36,36,407,1
-720,92,242596978022,45,45,407,1
-720,93,242625205991,53,53,407,1
-720,94,242653433960,25,25,407,1
-720,95,242681661929,40,40,407,1
-720,96,242709889898,40,40,407,1
-720,97,242738117867,47,47,407,1
-720,98,242766345836,71,71,407,1
-720,99,242794573805,53,53,407,1
-720,100,242822801774,64,64,407,1
-720,101,242851029743,51,51,407,1
-720,102,242879257712,30,30,407,1
-720,103,242907485681,43,43,407,1
-720,104,242935713650,37,37,407,1
-720,105,242963941619,52,52,407,1
-720,106,242992169588,69,69,407,1
-720,107,243020397557,37,37,407,1
-720,108,243048625526,63,63,407,1
-720,109,243076853495,50,50,407,1
-720,110,243105081464,34,34,407,1
-720,111,243133309433,41,41,407,1
-720,112,243161537402,37,37,407,1
-720,113,243189765371,44,44,407,1
-720,114,243217993340,69,69,407,1
-720,115,243246221309,32,32,407,1
-720,116,243274449278,67,67,407,1
-720,117,243302677247,60,60,407,1
-720,118,243330905216,28,28,407,1
-720,119,243359133185,44,44,407,1
-720,120,243387361154,37,37,407,1
-720,121,243415589123,56,56,407,1
-720,122,243443817092,64,64,407,1
-720,123,243472045061,40,40,407,1
-720,124,243500273030,54,54,407,1
-720,125,243528500999,61,61,407,1
-720,126,243556728968,32,32,407,1
-720,127,243584956937,53,53,407,1
-720,128,243613184906,41,41,407,1
-360,-128,236386825202,35,35,407,1
-360,-127,236415053171,56,56,407,1
-360,-126,236443281140,71,71,407,1
-360,-125,236471509109,55,55,407,1
-360,-124,236499737078,71,71,407,1
-360,-123,236527965047,46,46,407,1
-360,-122,236556193016,40,40,407,1
-360,-121,236584420985,59,59,407,1
-360,-120,236612648954,34,34,407,1
-360,-119,236640876923,46,46,407,1
-360,-118,236669104892,65,65,407,1
-360,-117,236697332861,57,57,407,1
-360,-116,236725560830,71,71,407,1
-360,-115,236753788799,64,64,407,1
-360,-114,236782016768,36,36,407,1
-360,-113,236810244737,64,64,407,1
-360,-112,236838472706,46,46,407,1
-360,-111,236866700675,46,46,407,1
-360,-110,236894928644,75,75,407,1
-360,-109,236923156613,61,61,407,1
-360,-108,236951384582,73,73,407,1
-360,-107,236979612551,56,56,407,1
-360,-106,237007840520,37,37,407,1
-360,-105,237036068489,46,46,407,1
-360,-104,237064296458,35,35,407,1
-360,-103,237092524427,49,49,407,1
-360,-102,237120752396,65,65,407,1
-360,-101,237148980365,56,56,407,1
-360,-100,237177208334,78,78,407,1
-360,-99,237205436303,53,53,407,1
-360,-98,237233664272,32,32,407,1
-360,-97,237261892241,65,65,407,1
-360,-96,237290120210,30,30,407,1
-360,-95,237318348179,55,55,407,1
-360,-94,237346576148,62,62,407,1
-360,-93,237374804117,52,52,407,1
-360,-92,237403032086,77,77,407,1
-360,-91,237431260055,62,62,407,1
-360,-90,237459488024,46,46,407,1
-360,-89,237487715993,53,53,407,1
-360,-88,237515943962,41,41,407,1
-360,-87,237544171931,51,51,407,1
-360,-86,237572399900,67,67,407,1
-360,-85,237600627869,63,63,407,1
-360,-84,237628855838,71,71,407,1
-360,-83,237657083807,49,49,407,1
-360,-82,237685311776,42,42,407,1
-360,-81,237713539745,58,58,407,1
-360,-80,237741767714,34,34,407,1
-360,-79,237769995683,55,55,407,1
-360,-78,237798223652,75,75,407,1
-360,-77,237826451621,58,58,407,1
-360,-76,237854679590,81,81,407,1
-360,-75,237882907559,40,40,407,1
-360,-74,237911135528,30,30,407,1
-360,-73,237939363497,64,64,407,1
-360,-72,237967591466,35,35,407,1
-360,-71,237995819435,45,45,407,1
-360,-70,238024047404,63,63,407,1
-360,-69,238052275373,52,52,407,1
-360,-68,238080503342,82,82,407,1
-360,-67,238108731311,56,56,407,1
-360,-66,238136959280,28,28,407,1
-360,-65,238165187249,63,63,407,1
-360,-64,238193415218,45,45,407,1
-360,-63,238221643187,44,44,407,1
-360,-62,238249871156,76,76,407,1
-360,-61,238278099125,53,53,407,1
-360,-60,238306327094,72,72,407,1
-360,-59,238334555063,56,56,407,1
-360,-58,238362783032,51,51,407,1
-360,-57,238391011001,54,54,407,1
-360,-56,238419238970,34,34,407,1
-360,-55,238447466939,63,63,407,1
-360,-54,238475694908,72,72,407,1
-360,-53,238503922877,54,54,407,1
-360,-52,238532150846,66,66,407,1
-360,-51,238560378815,46,46,407,1
-360,-50,238588606784,46,46,407,1
-360,-49,238616834753,52,52,407,1
-360,-48,238645062722,36,36,407,1
-360,-47,238673290691,55,55,407,1
-360,-46,238701518660,67,67,407,1
-360,-45,238729746629,63,63,407,1
-360,-44,238757974598,71,71,407,1
-360,-43,238786202567,59,59,407,1
-360,-42,238814430536,38,38,407,1
-360,-41,238842658505,51,51,407,1
-360,-40,238870886474,46,46,407,1
-360,-39,238899114443,57,57,407,1
-360,-38,238927342412,65,65,407,1
-360,-37,238955570381,58,58,407,1
-360,-36,238983798350,74,74,407,1
-360,-35,239012026319,49,49,407,1
-360,-34,239040254288,49,49,407,1
-360,-33,239068482257,54,54,407,1
-360,-32,239096710226,40,40,407,1
-360,-31,239124938195,56,56,407,1
-360,-30,239153166164,67,67,407,1
-360,-29,239181394133,51,51,407,1
-360,-28,239209622102,67,67,407,1
-360,-27,239237850071,55,55,407,1
-360,-26,239266078040,34,34,407,1
-360,-25,239294306009,59,59,407,1
-360,-24,239322533978,32,32,407,1
-360,-23,239350761947,54,54,407,1
-360,-22,239378989916,67,67,407,1
-360,-21,239407217885,45,45,407,1
-360,-20,239435445854,68,68,407,1
-360,-19,239463673823,54,54,407,1
-360,-18,239491901792,39,39,407,1
-360,-17,239520129761,47,47,407,1
-360,-16,239548357730,35,35,407,1
-360,-15,239576585699,49,49,407,1
-360,-14,239604813668,74,74,407,1
-360,-13,239633041637,63,63,407,1
-360,-12,239661269606,78,78,407,1
-360,-11,239689497575,44,44,407,1
-360,-10,239717725544,43,43,407,1
-360,-9,239745953513,54,54,407,1
-360,-8,239774181482,38,38,407,1
-360,-7,239802409451,57,57,407,1
-360,-6,239830637420,71,71,407,1
-360,-5,239858865389,67,67,407,1
-360,-4,239887093358,77,77,407,1
-360,-3,239915321327,45,45,407,1
-360,-2,239943549296,33,33,407,1
-360,-1,239971777265,54,54,407,1
-360,0,240000005234,45,45,407,1
-360,1,240028233203,55,55,407,1
-360,2,240056461172,81,81,407,1
-360,3,240084689141,50,50,407,1
-360,4,240112917110,77,77,407,1
-360,5,240141145079,48,48,407,1
-360,6,240169373048,38,38,407,1
-360,7,240197601017,54,54,407,1
-360,8,240225828986,41,41,407,1
-360,9,240254056955,46,46,407,1
-360,10,240282284924,68,68,407,1
-360,11,240310512893,63,63,407,1
-360,12,240338740862,70,70,407,1
-360,13,240366968831,56,56,407,1
-360,14,240395196800,46,46,407,1
-360,15,240423424769,62,62,407,1
-360,16,240451652738,37,37,407,1
-360,17,240479880707,55,55,407,1
-360,18,240508108676,73,73,407,1
-360,19,240536336645,50,50,407,1
-360,20,240564564614,79,79,407,1
-360,21,240592792583,48,48,407,1
-360,22,240621020552,44,44,407,1
-360,23,240649248521,62,62,407,1
-360,24,240677476490,29,29,407,1
-360,25,240705704459,40,40,407,1
-360,26,240733932428,75,75,407,1
-360,27,240762160397,60,60,407,1
-360,28,240790388366,76,76,407,1
-360,29,240818616335,52,52,407,1
-360,30,240846844304,37,37,407,1
-360,31,240875072273,59,59,407,1
-360,32,240903300242,43,43,407,1
-360,33,240931528211,49,49,407,1
-360,34,240959756180,54,54,407,1
-360,35,240987984149,58,58,407,1
-360,36,241016212118,80,80,407,1
-360,37,241044440087,53,53,407,1
-360,38,241072668056,51,51,407,1
-360,39,241100896025,57,57,407,1
-360,40,241129123994,38,38,407,1
-360,41,241157351963,59,59,407,1
-360,42,241185579932,59,59,407,1
-360,43,241213807901,47,47,407,1
-360,44,241242035870,70,70,407,1
-360,45,241270263839,60,60,407,1
-360,46,241298491808,37,37,407,1
-360,47,241326719777,64,64,407,1
-360,48,241354947746,39,39,407,1
-360,49,241383175715,54,54,407,1
-360,50,241411403684,74,74,407,1
-360,51,241439631653,59,59,407,1
-360,52,241467859622,77,77,407,1
-360,53,241496087591,60,60,407,1
-360,54,241524315560,41,41,407,1
-360,55,241552543529,56,56,407,1
-360,56,241580771498,42,42,407,1
-360,57,241608999467,51,51,407,1
-360,58,241637227436,63,63,407,1
-360,59,241665455405,57,57,407,1
-360,60,241693683374,77,77,407,1
-360,61,241721911343,45,45,407,1
-360,62,241750139312,44,44,407,1
-360,63,241778367281,57,57,407,1
-360,64,241806595250,38,38,407,1
-360,65,241834823219,48,48,407,1
-360,66,241863051188,62,62,407,1
-360,67,241891279157,56,56,407,1
-360,68,241919507126,76,76,407,1
-360,69,241947735095,48,48,407,1
-360,70,241975963064,34,34,407,1
-360,71,242004191033,56,56,407,1
-360,72,242032419002,41,41,407,1
-360,73,242060646971,47,47,407,1
-360,74,242088874940,67,67,407,1
-360,75,242117102909,48,48,407,1
-360,76,242145330878,92,92,407,1
-360,77,242173558847,53,53,407,1
-360,78,242201786816,27,27,407,1
-360,79,242230014785,56,56,407,1
-360,80,242258242754,39,39,407,1
-360,81,242286470723,50,50,407,1
-360,82,242314698692,69,69,407,1
-360,83,242342926661,61,61,407,1
-360,84,242371154630,71,71,407,1
-360,85,242399382599,64,64,407,1
-360,86,242427610568,38,38,407,1
-360,87,242455838537,59,59,407,1
-360,88,242484066506,29,29,407,1
-360,89,242512294475,55,55,407,1
-360,90,242540522444,65,65,407,1
-360,91,242568750413,55,55,407,1
-360,92,242596978382,74,74,407,1
-360,93,242625206351,41,41,407,1
-360,94,242653434320,53,53,407,1
-360,95,242681662289,64,64,407,1
-360,96,242709890258,31,31,407,1
-360,97,242738118227,51,51,407,1
-360,98,242766346196,72,72,407,1
-360,99,242794574165,60,60,407,1
-360,100,242822802134,61,61,407,1
-360,101,242851030103,57,57,407,1
-360,102,242879258072,38,38,407,1
-360,103,242907486041,57,57,407,1
-360,104,242935714010,43,43,407,1
-360,105,242963941979,44,44,407,1
-360,106,242992169948,70,70,407,1
-360,107,243020397917,61,61,407,1
-360,108,243048625886,75,75,407,1
-360,109,243076853855,55,55,407,1
-360,110,243105081824,47,47,407,1
-360,111,243133309793,48,48,407,1
-360,112,243161537762,37,37,407,1
-360,113,243189765731,50,50,407,1
-360,114,243217993700,72,72,407,1
-360,115,243246221669,47,47,407,1
-360,116,243274449638,76,76,407,1
-360,117,243302677607,48,48,407,1
-360,118,243330905576,40,40,407,1
-360,119,243359133545,62,62,407,1
-360,120,243387361514,33,33,407,1
-360,121,243415589483,51,51,407,1
-360,122,243443817452,74,74,407,1
-360,123,243472045421,47,47,407,1
-360,124,243500273390,62,62,407,1
-360,125,243528501359,66,66,407,1
-360,126,243556729328,46,46,407,1
-360,127,243584957297,46,46,407,1
-360,128,243613185266,40,40,407,1
0,-128,236386825562,30,30,407,1
0,-127,236415053531,59,59,407,1
0,-126,236443281500,65,65,407,1
0,-125,236471509469,52,52,407,1
0,-124,236499737438,59,59,407,1
0,-123,236527965407,42,42,407,1
0,-122,236556193376,38,38,407,1
0,-121,236584421345,44,44,407,1
0,-120,236612649314,30,30,407,1
0,-119,236640877283,39,39,407,1
0,-118,236669105252,63,63,407,1
0,-117,236697333221,43,43,407,1
0,-116,236725561190,64,64,407,1
0,-115,236753789159,41,41,407,1
0,-114,236782017128,32,32,407,1
0,-113,236810245097,56,56,407,1
0,-112,236838473066,32,32,407,1
0,-111,236866701035,46,46,407,1
0,-110,236894929004,66,66,407,1
0,-109,236923156973,52,52,407,1
0,-108,236951384942,60,60,407,1
0,-107,236979612911,42,42,407,1
0,-106,237007840880,33,33,407,1
0,-105,237036068849,46,46,407,1
0,-104,237064296818,38,38,407,1
0,-103,237092524787,50,50,407,1
0,-102,237120752756,62,62,407,1
0,-101,237148980725,51,51,407,1
0,-100,237177208694,74,74,407,1
0,-99,237205436663,42,42,407,1
0,-98,237233664632,39,39,407,1
0,-97,237261892601,45,45,407,1
0,-96,237290120570,22,22,407,1
0,-95,237318348539,50,50,407,1
0,-94,237346576508,55,55,407,1
0,-93,237374804477,36,36,407,1
0,-92,237403032446,69,69,407,1
0,-91,237431260415,44,44,407,1
0,-90,237459488384,31,31,407,1
0,-89,237487716353,54,54,407,1
0,-88,237515944322,25,25,407,1
0,-87,237544172291,47,47,407,1
0,-86,237572400260,60,60,407,1
0,-85,237600628229,48,48,407,1
0,-84,237628856198,75,75,407,1
0,-83,237657084167,46,46,407,1
0,-82,237685312136,38,38,407,1
0,-81,237713540105,47,47,407,1
0,-80,237741768074,27,27,407,1
0,-79,237769996043,48,48,407,1
0,-78,237798224012,51,51,407,1
0,-77,237826451981,54,54,407,1
0,-76,237854679950,70,70,407,1
0,-75,237882907919,43,43,407,1
0,-74,237911135888,35,35,407,1
0,-73,237939363857,46,46,407,1
0,-72,237967591826,30,30,407,1
0,-71,237995819795,50,50,407,1
0,-70,238024047764,56,56,407,1
0,-69,238052275733,58,58,407,1
0,-68,238080503702,62,62,407,1
0,-67,238108731671,49,49,407,1
0,-66,238136959640,33,33,407,1
0,-65,238165187609,55,55,407,1
0,-64,238193415578,32,32,407,1
0,-63,238221643547,46,46,407,1
0,-62,238249871516,67,67,407,1
0,-61,238278099485,44,44,407,1
0,-60,238306327454,62,62,407,1
0,-59,238334555423,45,45,407,1
0,-58,238362783392,27,27,407,1
0,-57,238391011361,48,48,407,1
0,-56,238419239330,37,37,407,1
0,-55,238447467299,48,48,407,1
0,-54,238475695268,62,62,407,1
0,-53,238503923237,43,43,407,1
0,-52,238532151206,57,57,407,1
0,-51,238560379175,47,47,407,1
0,-50,238588607144,31,31,407,1
0,-49,238616835113,48,48,407,1
0,-48,238645063082,27,27,407,1
0,-47,238673291051,44,44,407,1
0,-46,238701519020,60,60,407,1
0,-45,238729746989,51,51,407,1
0,-44,238757974958,63,63,407,1
0,-43,238786202927,42,42,407,1
0,-42,238814430896,32,32,407,1
0,-41,238842658865,50,50,407,1
0,-40,238870886834,23,23,407,1
0,-39,238899114803,33,33,407,1
0,-38,238927342772,62,62,407,1
0,-37,238955570741,55,55,407,1
0,-36,238983798710,71,71,407,1
0,-35,239012026679,51,51,407,1
0,-34,239040254648,33,33,407,1
0,-33,239068482617,49,49,407,1
0,-32,239096710586,27,27,407,1
0,-31,239124938555,43,43,407,1
0,-30,239153166524,51,51,407,1
0,-29,239181394493,54,54,407,1
0,-28,239209622462,56,56,407,1
0,-27,239237850431,44,44,407,1
0,-26,239266078400,37,37,407,1
0,-25,239294306369,44,44,407,1
0,-24,239322534338,35,35,407,1
0,-23,239350762307,47,47,407,1
0,-22,239378990276,65,65,407,1
0,-21,239407218245,50,50,407,1
0,-20,239435446214,72,72,407,1
0,-19,239463674183,48,48,407,1
0,-18,239491902152,29,29,407,1
0,-17,239520130121,46,46,407,1
0,-16,239548358090,25,25,407,1
0,-15,239576586059,50,50,407,1
0,-14,239604814028,57,57,407,1
0,-13,239633041997,49,49,407,1
0,-12,239661269966,59,59,407,1
0,-11,239689497935,39,39,407,1
0,-10,239717725904,41,41,407,1
0,-9,239745953873,40,40,407,1
0,-8,239774181842,32,32,407,1
0,-7,239802409811,46,46,407,1
0,-6,239830637780,65,65,407,1
0,-5,239858865749,61,61,407,1
0,-4,239887093718,67,67,407,1
0,-3,239915321687,43,43,407,1
0,-2,239943549656,32,32,407,1
0,-1,239971777625,43,43,407,1
0,0,240000005594,16,16,407,1
0,1,240028233563,49,49,407,1
0,2,240056461532,71,71,407,1
0,3,240084689501,49,49,407,1
0,4,240112917470,72,72,407,1
0,5,240141145439,42,42,407,1
0,6,240169373408,33,33,407,1
0,7,240197601377,46,46,407,1
0,8,240225829346,24,24,407,1
0,9,240254057315,58,58,407,1
0,10,240282285284,64,64,407,1
0,11,240310513253,47,47,407,1
0,12,240338741222,65,65,407,1
0,13,240366969191,47,47,407,1
0,14,240395197160,31,31,407,1
0,15,240423425129,36,36,407,1
0,16,240451653098,27,27,407,1
0,17,240479881067,47,47,407,1
0,18,240508109036,59,59,407,1
0,19,240536337005,46,46,407,1
0,20,240564564974,67,67,407,1
0,21,240592792943,36,36,407,1
0,22,240621020912,30,30,407,1
0,23,240649248881,45,45,407,1
0,24,240677476850,29,29,407,1
0,25,240705704819,44,44,407,1
0,26,240733932788,62,62,407,1
0,27,240762160757,43,43,407,1
0,28,240790388726,67,67,407,1
0,29,240818616695,42,42,407,1
0,30,240846844664,45,45,407,1
0,31,240875072633,49,49,407,1
0,32,240903300602,25,25,407,1
0,33,240931528571,44,44,407,1
0,34,240959756540,60,60,407,1
0,35,240987984509,41,41,407,1
0,36,241016212478,65,65,407,1
0,37,241044440447,52,52,407,1
0,38,241072668416,24,24,407,1
0,39,241100896385,49,49,407,1
0,40,241129124354,36,36,407,1
0,41,241157352323,49,49,407,1
0,42,241185580292,54,54,407,1
0,43,241213808261,50,50,407,1
0,44,241242036230,74,74,407,1
0,45,241270264199,41,41,407,1
0,46,241298492168,43,43,407,1
0,47,241326720137,45,45,407,1
0,48,241354948106,31,31,407,1
0,49,241383176075,53,53,407,1
0,50,241411404044,61,61,407,1
0,51,241439632013,41,41,407,1
0,52,241467859982,59,59,407,1
0,53,241496087951,49,49,407,1
0,54,241524315920,25,25,407,1
0,55,241552543889,43,43,407,1
0,56,241580771858,30,30,407,1
0,57,241608999827,40,40,407,1
0,58,241637227796,52,52,407,1
0,59,241665455765,45,45,407,1
0,60,241693683734,61,61,407,1
0,61,241721911703,45,45,407,1
0,62,241750139672,40,40,407,1
0,63,241778367641,41,41,407,1
0,64,241806595610,28,28,407,1
0,65,241834823579,45,45,407,1
0,66,241863051548,62,62,407,1
0,67,241891279517,47,47,407,1
0,68,241919507486,64,64,407,1
0,69,241947735455,42,42,407,1
0,70,241975963424,45,45,407,1
0,71,242004191393,50,50,407,1
0,72,242032419362,33,33,407,1
0,73,242060647331,40,40,407,1
0,74,242088875300,60,60,407,1
0,75,242117103269,43,43,407,1
0,76,242145331238,71,71,407,1
0,77,242173559207,35,35,407,1
0,78,242201787176,33,33,407,1
0,79,242230015145,46,46,407,1
0,80,242258243114,25,25,407,1
0,81,242286471083,41,41,407,1
0,82,242314699052,52,52,407,1
0,83,242342927021,42,42,407,1
0,84,242371154990,66,66,407,1
0,85,242399382959,50,50,407,1
0,86,242427610928,32,32,407,1
0,87,242455838897,51,51,407,1
0,88,242484066866,32,32,407,1
0,89,242512294835,44,44,407,1
0,90,242540522804,69,69,407,1
0,91,242568750773,48,48,407,1
0,92,242596978742,63,63,407,1
0,93,242625206711,49,49,407,1
0,94,242653434680,46,46,407,1
0,95,242681662649,46,46,407,1
0,96,242709890618,30,30,407,1
0,97,242738118587,47,47,407,1
0,98,242766346556,66,66,407,1
0,99,242794574525,38,38,407,1
0,100,242822802494,61,61,407,1
0,101,242851030463,38,38,407,1
0,102,242879258432,34,34,407,1
0,103,242907486401,37,37,407,1
0,104,242935714370,30,30,407,1
0,105,242963942339,41,41,407,1
0,106,242992170308,63,63,407,1
0,107,243020398277,54,54,407,1
0,108,243048626246,55,55,407,1
0,109,243076854215,43,43,407,1
0,110,243105082184,24,24,407,1
0,111,243133310153,49,49,407,1
0,112,243161538122,38,38,407,1
0,113,243189766091,44,44,407,1
0,114,243217994060,65,65,407,1
0,115,243246222029,40,40,407,1
0,116,243274449998,63,63,407,1
0,117,243302677967,42,42,407,1
0,118,243330905936,37,37,407,1
0,119,243359133905,50,50,407,1
0,120,243387361874,28,28,407,1
0,121,243415589843,51,51,407,1
0,122,243443817812,62,62,407,1
0,123,243472045781,42,42,407,1
0,124,243500273750,65,65,407,1
0,125,243528501719,46,46,407,1
0,126,243556729688,27,27,407,1
0,127,243584957657,47,47,407,1
0,128,243613185626,27,27,407,1
360,-128,236386825922,34,34,407,1
360,-127,236415053891,46,46,407,1
360,-126,236443281860,76,76,407,1
360,-125,236471509829,43,43,407,1
360,-124,236499737798,77,77,407,1
360,-123,236527965767,58,58,407,1
360,-122,236556193736,31,31,407,1
360,-121,236584421705,44,44,407,1
360,-120,236612649674,33,33,407,1
360,-119,236640877643,65,65,407,1
360,-118,236669105612,63,63,407,1
360,-117,236697333581,49,49,407,1
360,-116,236725561550,76,76,407,1
360,-115,236753789519,55,55,407,1
360,-114,236782017488,44,44,407,1
360,-113,236810245457,54,54,407,1
360,-112,236838473426,30,30,407,1
360,-111,236866701395,54,54,407,1
360,-110,236894929364,74,74,407,1
360,-109,236923157333,50,50,407,1
360,-108,236951385302,68,68,407,1
360,-107,236979613271,55,55,407,1
360,-106,237007841240,44,44,407,1
360,-105,237036069209,52,52,407,1
360,-104,237064297178,37,37,407,1
360,-103,237092525147,56,56,407,1
360,-102,237120753116,74,74,407,1
360,-101,237148981085,55,55,407,1
360,-100,237177209054,63,63,407,1
360,-99,237205437023,48,48,407,1
360,-98,237233664992,34,34,407,1
360,-97,237261892961,52,52,407,1
360,-96,237290120930,42,42,407,1
360,-95,237318348899,47,47,407,1
360,-94,237346576868,68,68,407,1
360,-93,237374804837,49,49,407,1
360,-92,237403032806,70,70,407,1
360,-91,237431260775,56,56,407,1
360,-90,237459488744,34,34,407,1
360,-89,237487716713,47,47,407,1
360,-88,237515944682,40,40,407,1
360,-87,237544172651,56,56,407,1
360,-86,237572400620,71,71,407,1
360,-85,237600628589,51,51,407,1
360,-84,237628856558,77,77,407,1
360,-83,237657084527,62,62,407,1
360,-82,237685312496,41,41,407,1
360,-81,237713540465,56,56,407,1
360,-80,237741768434,34,34,407,1
360,-79,237769996403,53,53,407,1
360,-78,237798224372,57,57,407,1
360,-77,237826452341,52,52,407,1
360,-76,237854680310,60,60,407,1
360,-75,237882908279,56,56,407,1
360,-74,237911136248,35,35,407,1
360,-73,237939364217,53,53,407,1
360,-72,237967592186,44,44,407,1
360,-71,237995820155,53,53,407,1
360,-70,238024048124,71,71,407,1
360,-69,238052276093,48,48,407,1
360,-68,238080504062,76,76,407,1
360,-67,238108732031,45,45,407,1
360,-66,238136960000,39,39,407,1
360,-65,238165187969,50,50,407,1
360,-64,238193415938,27,27,407,1
360,-63,238221643907,65,65,407,1
360,-62,238249871876,69,69,407,1
360,-61,238278099845,40,40,407,1
360,-60,238306327814,77,77,407,1
360,-59,238334555783,59,59,407,1
360,-58,238362783752,32,32,407,1
360,-57,238391011721,56,56,407,1
360,-56,238419239690,35,35,407,1
360,-55,238447467659,45,45,407,1
360,-54,238475695628,72,72,407,1
360,-53,238503923597,47,47,407,1
360,-52,238532151566,75,75,407,1
360,-51,238560379535,51,51,407,1
360,-50,238588607504,39,39,407,1
360,-49,238616835473,47,47,407,1
360,-48,238645063442,34,34,407,1
360,-47,238673291411,47,47,407,1
360,-46,238701519380,59,59,407,1
360,-45,238729747349,53,53,407,1
360,-44,238757975318,80,80,407,1
360,-43,238786203287,46,46,407,1
360,-42,238814431256,43,43,407,1
360,-41,238842659225,47,47,407,1
360,-40,238870887194,33,33,407,1
360,-39,238899115163,53,53,407,1
360,-38,238927343132,71,71,407,1
360,-37,238955571101,57,57,407,1
360,-36,238983799070,72,72,407,1
360,-35,239012027039,53,53,407,1
360,-34,239040255008,38,38,407,1
360,-33,239068482977,54,54,407,1
360,-32,239096710946,24,24,407,1
360,-31,239124938915,40,40,407,1
360,-30,239153166884,69,69,407,1
360,-29,239181394853,52,52,407,1
360,-28,239209622822,58,58,407,1
360,-27,239237850791,62,62,407,1
360,-26,239266078760,31,31,407,1
360,-25,239294306729,54,54,407,1
360,-24,239322534698,35,35,407,1
360,-23,239350762667,52,52,407,1
360,-22,239378990636,72,72,407,1
360,-21,239407218605,48,48,407,1
360,-20,239435446574,65,65,407,1
360,-19,239463674543,53,53,407,1
360,-18,239491902512,44,44,407,1
360,-17,239520130481,47,47,407,1
360,-16,239548358450,26,26,407,1
360,-15,239576586419,52,52,407,1
360,-14,239604814388,65,65,407,1
360,-13,239633042357,45,45,407,1
360,-12,239661270326,68,68,407,1
360,-11,239689498295,61,61,407,1
360,-10,239717726264,28,28,407,1
360,-9,239745954233,57,57,407,1
360,-8,239774182202,35,35,407,1
360,-7,239802410171,56,56,407,1
360,-6,239830638140,69,69,407,1
360,-5,239858866109,50,50,407,1
360,-4,239887094078,70,70,407,1
360,-3,239915322047,53,53,407,1
360,-2,239943550016,40,40,407,1
360,-1,239971777985,51,51,407,1
360,0,240000005954,39,39,407,1
360,1,240028233923,56,56,407,1
360,2,240056461892,77,77,407,1
360,3,240084689861,52,52,407,1
360,4,240112917830,79,79,407,1
360,5,240141145799,49,49,407,1
360,6,240169373768,39,39,407,1
360,7,240197601737,44,44,407,1
360,8,240225829706,27,27,407,1
360,9,240254057675,62,62,407,1
360,10,240282285644,76,76,407,1
360,11,240310513613,49,49,407,1
360,12,240338741582,75,75,407,1
360,13,240366969551,50,50,407,1
360,14,240395197520,32,32,407,1
360,15,240423425489,47,47,407,1
360,16,240451653458,39,39,407,1
360,17,240479881427,54,54,407,1
360,18,240508109396,73,73,407,1
360,19,240536337365,49,49,407,1
360,20,240564565334,75,75,407,1
360,21,240592793303,52,52,407,1
360,22,240621021272,30,30,407,1
360,23,240649249241,52,52,407,1
360,24,240677477210,37,37,407,1
360,25,240705705179,59,59,407,1
360,26,240733933148,65,65,407,1
360,27,240762161117,60,60,407,1
360,28,240790389086,81,81,407,1
360,29,240818617055,56,56,407,1
360,30,240846845024,32,32,407,1
360,31,240875072993,40,40,407,1
360,32,240903300962,25,25,407,1
360,33,240931528931,59,59,407,1
360,34,240959756900,72,72,407,1
360,35,240987984869,48,48,407,1
360,36,241016212838,76,76,407,1
360,37,241044440807,51,51,407,1
360,38,241072668776,24,24,407,1
360,39,241100896745,56,56,407,1
360,40,241129124714,30,30,407,1
360,41,241157352683,60,60,407,1
360,42,241185580652,68,68,407,1
360,43,241213808621,51,51,407,1
360,44,241242036590,80,80,407,1
360,45,241270264559,51,51,407,1
360,46,241298492528,39,39,407,1
360,47,241326720497,50,50,407,1
360,48,241354948466,33,33,407,1
360,49,241383176435,60,60,407,1
360,50,241411404404,62,62,407,1
360,51,241439632373,53,53,407,1
360,52,241467860342,68,68,407,1
360,53,241496088311,45,45,407,1
360,54,241524316280,41,41,407,1
360,55,241552544249,43,43,407,1
360,56,241580772218,37,37,407,1
360,57,241609000187,61,61,407,1
360,58,241637228156,63,63,407,1
360,59,241665456125,49,49,407,1
360,60,241693684094,71,71,407,1
360,61,241721912063,59,59,407,1
360,62,241750140032,30,30,407,1
360,63,241778368001,49,49,407,1
360,64,241806595970,28,28,407,1
360,65,241834823939,51,51,407,1
360,66,241863051908,66,66,407,1
360,67,241891279877,50,50,407,1
360,68,241919507846,70,70,407,1
360,69,241947735815,63,63,407,1
360,70,241975963784,42,42,407,1
360,71,242004191753,42,42,407,1
360,72,242032419722,38,38,407,1
360,73,242060647691,56,56,407,1
360,74,242088875660,76,76,407,1
360,75,242117103629,60,60,407,1
360,76,242145331598,71,71,407,1
360,77,242173559567,46,46,407,1
360,78,242201787536,36,36,407,1
360,79,242230015505,54,54,407,1
360,80,242258243474,29,29,407,1
360,81,242286471443,59,59,407,1
360,82,242314699412,72,72,407,1
360,83,242342927381,48,48,407,1
360,84,242371155350,68,68,407,1
360,85,242399383319,57,57,407,1
360,86,242427611288,35,35,407,1
360,87,242455839257,56,56,407,1
360,88,242484067226,38,38,407,1
360,89,242512295195,50,50,407,1
360,90,242540523164,72,72,407,1
360,91,242568751133,46,46,407,1
360,92,242596979102,68,68,407,1
360,93,242625207071,53,53,407,1
360,94,242653435040,43,43,407,1
360,95,242681663009,51,51,407,1
360,96,242709890978,39,39,407,1
360,97,242738118947,64,64,407,1
360,98,242766346916,60,60,407,1
360,99,242794574885,48,48,407,1
360,100,242822802854,63,63,407,1
360,101,242851030823,63,63,407,1
360,102,242879258792,37,37,407,1
360,103,242907486761,51,51,407,1
360,104,242935714730,30,30,407,1
360,105,242963942699,47,47,407,1
360,106,242992170668,56,56,407,1
360,107,243020398637,48,48,407,1
360,108,243048626606,69,69,407,1
360,109,243076854575,51,51,407,1
360,110,243105082544,41,41,407,1
360,111,243133310513,59,59,407,1
360,112,243161538482,30,30,407,1
360,113,243189766451,51,51,407,1
360,114,243217994420,61,61,407,1
360,115,243246222389,59,59,407,1
360,116,243274450358,79,79,407,1
360,117,243302678327,60,60,407,1
360,118,243330906296,37,37,407,1
360,119,243359134265,55,55,407,1
360,120,243387362234,34,34,407,1
360,121,243415590203,55,55,407,1
360,122,243443818172,70,70,407,1
360,123,243472046141,53,53,407,1
360,124,243500274110,79,79,407,1
360,125,243528502079,49,49,407,1
360,126,243556730048,34,34,407,1
360,127,243584958017,60,60,407,1
360,128,243613185986,38,38,407,1
720,-128,236386826282,25,25,407,1
720,-127,236415054251,46,46,407,1
720,-126,236443282220,57,57,407,1
720,-125,236471510189,46,46,407,1
720,-124,236499738158,75,75,407,1
720,-123,236527966127,41,41,407,1
720,-122,236556194096,32,32,407,1
720,-121,236584422065,48,48,407,1
720,-120,236612650034,34,34,407,1
720,-119,236640878003,44,44,407,1
720,-118,236669105972,53,53,407,1
720,-117,236697333941,53,53,407,1
720,-116,236725561910,70,70,407,1
720,-115,236753789879,47,47,407,1
720,-114,236782017848,41,41,407,1
720,-113,236810245817,47,47,407,1
720,-112,236838473786,26,26,407,1
720,-111,236866701755,48,48,407,1
720,-110,236894929724,57,57,407,1
720,-109,236923157693,63,63,407,1
720,-108,236951385662,61,61,407,1
720,-107,236979613631,49,49,407,1
720,-106,237007841600,27,27,407,1
720,-105,237036069569,52,52,407,1
720,-104,237064297538,31,31,407,1
720,-103,237092525507,49,49,407,1
720,-102,237120753476,69,69,407,1
720,-101,237148981445,51,51,407,1
720,-100,237177209414,61,61,407,1
720,-99,237205437383,41,41,407,1
720,-98,237233665352,38,38,407,1
720,-97,237261893321,56,56,407,1
720,-96,237290121290,27,27,407,1
720,-95,237318349259,49,49,407,1
720,-94,237346577228,69,69,407,1
720,-93,237374805197,56,56,407,1
720,-92,237403033166,62,62,407,1
720,-91,237431261135,50,50,407,1
720,-90,237459489104,39,39,407,1
720,-89,237487717073,49,49,407,1
720,-88,237515945042,29,29,407,1
720,-87,237544173011,44,44,407,1
720,-86,237572400980,70,70,407,1
720,-85,237600628949,63,63,407,1
720,-84,237628856918,62,62,407,1
720,-83,237657084887,41,41,407,1
720,-82,237685312856,39,39,407,1
720,-81,237713540825,42,42,407,1
720,-80,237741768794,41,41,407,1
720,-79,237769996763,52,52,407,1
720,-78,237798224732,59,59,407,1
720,-77,237826452701,41,41,407,1
720,-76,237854680670,64,64,407,1
720,-75,237882908639,41,41,407,1
720,-74,237911136608,38,38,407,1
720,-73,237939364577,53,53,407,1
720,-72,237967592546,31,31,407,1
720,-71,237995820515,43,43,407,1
720,-70,238024048484,67,67,407,1
720,-69,238052276453,51,51,407,1
720,-68,238080504422,63,63,407,1
720,-67,238108732391,46,46,407,1
720,-66,238136960360,39,39,407,1
720,-65,238165188329,53,53,407,1
720,-64,238193416298,34,34,407,1
720,-63,238221644267,42,42,407,1
720,-62,238249872236,56,56,407,1
720,-61,238278100205,51,51,407,1
720,-60,238306328174,64,64,407,1
720,-59,238334556143,37,37,407,1
720,-58,238362784112,37,37,407,1
720,-57,238391012081,61,61,407,1
720,-56,238419240050,23,23,407,1
720,-55,238447468019,42,42,407,1
720,-54,238475695988,71,71,407,1
720,-53,238503923957,49,49,407,1
720,-52,238532151926,60,60,407,1
720,-51,238560379895,40,40,407,1
720,-50,238588607864,30,30,407,1
720,-49,238616835833,62,62,407,1
720,-48,238645063802,38,38,407,1
720,-47,238673291771,46,46,407,1
720,-46,238701519740,62,62,407,1
720,-45,238729747709,52,52,407,1
720,-44,238757975678,60,60,407,1
720,-43,238786203647,48,48,407,1
720,-42,238814431616,28,28,407,1
720,-41,238842659585,42,42,407,1
720,-40,238870887554,38,38,407,1
720,-39,238899115523,53,53,407,1
720,-38,238927343492,60,60,407,1
720,-37,238955571461,49,49,407,1
720,-36,238983799430,68,68,407,1
720,-35,239012027399,54,54,407,1
720,-34,239040255368,39,39,407,1
720,-33,239068483337,57,57,407,1
720,-32,239096711306,29,29,407,1
720,-31,239124939275,50,50,407,1
720,-30,239153167244,67,67,407,1
720,-29,239181395213,64,64,407,1
720,-28,239209623182,70,70,407,1
720,-27,239237851151,44,44,407,1
720,-26,239266079120,45,45,407,1
720,-25,239294307089,67,67,407,1
720,-24,239322535058,28,28,407,1
720,-23,239350763027,39,39,407,1
720,-22,239378990996,66,66,407,1
720,-21,239407218965,51,51,407,1
720,-20,239435446934,74,74,407,1
720,-19,239463674903,51,51,407,1
720,-18,239491902872,31,31,407,1
720,-17,239520130841,40,40,407,1
720,-16,239548358810,40,40,407,1
720,-15,239576586779,54,54,407,1
720,-14,239604814748,51,51,407,1
720,-13,239633042717,50,50,407,1
720,-12,239661270686,73,73,407,1
720,-11,239689498655,42,42,407,1
720,-10,239717726624,40,40,407,1
720,-9,239745954593,47,47,407,1
720,-8,239774182562,36,36,407,1
720,-7,239802410531,46,46,407,1
720,-6,239830638500,55,55,407,1
720,-5,239858866469,56,56,407,1
720,-4,239887094438,76,76,407,1
720,-3,239915322407,49,49,407,1
720,-2,239943550376,29,29,407,1
720,-1,239971778345,50,50,407,1
720,0,240000006314,34,34,407,1
720,1,240028234283,51,51,407,1
720,2,240056462252,67,67,407,1
720,3,240084690221,49,49,407,1
720,4,240112918190,70,70,407,1
720,5,240141146159,46,46,407,1
720,6,240169374128,34,34,407,1
720,7,240197602097,46,46,407,1
720,8,240225830066,37,37,407,1
720,9,240254058035,48,48,407,1
720,10,240282286004,73,73,407,1
720,11,240310513973,57,57,407,1
720,12,240338741942,68,68,407,1
720,13,240366969911,43,43,407,1
720,14,240395197880,38,38,407,1
720,15,240423425849,56,56,407,1
720,16,240451653818,25,25,407,1
720,17,240479881787,54,54,407,1
720,18,240508109756,59,59,407,1
720,19,240536337725,55,55,407,1
720,20,240564565694,63,63,407,1
720,21,240592793663,45,45,407,1
720,22,240621021632,31,31,407,1
720,23,240649249601,52,52,407,1
720,24,240677477570,40,40,407,1
720,25,240705705539,45,45,407,1
720,26,240733933508,67,67,407,1
720,27,240762161477,50,50,407,1
720,28,240790389446,70,70,407,1
720,29,240818617415,42,42,407,1
720,30,240846845384,39,39,407,1
720,31,240875073353,43,43,407,1
720,32,240903301322,38,38,407,1
720,33,240931529291,34,34,407,1
720,34,240959757260,51,51,407,1
720,35,240987985229,45,45,407,1
720,36,241016213198,57,57,407,1
720,37,241044441167,40,40,407,1
720,38,241072669136,34,34,407,1
720,39,241100897105,45,45,407,1
720,40,241129125074,29,29,407,1
720,41,241157353043,44,44,407,1
720,42,241185581012,61,61,407,1
720,43,241213808981,56,56,407,1
720,44,241242036950,66,66,407,1
720,45,241270264919,41,41,407,1
720,46,241298492888,39,39,407,1
720,47,241326720857,44,44,407,1
720,48,241354948826,28,28,407,1
720,49,241383176795,49,49,407,1
720,50,241411404764,68,68,407,1
720,51,241439632733,53,53,407,1
720,52,241467860702,64,64,407,1
720,53,241496088671,52,52,407,1
720,54,241524316640,35,35,407,1
720,55,241552544609,58,58,407,1
720,56,241580772578,32,32,407,1
720,57,241609000547,45,45,407,1
720,58,241637228516,61,61,407,1
720,59,241665456485,56,56,407,1
720,60,241693684454,65,65,407,1
720,61,241721912423,38,38,407,1
720,62,241750140392,33,33,407,1
720,63,241778368361,46,46,407,1
720,64,241806596330,24,24,407,1
720,65,241834824299,51,51,407,1
720,66,241863052268,50,50,407,1
720,67,241891280237,52,52,407,1
720,68,241919508206,69,69,407,1
720,69,241947736175,46,46,407,1
720,70,241975964144,30,30,407,1
720,71,242004192113,49,49,407,1
720,72,242032420082,33,33,407,1
720,73,242060648051,48,48,407,1
720,74,242088876020,68,68,407,1
720,75,242117103989,46,46,407,1
720,76,242145331958,66,66,407,1
720,77,242173559927,55,55,407,1
720,78,242201787896,45,45,407,1
720,79,242230015865,38,38,407,1
720,80,242258243834,31,31,407,1
720,81,242286471803,45,45,407,1
720,82,242314699772,72,72,407,1
720,83,242342927741,53,53,407,1
720,84,242371155710,70,70,407,1
720,85,242399383679,48,48,407,1
720,86,242427611648,44,44,407,1
720,87,242455839617,48,48,407,1
720,88,242484067586,16,16,407,1
720,89,242512295555,50,50,407,1
720,90,242540523524,66,66,407,1
720,91,242568751493,54,54,407,1
720,92,242596979462,60,60,407,1
720,93,242625207431,48,48,407,1
720,94,242653435400,37,37,407,1
720,95,242681663369,61,61,407,1
720,96,242709891338,35,35,407,1
720,97,242738119307,49,49,407,1
720,98,242766347276,58,58,407,1
720,99,242794575245,50,50,407,1
720,100,242822803214,75,75,407,1
720,101,242851031183,47,47,407,1
720,102,242879259152,31,31,407,1
720,103,242907487121,46,46,407,1
720,104,242935715090,34,34,407,1
720,105,242963943059,47,47,407,1
720,106,242992171028,53,53,407,1
720,107,243020398997,47,47,407,1
720,108,243048626966,71,71,407,1
720,109,243076854935,46,46,407,1
720,110,243105082904,39,39,407,1
720,111,243133310873,62,62,407,1
720,112,243161538842,28,28,407,1
720,113,243189766811,45,45,407,1
720,114,243217994780,73,73,407,1
720,115,243246222749,44,44,407,1
720,116,243274450718,67,67,407,1
720,117,243302678687,48,48,407,1
720,118,243330906656,34,34,407,1
720,119,243359134625,56,56,407,1
720,120,243387362594,34,34,407,1
720,121,243415590563,37,37,407,1
720,122,243443818532,66,66,407,1
720,123,243472046501,70,70,407,1
720,124,243500274470,72,72,407,1
720,125,243528502439,42,42,407,1
720,126,243556730408,38,38,407,1
720,127,243584958377,53,53,407,1
720,128,243613186346,34,34,407,1
